ISO-10303-21;
HEADER;
FILE_DESCRIPTION (( 'STEP AP214' ),
    '1' );
FILE_NAME ('STD46P4LLF6.STEP',
    '2025-05-22T06:34:11',
    ( '' ),
    ( '' ),
    'SwSTEP 2.0',
    'SolidWorks 2023',
    '' );
FILE_SCHEMA (( 'AUTOMOTIVE_DESIGN' ));
ENDSEC;

DATA;
#1 = CARTESIAN_POINT ( 'NONE',  ( 1.900999999999999801, 1.634999999999999343, 3.987968801573925859 ) ) ;
#2 =( NAMED_UNIT ( * ) PLANE_ANGLE_UNIT ( ) SI_UNIT ( $, .RADIAN. ) );
#3 = EDGE_CURVE ( 'NONE', #2134, #993, #403, .T. ) ;
#4 = CARTESIAN_POINT ( 'NONE',  ( -2.670999999999999819, 1.634999999999999343, 3.987968801573925859 ) ) ;
#5 = ORIENTED_EDGE ( 'NONE', *, *, #2948, .F. ) ;
#6 = ORIENTED_EDGE ( 'NONE', *, *, #66, .F. ) ;
#7 = EDGE_LOOP ( 'NONE', ( #485, #998, #1304, #840 ) ) ;
#8 = VECTOR ( 'NONE', #1393, 1000.000000000000000 ) ;
#9 = DIRECTION ( 'NONE',  ( 0.000000000000000000, -0.1736481776669323851, -0.9848077530122077983 ) ) ;
#10 = DIRECTION ( 'NONE',  ( -0.000000000000000000, 1.000000000000000000, 2.305663240866751243E-16 ) ) ;
#11 = DIRECTION ( 'NONE',  ( 0.000000000000000000, -1.000000000000000000, 4.392704819632302452E-16 ) ) ;
#12 = EDGE_LOOP ( 'NONE', ( #1401, #2601, #2882, #1630, #1588, #1204, #2071, #3668, #1420, #1798, #1323, #3250 ) ) ;
#13 = FILL_AREA_STYLE ('',( #1723 ) ) ;
#14 = ORIENTED_EDGE ( 'NONE', *, *, #2932, .T. ) ;
#15 = LINE ( 'NONE', #3008, #1472 ) ;
#16 = CARTESIAN_POINT ( 'NONE',  ( 0.3306339741569082058, -7.410644371443013689, -2.610632298677260987 ) ) ;
#17 = COLOUR_RGB ( '',1.000000000000000000, 1.000000000000000000, 1.000000000000000000 ) ;
#18 = DIRECTION ( 'NONE',  ( 0.000000000000000000, 0.000000000000000000, -1.000000000000000000 ) ) ;
#19 = FACE_OUTER_BOUND ( 'NONE', #1257, .T. ) ;
#20 = ORIENTED_EDGE ( 'NONE', *, *, #33, .T. ) ;
#21 = CARTESIAN_POINT ( 'NONE',  ( 0.4499999999999999556, 1.099999999999999423, 3.774755297230884654 ) ) ;
#22 = VECTOR ( 'NONE', #1784, 1000.000000000000000 ) ;
#23 = CARTESIAN_POINT ( 'NONE',  ( 2.670999999999999819, 0.9999999999999988898, 3.987968801573925859 ) ) ;
#24 = EDGE_CURVE ( 'NONE', #2517, #1703, #1855, .T. ) ;
#25 = PRESENTATION_LAYER_ASSIGNMENT (  '', '', ( #256 ) ) ;
#26 = CARTESIAN_POINT ( 'NONE',  ( 2.670999999999999819, 1.110266592818500042, 4.613321724736676011 ) ) ;
#27 = PRESENTATION_LAYER_ASSIGNMENT (  '', '', ( #1305 ) ) ;
#28 = DIRECTION ( 'NONE',  ( 0.000000000000000000, -4.392704819632302452E-16, -1.000000000000000000 ) ) ;
#29 = AXIS2_PLACEMENT_3D ( 'NONE', #176, #1666, #1425 ) ;
#30 = DIRECTION ( 'NONE',  ( 0.000000000000000000, 1.000000000000000000, 0.000000000000000000 ) ) ;
#31 = ORIENTED_EDGE ( 'NONE', *, *, #3115, .T. ) ;
#32 = VECTOR ( 'NONE', #2177, 1000.000000000000114 ) ;
#33 = EDGE_CURVE ( 'NONE', #162, #2881, #3637, .T. ) ;
#34 = ADVANCED_FACE ( 'NONE', ( #3583 ), #3605, .F. ) ;
#35 =( NAMED_UNIT ( * ) PLANE_ANGLE_UNIT ( ) SI_UNIT ( $, .RADIAN. ) );
#36 = ORIENTED_EDGE ( 'NONE', *, *, #3, .T. ) ;
#37 = FACE_OUTER_BOUND ( 'NONE', #1049, .T. ) ;
#38 = COLOUR_RGB ( '',0.2509803921568627416, 0.2509803921568627416, 0.2509803921568627416 ) ;
#39 = CARTESIAN_POINT ( 'NONE',  ( -2.670999999999999819, 1.017364817766692076, 4.086449576875147649 ) ) ;
#40 = CARTESIAN_POINT ( 'NONE',  ( -1.900999999999999801, 0.3049999999999999378, 5.603868991668733202 ) ) ;
#41 = FACE_OUTER_BOUND ( 'NONE', #945, .T. ) ;
#42 = ORIENTED_EDGE ( 'NONE', *, *, #3158, .T. ) ;
#43 = CARTESIAN_POINT ( 'NONE',  ( 0.3306339741569082058, 0.5300000000000001377, -2.610632298677260543 ) ) ;
#44 = ORIENTED_EDGE ( 'NONE', *, *, #2356, .T. ) ;
#45 = SURFACE_STYLE_FILL_AREA ( #1438 ) ;
#46 = CARTESIAN_POINT ( 'NONE',  ( 2.736000000000000210, 1.634999999999998677, 3.152686667747479188 ) ) ;
#47 = LINE ( 'NONE', #1, #1061 ) ;
#48 = LINE ( 'NONE', #2105, #32 ) ;
#49 = CARTESIAN_POINT ( 'NONE',  ( -1.900999999999999801, 1.634999999999999343, 3.774755297230884654 ) ) ;
#50 = FACE_OUTER_BOUND ( 'NONE', #3192, .T. ) ;
#51 = ORIENTED_EDGE ( 'NONE', *, *, #3080, .T. ) ;
#52 = EDGE_CURVE ( 'NONE', #611, #3412, #937, .T. ) ;
#53 = FILL_AREA_STYLE ('',( #3265 ) ) ;
#54 = PLANE ( 'NONE',  #1870 ) ;
#55 = CARTESIAN_POINT ( 'NONE',  ( -1.900999999999999801, 0.3049999999999999378, 5.603868991668733202 ) ) ;
#56 = FACE_OUTER_BOUND ( 'NONE', #190, .T. ) ;
#57 = EDGE_LOOP ( 'NONE', ( #369, #1435, #3664, #3173 ) ) ;
#58 = EDGE_LOOP ( 'NONE', ( #758, #766, #424, #2617 ) ) ;
#59 = ADVANCED_FACE ( 'NONE', ( #949 ), #3618, .T. ) ;
#60 = EDGE_CURVE ( 'NONE', #2943, #450, #1903, .T. ) ;
#61 = SURFACE_STYLE_USAGE ( .BOTH. , #2934 ) ;
#62 = CARTESIAN_POINT ( 'NONE',  ( -2.602499999999999591, 0.000000000000000000, -2.610632298677259211 ) ) ;
#63 = CARTESIAN_POINT ( 'NONE',  ( -0.9999999999999997780, -7.410644371443013689, -4.071131008331267509 ) ) ;
#64 = ORIENTED_EDGE ( 'NONE', *, *, #961, .F. ) ;
#65 = MECHANICAL_DESIGN_GEOMETRIC_PRESENTATION_REPRESENTATION (  '', ( #2781 ), #2095 ) ;
#66 = EDGE_CURVE ( 'NONE', #1931, #3082, #1008, .T. ) ;
#67 = VECTOR ( 'NONE', #151, 1000.000000000000000 ) ;
#68 = VERTEX_POINT ( 'NONE', #84 ) ;
#69 = VECTOR ( 'NONE', #1933, 1000.000000000000000 ) ;
#70 = DIRECTION ( 'NONE',  ( 1.000000000000000000, 0.000000000000000000, 0.000000000000000000 ) ) ;
#71 = LINE ( 'NONE', #1511, #624 ) ;
#72 = CARTESIAN_POINT ( 'NONE',  ( 2.602500000000000036, -7.410644371443013689, -3.809250792979566036 ) ) ;
#73 = SURFACE_STYLE_FILL_AREA ( #351 ) ;
#74 = MECHANICAL_DESIGN_GEOMETRIC_PRESENTATION_REPRESENTATION (  '', ( #2786 ), #2352 ) ;
#75 = ORIENTED_EDGE ( 'NONE', *, *, #2233, .F. ) ;
#76 = ORIENTED_EDGE ( 'NONE', *, *, #2582, .T. ) ;
#77 = EDGE_CURVE ( 'NONE', #953, #1882, #1252, .T. ) ;
#78 = EDGE_CURVE ( 'NONE', #559, #1389, #3693, .T. ) ;
#79 = DIRECTION ( 'NONE',  ( 0.000000000000000000, 1.417911877686119608E-16, -1.000000000000000000 ) ) ;
#80 = CARTESIAN_POINT ( 'NONE',  ( 0.000000000000000000, 0.5300000000000001377, -4.071131008331267509 ) ) ;
#81 = AXIS2_PLACEMENT_3D ( 'NONE', #3050, #2217, #1618 ) ;
#82 = FACE_OUTER_BOUND ( 'NONE', #2931, .T. ) ;
#83 = DIRECTION ( 'NONE',  ( 0.000000000000000000, 0.000000000000000000, -1.000000000000000000 ) ) ;
#84 = CARTESIAN_POINT ( 'NONE',  ( 0.000000000000000000, 2.349999999999999645, -1.473027139103570748 ) ) ;
#85 = MECHANICAL_DESIGN_GEOMETRIC_PRESENTATION_REPRESENTATION (  '', ( #3402 ), #2053 ) ;
#86 = CIRCLE ( 'NONE', #3585, 0.6675000000000018696 ) ;
#87 = DIRECTION ( 'NONE',  ( -0.000000000000000000, -1.000000000000000000, -0.000000000000000000 ) ) ;
#88 = VERTEX_POINT ( 'NONE', #204 ) ;
#89 = AXIS2_PLACEMENT_3D ( 'NONE', #1324, #2208, #1303 ) ;
#90 = FACE_OUTER_BOUND ( 'NONE', #213, .T. ) ;
#91 = CARTESIAN_POINT ( 'NONE',  ( 2.602500000000000036, 0.5300000000000001377, -3.809250792979566480 ) ) ;
#92 = AXIS2_PLACEMENT_3D ( 'NONE', #3270, #1810, #2665 ) ;
#93 = ORIENTED_EDGE ( 'NONE', *, *, #2858, .F. ) ;
#94 = CARTESIAN_POINT ( 'NONE',  ( 0.3306339741569082058, 0.000000000000000000, -2.453058714026187026 ) ) ;
#95 = VERTEX_POINT ( 'NONE', #1042 ) ;
#96 = AXIS2_PLACEMENT_3D ( 'NONE', #1951, #522, #3129 ) ;
#97 = CARTESIAN_POINT ( 'NONE',  ( -2.670999999999999819, 0.9999999999999988898, 3.987968801573925859 ) ) ;
#98 =( NAMED_UNIT ( * ) SI_UNIT ( $, .STERADIAN. ) SOLID_ANGLE_UNIT ( ) );
#99 = CARTESIAN_POINT ( 'NONE',  ( 2.736000000000000210, 1.099999999999999201, 3.774755297230884654 ) ) ;
#100 = EDGE_CURVE ( 'NONE', #2690, #3719, #2658, .T. ) ;
#101 = DIRECTION ( 'NONE',  ( 0.000000000000000000, -0.000000000000000000, 1.000000000000000000 ) ) ;
#102 = ORIENTED_EDGE ( 'NONE', *, *, #2950, .T. ) ;
#103 = CARTESIAN_POINT ( 'NONE',  ( 2.602499999999998259, 0.8173098204651394472, -2.975994656120897197 ) ) ;
#104 = CARTESIAN_POINT ( 'NONE',  ( -2.670999999999999819, 1.634999999999998899, 3.987968801573925859 ) ) ;
#105 = DIRECTION ( 'NONE',  ( 0.000000000000000000, 0.000000000000000000, -1.000000000000000000 ) ) ;
#106 = ORIENTED_EDGE ( 'NONE', *, *, #2410, .F. ) ;
#107 = EDGE_LOOP ( 'NONE', ( #1786, #501, #3293, #905 ) ) ;
#108 = UNCERTAINTY_MEASURE_WITH_UNIT (LENGTH_MEASURE( 1.000000000000000082E-05 ), #2455, 'distance_accuracy_value', 'NONE');
#109 = CARTESIAN_POINT ( 'NONE',  ( 0.000000000000000000, 2.399999999999999911, 0.000000000000000000 ) ) ;
#110 = SURFACE_STYLE_USAGE ( .BOTH. , #623 ) ;
#111 = CARTESIAN_POINT ( 'NONE',  ( 2.602500000000000480, 0.000000000000000000, -2.610632298677259655 ) ) ;
#112 = CARTESIAN_POINT ( 'NONE',  ( 0.4499999999999999556, 1.634999999999998899, 3.152686667747479632 ) ) ;
#113 = CYLINDRICAL_SURFACE ( 'NONE', #1249, 0.6675000000000018696 ) ;
#114 = EDGE_LOOP ( 'NONE', ( #3286, #1515, #1263, #3674 ) ) ;
#115 = CARTESIAN_POINT ( 'NONE',  ( 0.3849999999999998979, 1.634999999999999343, 3.774755297230884654 ) ) ;
#116 = CARTESIAN_POINT ( 'NONE',  ( 0.000000000000000000, 0.5300000000000001377, 0.000000000000000000 ) ) ;
#117 = EDGE_CURVE ( 'NONE', #1904, #2249, #2257, .T. ) ;
#118 = EDGE_CURVE ( 'NONE', #752, #665, #2872, .T. ) ;
#119 = LINE ( 'NONE', #1012, #2624 ) ;
#120 = EDGE_LOOP ( 'NONE', ( #158, #3711, #861, #230 ) ) ;
#121 =( LENGTH_UNIT ( ) NAMED_UNIT ( * ) SI_UNIT ( .MILLI., .METRE. ) );
#122 = PRESENTATION_LAYER_ASSIGNMENT (  '', '', ( #3135 ) ) ;
#123 = CARTESIAN_POINT ( 'NONE',  ( 1.900999999999999801, 0.4050000000000000822, 4.839221914831485449 ) ) ;
#124 = CARTESIAN_POINT ( 'NONE',  ( -3.270000000000000462, -4.336808689942017736E-16, -3.047500000000000320 ) ) ;
#125 = VERTEX_POINT ( 'NONE', #220 ) ;
#126 = LINE ( 'NONE', #1296, #1185 ) ;
#127 = ORIENTED_EDGE ( 'NONE', *, *, #1040, .T. ) ;
#128 = AXIS2_PLACEMENT_3D ( 'NONE', #1995, #2282, #2577 ) ;
#129 = AXIS2_PLACEMENT_3D ( 'NONE', #2532, #2846, #3681 ) ;
#130 = VECTOR ( 'NONE', #2687, 1000.000000000000000 ) ;
#131 = CARTESIAN_POINT ( 'NONE',  ( -0.3306339741569082058, 0.5300000000000001377, -2.610632298677259211 ) ) ;
#132 = VERTEX_POINT ( 'NONE', #734 ) ;
#133 = CARTESIAN_POINT ( 'NONE',  ( 0.3306339741569082058, 0.5300000000000001377, -2.453058714026187026 ) ) ;
#134 = AXIS2_PLACEMENT_3D ( 'NONE', #327, #10, #2416 ) ;
#135 = CARTESIAN_POINT ( 'NONE',  ( 0.000000000000000000, 2.349999999999999645, -1.881343345151182289 ) ) ;
#136 = DIRECTION ( 'NONE',  ( -1.000000000000000000, -0.000000000000000000, -0.000000000000000000 ) ) ;
#137 = VERTEX_POINT ( 'NONE', #1326 ) ;
#138 = ADVANCED_FACE ( 'NONE', ( #1927 ), #1398, .T. ) ;
#139 = EDGE_CURVE ( 'NONE', #539, #3412, #3743, .T. ) ;
#140 = CARTESIAN_POINT ( 'NONE',  ( 1.802500000000000213, 0.000000000000000000, -4.271131008331266798 ) ) ;
#141 = AXIS2_PLACEMENT_3D ( 'NONE', #3308, #2399, #313 ) ;
#142 = DIRECTION ( 'NONE',  ( 0.000000000000000000, -4.392704819632302452E-16, -1.000000000000000000 ) ) ;
#143 = LINE ( 'NONE', #3111, #1232 ) ;
#144 = ORIENTED_EDGE ( 'NONE', *, *, #2478, .F. ) ;
#145 = FACE_OUTER_BOUND ( 'NONE', #3103, .T. ) ;
#146 = ORIENTED_EDGE ( 'NONE', *, *, #3461, .F. ) ;
#147 = PRESENTATION_LAYER_ASSIGNMENT (  '', '', ( #2121 ) ) ;
#148 = ORIENTED_EDGE ( 'NONE', *, *, #1219, .F. ) ;
#149 = VECTOR ( 'NONE', #1103, 1000.000000000000000 ) ;
#150 = ORIENTED_EDGE ( 'NONE', *, *, #1003, .T. ) ;
#151 = DIRECTION ( 'NONE',  ( 0.000000000000000000, 1.000000000000000000, 0.000000000000000000 ) ) ;
#152 = CARTESIAN_POINT ( 'NONE',  ( 2.455000000000000515, 0.000000000000000000, 0.000000000000000000 ) ) ;
#153 = EDGE_LOOP ( 'NONE', ( #2831, #2160, #802, #150 ) ) ;
#154 = PLANE ( 'NONE',  #3589 ) ;
#155 = DIRECTION ( 'NONE',  ( -0.08682659386424085302, 0.9924325091389684106, -0.08682659386424053383 ) ) ;
#156 = ORIENTED_EDGE ( 'NONE', *, *, #1092, .T. ) ;
#157 = EDGE_CURVE ( 'NONE', #3613, #2134, #1067, .T. ) ;
#158 = ORIENTED_EDGE ( 'NONE', *, *, #464, .F. ) ;
#159 = ORIENTED_EDGE ( 'NONE', *, *, #1900, .T. ) ;
#160 = EDGE_CURVE ( 'NONE', #2889, #3130, #753, .T. ) ;
#161 = EDGE_CURVE ( 'NONE', #2849, #2776, #3424, .T. ) ;
#162 = VERTEX_POINT ( 'NONE', #2562 ) ;
#163 = CARTESIAN_POINT ( 'NONE',  ( -0.9999999999999997780, -7.410644371443013689, -4.071131008331267509 ) ) ;
#164 = DIRECTION ( 'NONE',  ( -3.618172680095672944E-16, 0.000000000000000000, -1.000000000000000000 ) ) ;
#165 = DIRECTION ( 'NONE',  ( 0.000000000000000000, 1.000000000000000000, 0.000000000000000000 ) ) ;
#166 = ORIENTED_EDGE ( 'NONE', *, *, #3208, .F. ) ;
#167 = VERTEX_POINT ( 'NONE', #490 ) ;
#168 = EDGE_CURVE ( 'NONE', #2013, #1895, #1980, .T. ) ;
#169 = VECTOR ( 'NONE', #2312, 1000.000000000000000 ) ;
#170 = CARTESIAN_POINT ( 'NONE',  ( -1.900999999999999801, 0.9999999999999988898, 5.603868991668733202 ) ) ;
#171 = EDGE_LOOP ( 'NONE', ( #3551, #1466, #3128, #2295 ) ) ;
#172 = ORIENTED_EDGE ( 'NONE', *, *, #1342, .F. ) ;
#173 = UNCERTAINTY_MEASURE_WITH_UNIT (LENGTH_MEASURE( 1.000000000000000082E-05 ), #247, 'distance_accuracy_value', 'NONE');
#174 = DIRECTION ( 'NONE',  ( 0.000000000000000000, 0.000000000000000000, -1.000000000000000000 ) ) ;
#175 = EDGE_CURVE ( 'NONE', #993, #838, #3464, .T. ) ;
#176 = CARTESIAN_POINT ( 'NONE',  ( -2.602499999999999591, 0.5300000000000001377, -2.610632298677259211 ) ) ;
#177 = VECTOR ( 'NONE', #3675, 1000.000000000000000 ) ;
#178 = AXIS2_PLACEMENT_3D ( 'NONE', #2033, #1747, #2901 ) ;
#179 = EDGE_CURVE ( 'NONE', #2318, #1829, #1635, .T. ) ;
#180 = DIRECTION ( 'NONE',  ( -1.000000000000000000, -0.000000000000000000, -0.000000000000000000 ) ) ;
#181 = VECTOR ( 'NONE', #3535, 1000.000000000000000 ) ;
#182 = VERTEX_POINT ( 'NONE', #1345 ) ;
#183 = CARTESIAN_POINT ( 'NONE',  ( 2.670999999999999819, 1.110266592818500486, 4.613321724736676011 ) ) ;
#184 = VERTEX_POINT ( 'NONE', #1382 ) ;
#185 = PRESENTATION_LAYER_ASSIGNMENT (  '', '', ( #1482 ) ) ;
#186 = DIRECTION ( 'NONE',  ( -1.000000000000000000, -0.000000000000000000, -0.000000000000000000 ) ) ;
#187 =( LENGTH_UNIT ( ) NAMED_UNIT ( * ) SI_UNIT ( .MILLI., .METRE. ) );
#188 = VERTEX_POINT ( 'NONE', #1943 ) ;
#189 = VECTOR ( 'NONE', #2074, 1000.000000000000000 ) ;
#190 = EDGE_LOOP ( 'NONE', ( #2275, #245, #2141, #2485 ) ) ;
#191 = FACE_BOUND ( 'NONE', #2397, .T. ) ;
#192 = AXIS2_PLACEMENT_3D ( 'NONE', #1822, #1507, #2992 ) ;
#193 = CARTESIAN_POINT ( 'NONE',  ( -1.900999999999999801, 1.110266592818500042, 4.613321724736676011 ) ) ;
#194 = ORIENTED_EDGE ( 'NONE', *, *, #3017, .F. ) ;
#195 = VECTOR ( 'NONE', #2207, 1000.000000000000000 ) ;
#196 = SURFACE_STYLE_USAGE ( .BOTH. , #504 ) ;
#197 = PLANE ( 'NONE',  #248 ) ;
#198 = VECTOR ( 'NONE', #1462, 1000.000000000000000 ) ;
#199 = VECTOR ( 'NONE', #2380, 1000.000000000000000 ) ;
#200 = PRESENTATION_LAYER_ASSIGNMENT (  '', '', ( #1377 ) ) ;
#201 = LINE ( 'NONE', #1381, #380 ) ;
#202 = AXIS2_PLACEMENT_3D ( 'NONE', #1775, #300, #877 ) ;
#203 = ADVANCED_FACE ( 'NONE', ( #3727 ), #812, .F. ) ;
#204 = CARTESIAN_POINT ( 'NONE',  ( 2.455000000000000515, 0.5300000000000001377, 1.003868991668733557 ) ) ;
#205 = PLANE ( 'NONE',  #1977 ) ;
#206 =( NAMED_UNIT ( * ) PLANE_ANGLE_UNIT ( ) SI_UNIT ( $, .RADIAN. ) );
#207 = EDGE_CURVE ( 'NONE', #2013, #834, #2354, .T. ) ;
#208 = ORIENTED_EDGE ( 'NONE', *, *, #2638, .T. ) ;
#209 = VERTEX_POINT ( 'NONE', #46 ) ;
#210 = FILL_AREA_STYLE ('',( #1680 ) ) ;
#211 = DIRECTION ( 'NONE',  ( 1.000000000000000000, 0.000000000000000000, -0.000000000000000000 ) ) ;
#212 = FACE_OUTER_BOUND ( 'NONE', #3186, .T. ) ;
#213 = EDGE_LOOP ( 'NONE', ( #2052, #706, #1470, #2510, #1605, #3150, #529, #75, #2094, #2339, #2345, #2529 ) ) ;
#214 = EDGE_LOOP ( 'NONE', ( #1554, #3595, #1127, #3328 ) ) ;
#215 = UNCERTAINTY_MEASURE_WITH_UNIT (LENGTH_MEASURE( 1.000000000000000082E-05 ), #1502, 'distance_accuracy_value', 'NONE');
#216 = DIRECTION ( 'NONE',  ( 0.000000000000000000, 0.000000000000000000, -1.000000000000000000 ) ) ;
#217 = CARTESIAN_POINT ( 'NONE',  ( -3.060027207537798777, 2.400000000000000799, -3.047500000000000320 ) ) ;
#218 =( NAMED_UNIT ( * ) PLANE_ANGLE_UNIT ( ) SI_UNIT ( $, .RADIAN. ) );
#219 = EDGE_LOOP ( 'NONE', ( #2919, #3188, #1088, #3649 ) ) ;
#220 = CARTESIAN_POINT ( 'NONE',  ( 0.3306339741569080393, 0.000000000000000000, -2.610632298677260987 ) ) ;
#221 = DIRECTION ( 'NONE',  ( 0.000000000000000000, -0.000000000000000000, 1.000000000000000000 ) ) ;
#222 = SURFACE_STYLE_FILL_AREA ( #1760 ) ;
#223 = CARTESIAN_POINT ( 'NONE',  ( 1.900999999999999801, -0.2299999999999999545, 4.839221914831485449 ) ) ;
#224 = ORIENTED_EDGE ( 'NONE', *, *, #3281, .F. ) ;
#225 = EDGE_LOOP ( 'NONE', ( #3572, #2814, #1077, #1533 ) ) ;
#226 = DIRECTION ( 'NONE',  ( 0.000000000000000000, -1.000000000000000000, -1.417911877686119608E-16 ) ) ;
#227 = EDGE_CURVE ( 'NONE', #659, #2776, #3557, .T. ) ;
#228 = EDGE_CURVE ( 'NONE', #502, #2590, #2041, .T. ) ;
#229 = LINE ( 'NONE', #2616, #1108 ) ;
#230 = ORIENTED_EDGE ( 'NONE', *, *, #3650, .F. ) ;
#231 = VERTEX_POINT ( 'NONE', #1711 ) ;
#232 = DIRECTION ( 'NONE',  ( 0.9961946980917461003, -0.08715574274765149065, 0.000000000000000000 ) ) ;
#233 = CARTESIAN_POINT ( 'NONE',  ( -1.900999999999999801, 1.099999999999999201, 3.047499999999999432 ) ) ;
#234 = DIRECTION ( 'NONE',  ( 0.000000000000000000, 0.9961946980917461003, -0.08715574274765111595 ) ) ;
#235 = ORIENTED_EDGE ( 'NONE', *, *, #3157, .F. ) ;
#236 = VECTOR ( 'NONE', #3407, 1000.000000000000000 ) ;
#237 = ORIENTED_EDGE ( 'NONE', *, *, #3553, .F. ) ;
#238 = VECTOR ( 'NONE', #3609, 1000.000000000000000 ) ;
#239 = ADVANCED_FACE ( 'NONE', ( #1475 ), #2392, .F. ) ;
#240 = LINE ( 'NONE', #813, #2495 ) ;
#241 = STYLED_ITEM ( 'NONE', ( #3299 ), #715 ) ;
#242 = CARTESIAN_POINT ( 'NONE',  ( -1.900999999999999801, 1.634999999999998455, 3.987968801573925859 ) ) ;
#243 = FILL_AREA_STYLE_COLOUR ( '', #794 ) ;
#244 = PRESENTATION_LAYER_ASSIGNMENT (  '', '', ( #2669 ) ) ;
#245 = ORIENTED_EDGE ( 'NONE', *, *, #1091, .T. ) ;
#246 =( LENGTH_UNIT ( ) NAMED_UNIT ( * ) SI_UNIT ( .MILLI., .METRE. ) );
#247 =( LENGTH_UNIT ( ) NAMED_UNIT ( * ) SI_UNIT ( .MILLI., .METRE. ) );
#248 = AXIS2_PLACEMENT_3D ( 'NONE', #526, #3474, #2886 ) ;
#249 = CARTESIAN_POINT ( 'NONE',  ( -1.835999999999999854, 1.634999999999998455, 3.774755297230884654 ) ) ;
#250 = ORIENTED_EDGE ( 'NONE', *, *, #580, .T. ) ;
#251 = UNCERTAINTY_MEASURE_WITH_UNIT (LENGTH_MEASURE( 1.000000000000000082E-05 ), #3319, 'distance_accuracy_value', 'NONE');
#252 = EDGE_CURVE ( 'NONE', #3792, #1970, #2647, .T. ) ;
#253 = ADVANCED_FACE ( 'NONE', ( #282 ), #1456, .T. ) ;
#254 = CARTESIAN_POINT ( 'NONE',  ( -1.000000000000000000, 0.000000000000000000, -4.271131008331265910 ) ) ;
#255 = DIRECTION ( 'NONE',  ( -0.000000000000000000, 1.000000000000000000, 0.000000000000000000 ) ) ;
#256 = STYLED_ITEM ( 'NONE', ( #3182 ), #1914 ) ;
#257 = LINE ( 'NONE', #275, #3631 ) ;
#258 = DIRECTION ( 'NONE',  ( 0.000000000000000000, 0.000000000000000000, -1.000000000000000000 ) ) ;
#259 = LINE ( 'NONE', #2668, #870 ) ;
#260 = VECTOR ( 'NONE', #2636, 1000.000000000000000 ) ;
#261 = AXIS2_PLACEMENT_3D ( 'NONE', #1727, #564, #3215 ) ;
#262 =( GEOMETRIC_REPRESENTATION_CONTEXT ( 3 ) GLOBAL_UNCERTAINTY_ASSIGNED_CONTEXT ( ( #978 ) ) GLOBAL_UNIT_ASSIGNED_CONTEXT ( ( #2155, #935, #1562 ) ) REPRESENTATION_CONTEXT ( 'NONE', 'WORKASPACE' ) );
#263 = COLOUR_RGB ( '',0.2509803921568627416, 0.2509803921568627416, 0.2509803921568627416 ) ;
#264 = CARTESIAN_POINT ( 'NONE',  ( 2.455000000000000515, -7.410644371443013689, -2.610632298677259655 ) ) ;
#265 = LINE ( 'NONE', #2607, #748 ) ;
#266 = DIRECTION ( 'NONE',  ( -0.000000000000000000, -1.000000000000000000, -0.000000000000000000 ) ) ;
#267 = CARTESIAN_POINT ( 'NONE',  ( 1.802500000000000435, -7.410644371443013689, -4.271131008331266798 ) ) ;
#268 = STYLED_ITEM ( 'NONE', ( #3212 ), #3365 ) ;
#269 = FILL_AREA_STYLE_COLOUR ( '', #683 ) ;
#270 = CARTESIAN_POINT ( 'NONE',  ( -2.602499999999999591, -7.410644371443013689, -2.610632298677259211 ) ) ;
#271 = ORIENTED_EDGE ( 'NONE', *, *, #541, .F. ) ;
#272 = DIRECTION ( 'NONE',  ( 1.000000000000000000, 0.000000000000000000, -1.199835977794570052E-16 ) ) ;
#273 = ORIENTED_EDGE ( 'NONE', *, *, #2984, .T. ) ;
#274 = SURFACE_STYLE_FILL_AREA ( #1996 ) ;
#275 = CARTESIAN_POINT ( 'NONE',  ( 2.455000000000000959, 0.5300000000000001377, 0.000000000000000000 ) ) ;
#276 = CARTESIAN_POINT ( 'NONE',  ( -0.4499999999999999001, 1.099999999999998979, 3.774755297230884654 ) ) ;
#277 = ORIENTED_EDGE ( 'NONE', *, *, #1648, .T. ) ;
#278 = CARTESIAN_POINT ( 'NONE',  ( -2.670999999999999819, 0.4050000000000000822, 4.839221914831485449 ) ) ;
#279 = LINE ( 'NONE', #298, #1610 ) ;
#280 = EDGE_CURVE ( 'NONE', #1970, #1917, #1788, .T. ) ;
#281 = EDGE_CURVE ( 'NONE', #641, #611, #1535, .T. ) ;
#282 = FACE_OUTER_BOUND ( 'NONE', #727, .T. ) ;
#283 = CARTESIAN_POINT ( 'NONE',  ( -3.270000000000000462, 0.5299999999999999156, -3.001131008331264116 ) ) ;
#284 = CARTESIAN_POINT ( 'NONE',  ( 2.670999999999999819, 1.634999999999999343, 3.774755297230884654 ) ) ;
#285 = ORIENTED_EDGE ( 'NONE', *, *, #1075, .F. ) ;
#286 = PRESENTATION_STYLE_ASSIGNMENT (( #1444 ) ) ;
#287 = DIRECTION ( 'NONE',  ( 0.000000000000000000, -0.000000000000000000, 1.000000000000000000 ) ) ;
#288 = FACE_OUTER_BOUND ( 'NONE', #12, .T. ) ;
#289 = ORIENTED_EDGE ( 'NONE', *, *, #2540, .T. ) ;
#290 = LINE ( 'NONE', #249, #260 ) ;
#291 = EDGE_LOOP ( 'NONE', ( #166, #3037, #3100, #3282 ) ) ;
#292 = ADVANCED_FACE ( 'NONE', ( #3577 ), #3019, .T. ) ;
#293 = DIRECTION ( 'NONE',  ( -1.000000000000000000, -0.000000000000000000, -0.000000000000000000 ) ) ;
#294 = CARTESIAN_POINT ( 'NONE',  ( 2.670999999999999819, 1.634999999999998899, 3.152686667747479632 ) ) ;
#295 = DIRECTION ( 'NONE',  ( -1.000000000000000000, 0.000000000000000000, -0.000000000000000000 ) ) ;
#296 = DIRECTION ( 'NONE',  ( 0.000000000000000000, 0.08715574274765169882, -0.9961946980917461003 ) ) ;
#297 = EDGE_CURVE ( 'NONE', #2761, #2517, #2653, .T. ) ;
#298 = CARTESIAN_POINT ( 'NONE',  ( 2.455000000000000959, 0.5300000000000001377, 1.003868991668733335 ) ) ;
#299 = ADVANCED_FACE ( 'NONE', ( #1282 ), #2445, .F. ) ;
#300 = DIRECTION ( 'NONE',  ( 1.000000000000000000, 0.000000000000000000, 0.000000000000000000 ) ) ;
#301 = DIRECTION ( 'NONE',  ( 0.000000000000000000, 0.000000000000000000, -1.000000000000000000 ) ) ;
#302 = CIRCLE ( 'NONE', #178, 0.6675000000000018696 ) ;
#303 = PRESENTATION_LAYER_ASSIGNMENT (  '', '', ( #2524 ) ) ;
#304 = CARTESIAN_POINT ( 'NONE',  ( -0.3306339741569084278, 0.000000000000000000, -2.610632298677259211 ) ) ;
#305 = ORIENTED_EDGE ( 'NONE', *, *, #2701, .T. ) ;
#306 = VECTOR ( 'NONE', #2441, 1000.000000000000000 ) ;
#307 = CARTESIAN_POINT ( 'NONE',  ( 0.4499999999999999556, 1.099999999999999201, 3.152686667747479632 ) ) ;
#308 = CYLINDRICAL_SURFACE ( 'NONE', #3700, 0.4083162060476116517 ) ;
#309 = PRESENTATION_STYLE_ASSIGNMENT (( #2880 ) ) ;
#310 = VERTEX_POINT ( 'NONE', #355 ) ;
#311 = COLOUR_RGB ( '',0.2509803921568627416, 0.2509803921568627416, 0.2509803921568627416 ) ;
#312 = CARTESIAN_POINT ( 'NONE',  ( 2.670999999999999819, 1.017364817766692076, 4.086449576875148537 ) ) ;
#313 = DIRECTION ( 'NONE',  ( 6.497091670325101930E-16, 0.000000000000000000, 1.000000000000000000 ) ) ;
#314 = PRESENTATION_LAYER_ASSIGNMENT (  '', '', ( #1359 ) ) ;
#315 = PLANE ( 'NONE',  #609 ) ;
#316 = EDGE_CURVE ( 'NONE', #450, #184, #3632, .T. ) ;
#317 = ORIENTED_EDGE ( 'NONE', *, *, #2991, .F. ) ;
#318 = LINE ( 'NONE', #43, #1564 ) ;
#319 = VECTOR ( 'NONE', #842, 1000.000000000000000 ) ;
#320 = FACE_OUTER_BOUND ( 'NONE', #1066, .T. ) ;
#321 =( GEOMETRIC_REPRESENTATION_CONTEXT ( 3 ) GLOBAL_UNCERTAINTY_ASSIGNED_CONTEXT ( ( #1918 ) ) GLOBAL_UNIT_ASSIGNED_CONTEXT ( ( #1484, #591, #896 ) ) REPRESENTATION_CONTEXT ( 'NONE', 'WORKASPACE' ) );
#322 = VECTOR ( 'NONE', #180, 1000.000000000000000 ) ;
#323 = DIRECTION ( 'NONE',  ( -1.324890638475158102E-16, 0.000000000000000000, -1.000000000000000000 ) ) ;
#324 = VECTOR ( 'NONE', #1841, 1000.000000000000000 ) ;
#325 = FILL_AREA_STYLE_COLOUR ( '', #3462 ) ;
#326 = STYLED_ITEM ( 'NONE', ( #1963 ), #2916 ) ;
#327 = CARTESIAN_POINT ( 'NONE',  ( 2.670999999999999819, 1.099999999999999201, 3.047499999999999432 ) ) ;
#328 = EDGE_CURVE ( 'NONE', #2323, #2633, #1868, .T. ) ;
#329 = ORIENTED_EDGE ( 'NONE', *, *, #1598, .F. ) ;
#330 = CARTESIAN_POINT ( 'NONE',  ( 0.4499999999999999556, 1.099999999999999201, 3.152686667747479632 ) ) ;
#331 = VERTEX_POINT ( 'NONE', #2124 ) ;
#332 = VECTOR ( 'NONE', #845, 1000.000000000000000 ) ;
#333 = DIRECTION ( 'NONE',  ( 1.000000000000000000, 0.000000000000000000, 0.000000000000000000 ) ) ;
#334 = CARTESIAN_POINT ( 'NONE',  ( -1.900999999999999801, 1.110266592818500042, 4.613321724736676011 ) ) ;
#335 = LINE ( 'NONE', #1512, #130 ) ;
#336 = VERTEX_POINT ( 'NONE', #62 ) ;
#337 = VERTEX_POINT ( 'NONE', #2137 ) ;
#338 = CARTESIAN_POINT ( 'NONE',  ( 3.270000000000000462, -2.168404344971008868E-16, -2.380000000000002114 ) ) ;
#339 = EDGE_CURVE ( 'NONE', #2655, #733, #660, .T. ) ;
#340 =( NAMED_UNIT ( * ) PLANE_ANGLE_UNIT ( ) SI_UNIT ( $, .RADIAN. ) );
#341 =( LENGTH_UNIT ( ) NAMED_UNIT ( * ) SI_UNIT ( .MILLI., .METRE. ) );
#342 = ORIENTED_EDGE ( 'NONE', *, *, #2628, .T. ) ;
#343 = PLANE ( 'NONE',  #1922 ) ;
#344 = ORIENTED_EDGE ( 'NONE', *, *, #3025, .F. ) ;
#345 =( LENGTH_UNIT ( ) NAMED_UNIT ( * ) SI_UNIT ( .MILLI., .METRE. ) );
#346 = ORIENTED_EDGE ( 'NONE', *, *, #3115, .F. ) ;
#347 = CARTESIAN_POINT ( 'NONE',  ( 2.670999999999999819, 1.099999999999999201, 3.047499999999999432 ) ) ;
#348 = EDGE_CURVE ( 'NONE', #2574, #2889, #1558, .T. ) ;
#349 = LINE ( 'NONE', #1234, #1250 ) ;
#350 = CARTESIAN_POINT ( 'NONE',  ( 1.802500000000000213, 0.5300000000000001377, -4.271131008331266798 ) ) ;
#351 = FILL_AREA_STYLE ('',( #2717 ) ) ;
#352 = ORIENTED_EDGE ( 'NONE', *, *, #2506, .F. ) ;
#353 = CARTESIAN_POINT ( 'NONE',  ( -1.835999999999999854, 1.634999999999998677, 3.152686667747479188 ) ) ;
#354 = ORIENTED_EDGE ( 'NONE', *, *, #2122, .T. ) ;
#355 = CARTESIAN_POINT ( 'NONE',  ( -2.735999999999999766, 1.634999999999998899, 3.152686667747479632 ) ) ;
#356 =( NAMED_UNIT ( * ) PLANE_ANGLE_UNIT ( ) SI_UNIT ( $, .RADIAN. ) );
#357 = PLANE ( 'NONE',  #2667 ) ;
#358 = DIRECTION ( 'NONE',  ( -0.000000000000000000, -1.000000000000000000, -0.000000000000000000 ) ) ;
#359 =( GEOMETRIC_REPRESENTATION_CONTEXT ( 3 ) GLOBAL_UNCERTAINTY_ASSIGNED_CONTEXT ( ( #1090 ) ) GLOBAL_UNIT_ASSIGNED_CONTEXT ( ( #2429, #929, #960 ) ) REPRESENTATION_CONTEXT ( 'NONE', 'WORKASPACE' ) );
#360 = PRESENTATION_STYLE_ASSIGNMENT (( #2395 ) ) ;
#361 = VECTOR ( 'NONE', #767, 1000.000000000000000 ) ;
#362 = ORIENTED_EDGE ( 'NONE', *, *, #1886, .T. ) ;
#363 = LINE ( 'NONE', #3607, #1431 ) ;
#364 = VECTOR ( 'NONE', #3472, 1000.000000000000000 ) ;
#365 = DIRECTION ( 'NONE',  ( -0.000000000000000000, -0.000000000000000000, 1.000000000000000000 ) ) ;
#366 = DIRECTION ( 'NONE',  ( 0.000000000000000000, 0.000000000000000000, 1.000000000000000000 ) ) ;
#367 = CARTESIAN_POINT ( 'NONE',  ( -1.900999999999999801, 0.3050000000000000488, 4.839221914831485449 ) ) ;
#368 = COLOUR_RGB ( '',0.2509803921568627416, 0.2509803921568627416, 0.2509803921568627416 ) ;
#369 = ORIENTED_EDGE ( 'NONE', *, *, #1665, .F. ) ;
#370 = ADVANCED_FACE ( 'NONE', ( #1244 ), #3277, .F. ) ;
#371 = SURFACE_STYLE_USAGE ( .BOTH. , #430 ) ;
#372 = VERTEX_POINT ( 'NONE', #397 ) ;
#373 = VECTOR ( 'NONE', #3718, 1000.000000000000000 ) ;
#374 = AXIS2_PLACEMENT_3D ( 'NONE', #3032, #3055, #105 ) ;
#375 = CARTESIAN_POINT ( 'NONE',  ( -2.602500000000000036, 0.5300000000000001377, 0.000000000000000000 ) ) ;
#376 = LINE ( 'NONE', #2138, #2112 ) ;
#377 = VECTOR ( 'NONE', #610, 1000.000000000000000 ) ;
#378 = FILL_AREA_STYLE_COLOUR ( '', #1540 ) ;
#379 = CARTESIAN_POINT ( 'NONE',  ( 1.835999999999999854, 1.099999999999999201, 3.152686667747479188 ) ) ;
#380 = VECTOR ( 'NONE', #2580, 1000.000000000000000 ) ;
#381 = DIRECTION ( 'NONE',  ( 0.000000000000000000, 1.000000000000000000, 0.000000000000000000 ) ) ;
#382 = VECTOR ( 'NONE', #1689, 1000.000000000000000 ) ;
#383 = FACE_BOUND ( 'NONE', #2650, .T. ) ;
#384 = PRODUCT_DEFINITION_SHAPE ( 'NONE', 'NONE',  #622 ) ;
#385 = ORIENTED_EDGE ( 'NONE', *, *, #3435, .T. ) ;
#386 = SURFACE_STYLE_USAGE ( .BOTH. , #1600 ) ;
#387 = VECTOR ( 'NONE', #1797, 1000.000000000000000 ) ;
#388 = COLOUR_RGB ( '',0.2509803921568627416, 0.2509803921568627416, 0.2509803921568627416 ) ;
#389 = CARTESIAN_POINT ( 'NONE',  ( 0.000000000000000000, 2.349999999999999645, -1.473027139103570748 ) ) ;
#390 = CARTESIAN_POINT ( 'NONE',  ( 3.060027207537798777, 2.400000000000001688, -3.047500000000000320 ) ) ;
#391 = LINE ( 'NONE', #3644, #2415 ) ;
#392 = CARTESIAN_POINT ( 'NONE',  ( -1.900999999999999801, 0.3049999999999999933, 5.603868991668734090 ) ) ;
#393 =( GEOMETRIC_REPRESENTATION_CONTEXT ( 3 ) GLOBAL_UNCERTAINTY_ASSIGNED_CONTEXT ( ( #675 ) ) GLOBAL_UNIT_ASSIGNED_CONTEXT ( ( #2404, #2706, #2643 ) ) REPRESENTATION_CONTEXT ( 'NONE', 'WORKASPACE' ) );
#394 = EDGE_LOOP ( 'NONE', ( #1766, #1320, #385, #2537 ) ) ;
#395 = DIRECTION ( 'NONE',  ( 0.000000000000000000, 0.000000000000000000, -1.000000000000000000 ) ) ;
#396 = ORIENTED_EDGE ( 'NONE', *, *, #1429, .F. ) ;
#397 = CARTESIAN_POINT ( 'NONE',  ( 1.900999999999999801, 1.099999999999998979, 3.987968801573925859 ) ) ;
#398 = EDGE_CURVE ( 'NONE', #2881, #844, #2985, .T. ) ;
#399 = ADVANCED_FACE ( 'NONE', ( #645 ), #1575, .T. ) ;
#400 = FILL_AREA_STYLE ('',( #1923 ) ) ;
#401 = CARTESIAN_POINT ( 'NONE',  ( -2.454999999999999183, 0.000000000000000000, 1.003868991668733779 ) ) ;
#402 = ORIENTED_EDGE ( 'NONE', *, *, #339, .T. ) ;
#403 = LINE ( 'NONE', #717, #3494 ) ;
#404 = DIRECTION ( 'NONE',  ( -0.000000000000000000, -1.000000000000000000, -0.000000000000000000 ) ) ;
#405 = ORIENTED_EDGE ( 'NONE', *, *, #2967, .F. ) ;
#406 = VERTEX_POINT ( 'NONE', #254 ) ;
#407 = CARTESIAN_POINT ( 'NONE',  ( 2.670999999999999819, 1.099999999999999201, 3.047499999999999432 ) ) ;
#408 = FILL_AREA_STYLE ('',( #1332 ) ) ;
#409 = CARTESIAN_POINT ( 'NONE',  ( 1.000000000000000222, -7.410644371443013689, -4.071131008331267509 ) ) ;
#410 = CARTESIAN_POINT ( 'NONE',  ( 2.670999999999999819, 1.099999999999999201, 3.774755297230884654 ) ) ;
#411 = ORIENTED_EDGE ( 'NONE', *, *, #3381, .T. ) ;
#412 =( NAMED_UNIT ( * ) SI_UNIT ( $, .STERADIAN. ) SOLID_ANGLE_UNIT ( ) );
#413 = ORIENTED_EDGE ( 'NONE', *, *, #438, .F. ) ;
#414 = UNCERTAINTY_MEASURE_WITH_UNIT (LENGTH_MEASURE( 1.000000000000000082E-05 ), #3136, 'distance_accuracy_value', 'NONE');
#415 = EDGE_CURVE ( 'NONE', #3776, #2574, #1705, .T. ) ;
#416 = LINE ( 'NONE', #2780, #2857 ) ;
#417 = CARTESIAN_POINT ( 'NONE',  ( 2.735999999999999766, 1.099999999999999201, 3.152686667747479632 ) ) ;
#418 = ADVANCED_FACE ( 'NONE', ( #763 ), #3738, .T. ) ;
#419 = ADVANCED_FACE ( 'NONE', ( #3131 ), #1078, .F. ) ;
#420 = ORIENTED_EDGE ( 'NONE', *, *, #328, .F. ) ;
#421 = CARTESIAN_POINT ( 'NONE',  ( -0.4499999999999999556, 1.099999999999999423, 0.000000000000000000 ) ) ;
#422 = LINE ( 'NONE', #3640, #2430 ) ;
#423 = ORIENTED_EDGE ( 'NONE', *, *, #3146, .T. ) ;
#424 = ORIENTED_EDGE ( 'NONE', *, *, #1142, .T. ) ;
#425 = LINE ( 'NONE', #2816, #2097 ) ;
#426 =( NAMED_UNIT ( * ) PLANE_ANGLE_UNIT ( ) SI_UNIT ( $, .RADIAN. ) );
#427 = DIRECTION ( 'NONE',  ( 1.000000000000000000, 0.000000000000000000, 0.000000000000000000 ) ) ;
#428 = DIRECTION ( 'NONE',  ( -0.000000000000000000, 4.392704819632302452E-16, 1.000000000000000000 ) ) ;
#429 = VERTEX_POINT ( 'NONE', #2268 ) ;
#430 = SURFACE_SIDE_STYLE ('',( #3362 ) ) ;
#431 = CARTESIAN_POINT ( 'NONE',  ( -1.835999999999999854, 1.099999999999999201, 3.152686667747479632 ) ) ;
#432 = CIRCLE ( 'NONE', #3272, 0.1000000000000002554 ) ;
#433 = STYLED_ITEM ( 'NONE', ( #1016 ), #1623 ) ;
#434 =( NAMED_UNIT ( * ) PLANE_ANGLE_UNIT ( ) SI_UNIT ( $, .RADIAN. ) );
#435 = ORIENTED_EDGE ( 'NONE', *, *, #316, .F. ) ;
#436 = AXIS2_PLACEMENT_3D ( 'NONE', #2527, #2006, #1697 ) ;
#437 = CARTESIAN_POINT ( 'NONE',  ( -1.900999999999999801, -0.2300000000000000100, 4.839221914831485449 ) ) ;
#438 = EDGE_CURVE ( 'NONE', #167, #1874, #3756, .T. ) ;
#439 = AXIS2_PLACEMENT_3D ( 'NONE', #23, #3538, #1221 ) ;
#440 = ORIENTED_EDGE ( 'NONE', *, *, #510, .T. ) ;
#441 = CARTESIAN_POINT ( 'NONE',  ( 2.613892081605987183, 1.624180413938984380, -2.905402626259506960 ) ) ;
#442 = SURFACE_STYLE_USAGE ( .BOTH. , #3091 ) ;
#443 = VECTOR ( 'NONE', #255, 1000.000000000000000 ) ;
#444 = EDGE_CURVE ( 'NONE', #764, #2943, #2850, .T. ) ;
#445 = EDGE_CURVE ( 'NONE', #3271, #3792, #1972, .T. ) ;
#446 = DIRECTION ( 'NONE',  ( -0.000000000000000000, -1.000000000000000000, -0.000000000000000000 ) ) ;
#447 = LINE ( 'NONE', #1626, #787 ) ;
#448 = EDGE_LOOP ( 'NONE', ( #3320, #2092, #413, #224, #1634, #2666, #3065, #2893, #352, #1679, #3584, #2898 ) ) ;
#449 = DIRECTION ( 'NONE',  ( 1.000000000000000000, 0.000000000000000000, -0.000000000000000000 ) ) ;
#450 = VERTEX_POINT ( 'NONE', #825 ) ;
#451 = UNCERTAINTY_MEASURE_WITH_UNIT (LENGTH_MEASURE( 1.000000000000000082E-05 ), #2344, 'distance_accuracy_value', 'NONE');
#452 = AXIS2_PLACEMENT_3D ( 'NONE', #1806, #594, #2738 ) ;
#453 =( BOUNDED_CURVE ( )  B_SPLINE_CURVE ( 3, ( #2757, #441, #103, #465 ),
 .UNSPECIFIED., .F., .T. ) 
 B_SPLINE_CURVE_WITH_KNOTS ( ( 4, 4 ),
 ( 1.250796937180120860, 1.570796326794894116 ),
 .UNSPECIFIED. ) 
 CURVE ( )  GEOMETRIC_REPRESENTATION_ITEM ( )  RATIONAL_B_SPLINE_CURVE ( ( 1.000000000000000000, 0.9914848879988804597, 0.9914848879988804597, 1.000000000000000000 ) ) 
 REPRESENTATION_ITEM ( '' )  );
#454 = CARTESIAN_POINT ( 'NONE',  ( -2.602500000000000036, 4.336808689942017736E-16, -3.809250792979566036 ) ) ;
#455 = CIRCLE ( 'NONE', #2181, 0.6350000000000001199 ) ;
#456 = VECTOR ( 'NONE', #1846, 1000.000000000000000 ) ;
#457 = CARTESIAN_POINT ( 'NONE',  ( 0.3849999999999998979, 1.634999999999999343, 3.987968801573925859 ) ) ;
#458 = ORIENTED_EDGE ( 'NONE', *, *, #3476, .T. ) ;
#459 = EDGE_CURVE ( 'NONE', #1217, #838, #2639, .T. ) ;
#460 = DIRECTION ( 'NONE',  ( 0.000000000000000000, 1.000000000000000000, 0.000000000000000000 ) ) ;
#461 =( NAMED_UNIT ( * ) PLANE_ANGLE_UNIT ( ) SI_UNIT ( $, .RADIAN. ) );
#462 = CARTESIAN_POINT ( 'NONE',  ( -3.270000000000000462, 3.614007241618347908E-17, 2.951262470121494008 ) ) ;
#463 = EDGE_LOOP ( 'NONE', ( #235, #3295, #2329, #777 ) ) ;
#464 = EDGE_CURVE ( 'NONE', #1335, #1036, #302, .T. ) ;
#465 = CARTESIAN_POINT ( 'NONE',  ( 2.602499999999999591, -1.928172848251942818E-14, -3.047500000000002096 ) ) ;
#466 = PLANE ( 'NONE',  #374 ) ;
#467 = SURFACE_SIDE_STYLE ('',( #73 ) ) ;
#468 = ORIENTED_EDGE ( 'NONE', *, *, #1412, .F. ) ;
#469 = EDGE_LOOP ( 'NONE', ( #1360, #1048, #250, #3007 ) ) ;
#470 = EDGE_CURVE ( 'NONE', #2196, #2319, #3400, .T. ) ;
#471 = EDGE_CURVE ( 'NONE', #3337, #2870, #3214, .T. ) ;
#472 = PLANE ( 'NONE',  #29 ) ;
#473 = LINE ( 'NONE', #2254, #738 ) ;
#474 = DIRECTION ( 'NONE',  ( 1.000000000000000000, 0.000000000000000000, 0.000000000000000000 ) ) ;
#475 = ORIENTED_EDGE ( 'NONE', *, *, #537, .T. ) ;
#476 = DIRECTION ( 'NONE',  ( 0.000000000000000000, -1.000000000000000000, 0.000000000000000000 ) ) ;
#477 = CARTESIAN_POINT ( 'NONE',  ( 2.670999999999999819, 1.634999999999998899, 3.152686667747479632 ) ) ;
#478 = PRESENTATION_STYLE_ASSIGNMENT (( #494 ) ) ;
#479 = VERTEX_POINT ( 'NONE', #2251 ) ;
#480 = ORIENTED_EDGE ( 'NONE', *, *, #2213, .T. ) ;
#481 =( NAMED_UNIT ( * ) SI_UNIT ( $, .STERADIAN. ) SOLID_ANGLE_UNIT ( ) );
#482 = PRESENTATION_STYLE_ASSIGNMENT (( #2010 ) ) ;
#483 = LINE ( 'NONE', #193, #1916 ) ;
#484 = ORIENTED_EDGE ( 'NONE', *, *, #1361, .T. ) ;
#485 = ORIENTED_EDGE ( 'NONE', *, *, #1688, .T. ) ;
#486 = DIRECTION ( 'NONE',  ( 1.000000000000000000, -0.000000000000000000, 0.000000000000000000 ) ) ;
#487 = EDGE_CURVE ( 'NONE', #3621, #3271, #3018, .T. ) ;
#488 = DIRECTION ( 'NONE',  ( 1.000000000000000000, 0.000000000000000000, 0.000000000000000000 ) ) ;
#489 = AXIS2_PLACEMENT_3D ( 'NONE', #2187, #1570, #2758 ) ;
#490 = CARTESIAN_POINT ( 'NONE',  ( -2.670999999999999819, 1.634999999999998899, 3.152686667747479632 ) ) ;
#491 = CARTESIAN_POINT ( 'NONE',  ( -1.900999999999999801, 1.634999999999998899, 3.000693565013633712 ) ) ;
#492 = DIRECTION ( 'NONE',  ( 0.000000000000000000, 0.000000000000000000, 1.000000000000000000 ) ) ;
#493 = CARTESIAN_POINT ( 'NONE',  ( 1.900999999999999801, 0.9999999999999988898, 3.774755297230884654 ) ) ;
#494 = SURFACE_STYLE_USAGE ( .BOTH. , #1945 ) ;
#495 = ORIENTED_EDGE ( 'NONE', *, *, #2628, .F. ) ;
#496 = ORIENTED_EDGE ( 'NONE', *, *, #2448, .F. ) ;
#497 = DIRECTION ( 'NONE',  ( -1.000000000000000000, 0.000000000000000000, -0.000000000000000000 ) ) ;
#498 = AXIS2_PLACEMENT_3D ( 'NONE', #1907, #3085, #3677 ) ;
#499 =( NAMED_UNIT ( * ) SI_UNIT ( $, .STERADIAN. ) SOLID_ANGLE_UNIT ( ) );
#500 = FACE_OUTER_BOUND ( 'NONE', #658, .T. ) ;
#501 = ORIENTED_EDGE ( 'NONE', *, *, #118, .T. ) ;
#502 = VERTEX_POINT ( 'NONE', #593 ) ;
#503 = MECHANICAL_DESIGN_GEOMETRIC_PRESENTATION_REPRESENTATION (  '', ( #1305 ), #1985 ) ;
#504 = SURFACE_SIDE_STYLE ('',( #1450 ) ) ;
#505 = LINE ( 'NONE', #2640, #2426 ) ;
#506 = VECTOR ( 'NONE', #663, 1000.000000000000000 ) ;
#507 = CARTESIAN_POINT ( 'NONE',  ( -3.270000000000000462, 0.2729521465632480104, 3.119857311369159003 ) ) ;
#508 = VECTOR ( 'NONE', #881, 1000.000000000000000 ) ;
#509 = ORIENTED_EDGE ( 'NONE', *, *, #1543, .T. ) ;
#510 = EDGE_CURVE ( 'NONE', #3171, #1700, #1233, .T. ) ;
#511 = AXIS2_PLACEMENT_3D ( 'NONE', #3266, #293, #1468 ) ;
#512 = CARTESIAN_POINT ( 'NONE',  ( -0.3849999999999998979, 1.634999999999998899, 3.000693565013633712 ) ) ;
#513 = MECHANICAL_DESIGN_GEOMETRIC_PRESENTATION_REPRESENTATION (  '', ( #3232 ), #393 ) ;
#514 = DIRECTION ( 'NONE',  ( -1.000000000000000000, 0.000000000000000000, 2.623329136699006147E-15 ) ) ;
#515 = EDGE_CURVE ( 'NONE', #772, #162, #3590, .T. ) ;
#516 = CARTESIAN_POINT ( 'NONE',  ( -5.095323455267670276, 1.099999999999998979, 3.857499999999999929 ) ) ;
#517 = DIRECTION ( 'NONE',  ( -0.000000000000000000, 0.000000000000000000, -1.000000000000000000 ) ) ;
#518 = SURFACE_SIDE_STYLE ('',( #222 ) ) ;
#519 = DIRECTION ( 'NONE',  ( 0.000000000000000000, 0.000000000000000000, -1.000000000000000000 ) ) ;
#520 = ORIENTED_EDGE ( 'NONE', *, *, #2169, .T. ) ;
#521 = ORIENTED_EDGE ( 'NONE', *, *, #1625, .T. ) ;
#522 = DIRECTION ( 'NONE',  ( 1.000000000000000000, -0.000000000000000000, 0.000000000000000000 ) ) ;
#523 = EDGE_LOOP ( 'NONE', ( #6, #2135, #1368, #2483 ) ) ;
#524 = UNCERTAINTY_MEASURE_WITH_UNIT (LENGTH_MEASURE( 1.000000000000000082E-05 ), #2014, 'distance_accuracy_value', 'NONE');
#525 = CARTESIAN_POINT ( 'NONE',  ( 2.455000000000000959, 0.000000000000000000, 1.003868991668733557 ) ) ;
#526 = CARTESIAN_POINT ( 'NONE',  ( -2.602500000000000036, -7.410644371443013689, -3.809250792979566036 ) ) ;
#527 = CARTESIAN_POINT ( 'NONE',  ( -2.602499999999999591, 0.5300000000000001377, -2.610632298677259211 ) ) ;
#528 = EDGE_CURVE ( 'NONE', #699, #2013, #901, .T. ) ;
#529 = ORIENTED_EDGE ( 'NONE', *, *, #1243, .F. ) ;
#530 = CYLINDRICAL_SURFACE ( 'NONE', #2911, 0.1000000000000002554 ) ;
#531 = ORIENTED_EDGE ( 'NONE', *, *, #2984, .F. ) ;
#532 = DIRECTION ( 'NONE',  ( -1.000000000000000000, -0.000000000000000000, -0.000000000000000000 ) ) ;
#533 = DIRECTION ( 'NONE',  ( -1.000000000000000000, -0.000000000000000000, -0.000000000000000000 ) ) ;
#534 =( NAMED_UNIT ( * ) SI_UNIT ( $, .STERADIAN. ) SOLID_ANGLE_UNIT ( ) );
#535 = DIRECTION ( 'NONE',  ( -0.000000000000000000, -1.000000000000000000, -0.000000000000000000 ) ) ;
#536 = ADVANCED_FACE ( 'NONE', ( #3307 ), #2737, .F. ) ;
#537 = EDGE_CURVE ( 'NONE', #2243, #1460, #3532, .T. ) ;
#538 = DIRECTION ( 'NONE',  ( 0.000000000000000000, -1.000000000000000000, -0.000000000000000000 ) ) ;
#539 = VERTEX_POINT ( 'NONE', #887 ) ;
#540 = LINE ( 'NONE', #2025, #2614 ) ;
#541 = EDGE_CURVE ( 'NONE', #1388, #3112, #2346, .T. ) ;
#542 = DIRECTION ( 'NONE',  ( 0.000000000000000000, 0.000000000000000000, 1.000000000000000000 ) ) ;
#543 = ORIENTED_EDGE ( 'NONE', *, *, #3133, .F. ) ;
#544 = LINE ( 'NONE', #3473, #443 ) ;
#545 = LINE ( 'NONE', #1998, #1298 ) ;
#546 = CARTESIAN_POINT ( 'NONE',  ( 1.000000000000000222, 0.000000000000000000, -4.071131008331267509 ) ) ;
#547 = EDGE_LOOP ( 'NONE', ( #1925, #458, #1987, #3636 ) ) ;
#548 = FACE_OUTER_BOUND ( 'NONE', #3507, .T. ) ;
#549 = AXIS2_PLACEMENT_3D ( 'NONE', #3314, #2153, #1646 ) ;
#550 = PRESENTATION_LAYER_ASSIGNMENT (  '', '', ( #3261 ) ) ;
#551 = CARTESIAN_POINT ( 'NONE',  ( -3.173762470121491930, 1.099999999999999423, 3.047499999999998987 ) ) ;
#552 =( LENGTH_UNIT ( ) NAMED_UNIT ( * ) SI_UNIT ( .MILLI., .METRE. ) );
#553 = LINE ( 'NONE', #2259, #3092 ) ;
#554 = EDGE_CURVE ( 'NONE', #1495, #970, #15, .T. ) ;
#555 = EDGE_LOOP ( 'NONE', ( #1966, #577, #2226, #3419 ) ) ;
#556 = PLANE ( 'NONE',  #2175 ) ;
#557 = CARTESIAN_POINT ( 'NONE',  ( 0.3849999999999998979, 1.634999999999999343, 3.987968801573925859 ) ) ;
#558 = STYLED_ITEM ( 'NONE', ( #1976 ), #1281 ) ;
#559 = VERTEX_POINT ( 'NONE', #2419 ) ;
#560 = SURFACE_SIDE_STYLE ('',( #1176 ) ) ;
#561 = ORIENTED_EDGE ( 'NONE', *, *, #3478, .F. ) ;
#562 = ADVANCED_FACE ( 'NONE', ( #2976 ), #1547, .T. ) ;
#563 = CARTESIAN_POINT ( 'NONE',  ( -2.454999999999999627, -7.410644371443013689, -2.610632298677259211 ) ) ;
#564 = DIRECTION ( 'NONE',  ( 0.000000000000000000, 0.000000000000000000, 1.000000000000000000 ) ) ;
#565 =( GEOMETRIC_REPRESENTATION_CONTEXT ( 3 ) GLOBAL_UNCERTAINTY_ASSIGNED_CONTEXT ( ( #3038 ) ) GLOBAL_UNIT_ASSIGNED_CONTEXT ( ( #3769, #206, #1045 ) ) REPRESENTATION_CONTEXT ( 'NONE', 'WORKASPACE' ) );
#566 = VERTEX_POINT ( 'NONE', #39 ) ;
#567 = FACE_BOUND ( 'NONE', #2862, .T. ) ;
#568 = CIRCLE ( 'NONE', #3344, 0.1000000000000002554 ) ;
#569 = VECTOR ( 'NONE', #2234, 1000.000000000000000 ) ;
#570 = CIRCLE ( 'NONE', #2302, 0.1575735846510743499 ) ;
#571 = CARTESIAN_POINT ( 'NONE',  ( 0.3849999999999998979, 1.634999999999998899, 3.000693565013633712 ) ) ;
#572 = DIRECTION ( 'NONE',  ( 1.199835977794570052E-16, 0.000000000000000000, 1.000000000000000000 ) ) ;
#573 = VECTOR ( 'NONE', #1830, 1000.000000000000000 ) ;
#574 = CARTESIAN_POINT ( 'NONE',  ( -0.4499999999999999001, 1.634999999999998899, 3.774755297230884654 ) ) ;
#575 = EDGE_CURVE ( 'NONE', #1388, #1416, #2958, .T. ) ;
#576 = AXIS2_PLACEMENT_3D ( 'NONE', #3067, #1838, #1825 ) ;
#577 = ORIENTED_EDGE ( 'NONE', *, *, #252, .F. ) ;
#578 = SURFACE_SIDE_STYLE ('',( #3586 ) ) ;
#579 = FILL_AREA_STYLE_COLOUR ( '', #311 ) ;
#580 = EDGE_CURVE ( 'NONE', #3703, #2300, #2385, .T. ) ;
#581 = PLANE ( 'NONE',  #1869 ) ;
#582 = VERTEX_POINT ( 'NONE', #2089 ) ;
#583 = CARTESIAN_POINT ( 'NONE',  ( 0.4499999999999999556, 1.634999999999999343, 3.987968801573925859 ) ) ;
#584 = CARTESIAN_POINT ( 'NONE',  ( -0.3849999999999998979, 1.634999999999998899, 3.000693565013633712 ) ) ;
#585 = ADVANCED_FACE ( 'NONE', ( #942 ), #1782, .F. ) ;
#586 = DIRECTION ( 'NONE',  ( 0.000000000000000000, 0.9961946980917461003, 0.08715574274765169882 ) ) ;
#587 = DIRECTION ( 'NONE',  ( 1.000000000000000000, -0.000000000000000000, 0.000000000000000000 ) ) ;
#588 = CARTESIAN_POINT ( 'NONE',  ( 0.000000000000000000, 0.5300000000000001377, 1.003868991668733557 ) ) ;
#589 = LINE ( 'NONE', #1126, #199 ) ;
#590 = CARTESIAN_POINT ( 'NONE',  ( -3.173762470121491486, 1.099999999999998979, 3.047500000000002984 ) ) ;
#591 =( NAMED_UNIT ( * ) PLANE_ANGLE_UNIT ( ) SI_UNIT ( $, .RADIAN. ) );
#592 =( NAMED_UNIT ( * ) SI_UNIT ( $, .STERADIAN. ) SOLID_ANGLE_UNIT ( ) );
#593 = CARTESIAN_POINT ( 'NONE',  ( 1.900999999999999801, 0.3049999999999999378, 5.603868991668734090 ) ) ;
#594 = DIRECTION ( 'NONE',  ( 1.000000000000000000, -0.000000000000000000, 0.000000000000000000 ) ) ;
#595 = CARTESIAN_POINT ( 'NONE',  ( -1.835999999999999854, 1.634999999999998455, 3.774755297230884654 ) ) ;
#596 = CARTESIAN_POINT ( 'NONE',  ( 2.602500000000000480, -7.410644371443013689, -2.610632298677259655 ) ) ;
#597 = ORIENTED_EDGE ( 'NONE', *, *, #3531, .F. ) ;
#598 = ORIENTED_EDGE ( 'NONE', *, *, #1574, .T. ) ;
#599 = DIRECTION ( 'NONE',  ( 0.8660254037844381525, 0.000000000000000000, 0.5000000000000007772 ) ) ;
#600 = CARTESIAN_POINT ( 'NONE',  ( 2.602500000000000480, 0.5300000000000001377, -2.610632298677259655 ) ) ;
#601 = AXIS2_PLACEMENT_3D ( 'NONE', #571, #876, #2694 ) ;
#602 = EDGE_CURVE ( 'NONE', #1960, #2243, #1527, .T. ) ;
#603 = FACE_OUTER_BOUND ( 'NONE', #2718, .T. ) ;
#604 = MANIFOLD_SOLID_BREP ( 'Cut-Extrude6', #3016 ) ;
#605 =( LENGTH_UNIT ( ) NAMED_UNIT ( * ) SI_UNIT ( .MILLI., .METRE. ) );
#606 = VECTOR ( 'NONE', #2303, 1000.000000000000000 ) ;
#607 = ORIENTED_EDGE ( 'NONE', *, *, #1142, .F. ) ;
#608 = PRESENTATION_STYLE_ASSIGNMENT (( #1837 ) ) ;
#609 = AXIS2_PLACEMENT_3D ( 'NONE', #3780, #1140, #2328 ) ;
#610 = DIRECTION ( 'NONE',  ( 3.618172680095672944E-16, 0.000000000000000000, 1.000000000000000000 ) ) ;
#611 = VERTEX_POINT ( 'NONE', #1331 ) ;
#612 = DIRECTION ( 'NONE',  ( -1.000000000000000000, 0.000000000000000000, -0.000000000000000000 ) ) ;
#613 = ORIENTED_EDGE ( 'NONE', *, *, #3802, .T. ) ;
#614 = VECTOR ( 'NONE', #2553, 1000.000000000000000 ) ;
#615 = CARTESIAN_POINT ( 'NONE',  ( 2.670999999999999819, 1.634999999999999343, 3.987968801573925859 ) ) ;
#616 = PLANE ( 'NONE',  #452 ) ;
#617 = DIRECTION ( 'NONE',  ( -1.000000000000000000, -0.000000000000000000, -0.000000000000000000 ) ) ;
#618 = VERTEX_POINT ( 'NONE', #2199 ) ;
#619 = CARTESIAN_POINT ( 'NONE',  ( 2.602500000000000480, 0.5300000000000000266, -3.001131008331264560 ) ) ;
#620 = ORIENTED_EDGE ( 'NONE', *, *, #831, .F. ) ;
#621 = CARTESIAN_POINT ( 'NONE',  ( 1.900999999999999801, 0.3049999999999999378, 5.603868991668733202 ) ) ;
#622 = PRODUCT_DEFINITION ( 'UNKNOWN', '', #2807, #1953 ) ;
#623 = SURFACE_SIDE_STYLE ('',( #2837 ) ) ;
#624 = VECTOR ( 'NONE', #1860, 1000.000000000000000 ) ;
#625 = DIRECTION ( 'NONE',  ( 0.000000000000000000, -4.392704819632302452E-16, -1.000000000000000000 ) ) ;
#626 = CARTESIAN_POINT ( 'NONE',  ( 0.000000000000000000, 2.349999999999999645, -1.881343345151182289 ) ) ;
#627 = PRESENTATION_LAYER_ASSIGNMENT (  '', '', ( #3040 ) ) ;
#628 = COLOUR_RGB ( '',1.000000000000000000, 1.000000000000000000, 1.000000000000000000 ) ;
#629 = ADVANCED_FACE ( 'NONE', ( #1490 ), #3622, .F. ) ;
#630 = EDGE_CURVE ( 'NONE', #68, #3546, #1892, .T. ) ;
#631 =( NAMED_UNIT ( * ) SI_UNIT ( $, .STERADIAN. ) SOLID_ANGLE_UNIT ( ) );
#632 = EDGE_LOOP ( 'NONE', ( #703, #985, #1952, #1881 ) ) ;
#633 = VECTOR ( 'NONE', #3408, 1000.000000000000000 ) ;
#634 = PLANE ( 'NONE',  #134 ) ;
#635 = DIRECTION ( 'NONE',  ( -0.000000000000000000, -1.000000000000000000, -0.000000000000000000 ) ) ;
#636 = PRESENTATION_LAYER_ASSIGNMENT (  '', '', ( #2305 ) ) ;
#637 = PRESENTATION_STYLE_ASSIGNMENT (( #918 ) ) ;
#638 = DIRECTION ( 'NONE',  ( 0.000000000000000000, -0.1736481776669323851, -0.9848077530122077983 ) ) ;
#639 = PLANE ( 'NONE',  #1039 ) ;
#640 =( NAMED_UNIT ( * ) PLANE_ANGLE_UNIT ( ) SI_UNIT ( $, .RADIAN. ) );
#641 = VERTEX_POINT ( 'NONE', #3358 ) ;
#642 = FACE_OUTER_BOUND ( 'NONE', #2244, .T. ) ;
#643 = ORIENTED_EDGE ( 'NONE', *, *, #3364, .F. ) ;
#644 = EDGE_CURVE ( 'NONE', #2560, #2613, #720, .T. ) ;
#645 = FACE_OUTER_BOUND ( 'NONE', #2756, .T. ) ;
#646 = FILL_AREA_STYLE ('',( #3301 ) ) ;
#647 = DIRECTION ( 'NONE',  ( 0.000000000000000000, 0.000000000000000000, -1.000000000000000000 ) ) ;
#648 = EDGE_CURVE ( 'NONE', #2843, #699, #453, .T. ) ;
#649 = EDGE_CURVE ( 'NONE', #3211, #953, #425, .T. ) ;
#650 =( LENGTH_UNIT ( ) NAMED_UNIT ( * ) SI_UNIT ( .MILLI., .METRE. ) );
#651 = DIRECTION ( 'NONE',  ( 0.000000000000000000, -2.305663240866751243E-16, 1.000000000000000000 ) ) ;
#652 = MANIFOLD_SOLID_BREP ( 'Boss-Extrude2', #2587 ) ;
#653 = ORIENTED_EDGE ( 'NONE', *, *, #2858, .T. ) ;
#654 = CARTESIAN_POINT ( 'NONE',  ( 1.900999999999999801, 1.017364817766692076, 4.086449576875148537 ) ) ;
#655 = CARTESIAN_POINT ( 'NONE',  ( 2.670999999999999819, -0.2299999999999999545, 3.987968801573925859 ) ) ;
#656 = FACE_OUTER_BOUND ( 'NONE', #1743, .T. ) ;
#657 = CARTESIAN_POINT ( 'NONE',  ( 3.270000000000000462, 0.000000000000000000, -3.047500000000003872 ) ) ;
#658 = EDGE_LOOP ( 'NONE', ( #3406, #1660, #405, #2759 ) ) ;
#659 = VERTEX_POINT ( 'NONE', #3680 ) ;
#660 = LINE ( 'NONE', #1849, #2210 ) ;
#661 = DIRECTION ( 'NONE',  ( 1.000000000000000000, 0.000000000000000000, 0.000000000000000000 ) ) ;
#662 = SURFACE_STYLE_USAGE ( .BOTH. , #2673 ) ;
#663 = DIRECTION ( 'NONE',  ( 0.000000000000000000, -0.9848077530122081313, 0.1736481776669301647 ) ) ;
#664 = FACE_OUTER_BOUND ( 'NONE', #1310, .T. ) ;
#665 = VERTEX_POINT ( 'NONE', #2220 ) ;
#666 = PLANE ( 'NONE',  #2610 ) ;
#667 = ORIENTED_EDGE ( 'NONE', *, *, #3623, .T. ) ;
#668 = MECHANICAL_DESIGN_GEOMETRIC_PRESENTATION_REPRESENTATION (  '', ( #1967 ), #1790 ) ;
#669 = CARTESIAN_POINT ( 'NONE',  ( -1.900999999999999801, 1.017364817766692076, 4.086449576875148537 ) ) ;
#670 = CARTESIAN_POINT ( 'NONE',  ( -0.4499999999999999001, 1.634999999999999343, 3.987968801573925859 ) ) ;
#671 = AXIS2_PLACEMENT_3D ( 'NONE', #2482, #997, #1585 ) ;
#672 = EDGE_LOOP ( 'NONE', ( #1274, #2514, #2821, #1150, #3741, #823, #1072, #1800, #1661, #156, #51, #3058, #991, #1863 ) ) ;
#673 = DIRECTION ( 'NONE',  ( 0.000000000000000000, 0.000000000000000000, 1.000000000000000000 ) ) ;
#674 = ORIENTED_EDGE ( 'NONE', *, *, #3382, .F. ) ;
#675 = UNCERTAINTY_MEASURE_WITH_UNIT (LENGTH_MEASURE( 1.000000000000000082E-05 ), #2404, 'distance_accuracy_value', 'NONE');
#676 = EDGE_CURVE ( 'NONE', #231, #2923, #3338, .T. ) ;
#677 = VECTOR ( 'NONE', #775, 1000.000000000000000 ) ;
#678 = CARTESIAN_POINT ( 'NONE',  ( 2.735999999999999766, 1.634999999999998455, 3.774755297230884654 ) ) ;
#679 = CYLINDRICAL_SURFACE ( 'NONE', #3704, 0.1000000000000002554 ) ;
#680 = ORIENTED_EDGE ( 'NONE', *, *, #3669, .F. ) ;
#681 = CARTESIAN_POINT ( 'NONE',  ( -1.900999999999999801, 1.110266592818500042, 4.613321724736676011 ) ) ;
#682 = AXIS2_PLACEMENT_3D ( 'NONE', #3625, #3647, #3035 ) ;
#683 = COLOUR_RGB ( '',0.2509803921568627416, 0.2509803921568627416, 0.2509803921568627416 ) ;
#684 = EDGE_CURVE ( 'NONE', #3334, #1960, #1313, .T. ) ;
#685 = ORIENTED_EDGE ( 'NONE', *, *, #1219, .T. ) ;
#686 = MECHANICAL_DESIGN_GEOMETRIC_PRESENTATION_REPRESENTATION (  '', ( #1872 ), #262 ) ;
#687 =( GEOMETRIC_REPRESENTATION_CONTEXT ( 3 ) GLOBAL_UNCERTAINTY_ASSIGNED_CONTEXT ( ( #1407 ) ) GLOBAL_UNIT_ASSIGNED_CONTEXT ( ( #3024, #461, #2180 ) ) REPRESENTATION_CONTEXT ( 'NONE', 'WORKASPACE' ) );
#688 =( NAMED_UNIT ( * ) SI_UNIT ( $, .STERADIAN. ) SOLID_ANGLE_UNIT ( ) );
#689 = CARTESIAN_POINT ( 'NONE',  ( -2.670999999999999819, 1.099999999999998979, 3.987968801573925859 ) ) ;
#690 = FACE_OUTER_BOUND ( 'NONE', #114, .T. ) ;
#691 = VECTOR ( 'NONE', #533, 1000.000000000000000 ) ;
#692 = ORIENTED_EDGE ( 'NONE', *, *, #168, .F. ) ;
#693 = DIRECTION ( 'NONE',  ( 1.000000000000000000, -0.000000000000000000, 0.000000000000000000 ) ) ;
#694 = EDGE_LOOP ( 'NONE', ( #3564, #2425, #2250, #1483 ) ) ;
#695 = PLANE ( 'NONE',  #2745 ) ;
#696 = EDGE_CURVE ( 'NONE', #1109, #2533, #2499, .T. ) ;
#697 = EDGE_CURVE ( 'NONE', #3005, #3120, #1259, .T. ) ;
#698 = ORIENTED_EDGE ( 'NONE', *, *, #3414, .F. ) ;
#699 = VERTEX_POINT ( 'NONE', #3641 ) ;
#700 =( NAMED_UNIT ( * ) PLANE_ANGLE_UNIT ( ) SI_UNIT ( $, .RADIAN. ) );
#701 = FILL_AREA_STYLE_COLOUR ( '', #2928 ) ;
#702 = ORIENTED_EDGE ( 'NONE', *, *, #3382, .T. ) ;
#703 = ORIENTED_EDGE ( 'NONE', *, *, #2902, .F. ) ;
#704 = LINE ( 'NONE', #2774, #2921 ) ;
#705 = CARTESIAN_POINT ( 'NONE',  ( -1.900999999999999801, 1.099999999999999201, 3.152686667747479632 ) ) ;
#706 = ORIENTED_EDGE ( 'NONE', *, *, #2241, .F. ) ;
#707 =( LENGTH_UNIT ( ) NAMED_UNIT ( * ) SI_UNIT ( .MILLI., .METRE. ) );
#708 = ORIENTED_EDGE ( 'NONE', *, *, #602, .T. ) ;
#709 = UNCERTAINTY_MEASURE_WITH_UNIT (LENGTH_MEASURE( 1.000000000000000082E-05 ), #1639, 'distance_accuracy_value', 'NONE');
#710 = ADVANCED_FACE ( 'NONE', ( #2431 ), #2104, .F. ) ;
#711 = DIRECTION ( 'NONE',  ( 1.000000000000000000, 0.000000000000000000, -0.000000000000000000 ) ) ;
#712 = LINE ( 'NONE', #1691, #729 ) ;
#713 = CARTESIAN_POINT ( 'NONE',  ( 0.3306339741569082058, 0.000000000000000000, -2.295485129375112177 ) ) ;
#714 = ORIENTED_EDGE ( 'NONE', *, *, #602, .F. ) ;
#715 = ADVANCED_FACE ( 'NONE', ( #82 ), #1853, .F. ) ;
#716 = ADVANCED_FACE ( 'NONE', ( #894 ), #357, .T. ) ;
#717 = CARTESIAN_POINT ( 'NONE',  ( -0.3849999999999998979, 1.099999999999998979, 3.987968801573925859 ) ) ;
#718 = CARTESIAN_POINT ( 'NONE',  ( 2.670999999999999819, 0.4050000000000000822, 4.839221914831485449 ) ) ;
#719 = ORIENTED_EDGE ( 'NONE', *, *, #3660, .T. ) ;
#720 = LINE ( 'NONE', #1911, #69 ) ;
#721 = CARTESIAN_POINT ( 'NONE',  ( -2.602499999999999591, 0.5300000000000001377, -2.610632298677259655 ) ) ;
#722 = VECTOR ( 'NONE', #2727, 1000.000000000000000 ) ;
#723 = VECTOR ( 'NONE', #3163, 1000.000000000000000 ) ;
#724 = CARTESIAN_POINT ( 'NONE',  ( -1.802499999999999991, 0.5300000000000001377, -4.271131008331265910 ) ) ;
#725 = CARTESIAN_POINT ( 'NONE',  ( 2.455000000000000515, 0.5300000000000001377, -2.610632298677259655 ) ) ;
#726 = ORIENTED_EDGE ( 'NONE', *, *, #2766, .F. ) ;
#727 = EDGE_LOOP ( 'NONE', ( #2754, #3544, #2589, #1170 ) ) ;
#728 = SURFACE_SIDE_STYLE ('',( #3401 ) ) ;
#729 = VECTOR ( 'NONE', #2285, 1000.000000000000000 ) ;
#730 = ADVANCED_FACE ( 'NONE', ( #3020 ), #2082, .F. ) ;
#731 = DIRECTION ( 'NONE',  ( 0.000000000000000000, 0.000000000000000000, 1.000000000000000000 ) ) ;
#732 = VECTOR ( 'NONE', #3568, 1000.000000000000000 ) ;
#733 = VERTEX_POINT ( 'NONE', #2765 ) ;
#734 = CARTESIAN_POINT ( 'NONE',  ( -0.3306339741569084278, 0.000000000000000000, -2.610632298677259211 ) ) ;
#735 = CIRCLE ( 'NONE', #2171, 0.6675000000000018696 ) ;
#736 = PLANE ( 'NONE',  #3757 ) ;
#737 = EDGE_CURVE ( 'NONE', #1297, #1700, #712, .T. ) ;
#738 = VECTOR ( 'NONE', #1959, 1000.000000000000000 ) ;
#739 = ORIENTED_EDGE ( 'NONE', *, *, #139, .T. ) ;
#740 = VECTOR ( 'NONE', #2593, 1000.000000000000000 ) ;
#741 = COLOUR_RGB ( '',0.2509803921568627416, 0.2509803921568627416, 0.2509803921568627416 ) ;
#742 = LINE ( 'NONE', #670, #860 ) ;
#743 = ORIENTED_EDGE ( 'NONE', *, *, #1092, .F. ) ;
#744 = VECTOR ( 'NONE', #514, 1000.000000000000000 ) ;
#745 = VERTEX_POINT ( 'NONE', #1999 ) ;
#746 = FILL_AREA_STYLE ('',( #2763 ) ) ;
#747 = DIRECTION ( 'NONE',  ( 0.000000000000000000, 1.098507959475904232E-16, -1.000000000000000000 ) ) ;
#748 = VECTOR ( 'NONE', #1712, 1000.000000000000000 ) ;
#749 = VECTOR ( 'NONE', #1465, 1000.000000000000000 ) ;
#750 = DIRECTION ( 'NONE',  ( 0.000000000000000000, 0.000000000000000000, 1.000000000000000000 ) ) ;
#751 = ORIENTED_EDGE ( 'NONE', *, *, #644, .T. ) ;
#752 = VERTEX_POINT ( 'NONE', #2785 ) ;
#753 = LINE ( 'NONE', #2214, #236 ) ;
#754 = FILL_AREA_STYLE ('',( #2005 ) ) ;
#755 = DIRECTION ( 'NONE',  ( 0.000000000000000000, 1.000000000000000000, 0.000000000000000000 ) ) ;
#756 = FILL_AREA_STYLE_COLOUR ( '', #1245 ) ;
#757 = EDGE_CURVE ( 'NONE', #2776, #2300, #1414, .T. ) ;
#758 = ORIENTED_EDGE ( 'NONE', *, *, #438, .T. ) ;
#759 = LINE ( 'NONE', #3642, #1057 ) ;
#760 = LINE ( 'NONE', #725, #677 ) ;
#761 = EDGE_LOOP ( 'NONE', ( #685, #1111, #3204, #3781, #3280, #1896 ) ) ;
#762 = ORIENTED_EDGE ( 'NONE', *, *, #3802, .F. ) ;
#763 = FACE_OUTER_BOUND ( 'NONE', #2769, .T. ) ;
#764 = VERTEX_POINT ( 'NONE', #131 ) ;
#765 = DIRECTION ( 'NONE',  ( 0.000000000000000000, 0.000000000000000000, 1.000000000000000000 ) ) ;
#766 = ORIENTED_EDGE ( 'NONE', *, *, #3454, .T. ) ;
#767 = DIRECTION ( 'NONE',  ( -1.000000000000000000, -0.000000000000000000, 0.000000000000000000 ) ) ;
#768 = DIRECTION ( 'NONE',  ( -0.000000000000000000, -1.000000000000000000, -0.000000000000000000 ) ) ;
#769 = DIRECTION ( 'NONE',  ( 0.000000000000000000, -7.089559388430598042E-17, 1.000000000000000000 ) ) ;
#770 = DIRECTION ( 'NONE',  ( -2.623329136699006147E-15, 0.000000000000000000, -1.000000000000000000 ) ) ;
#771 = ORIENTED_EDGE ( 'NONE', *, *, #886, .T. ) ;
#772 = VERTEX_POINT ( 'NONE', #112 ) ;
#773 = PLANE ( 'NONE',  #1617 ) ;
#774 = DIRECTION ( 'NONE',  ( -1.000000000000000000, -0.000000000000000000, -0.000000000000000000 ) ) ;
#775 = DIRECTION ( 'NONE',  ( -0.000000000000000000, -1.000000000000000000, 0.000000000000000000 ) ) ;
#776 = ORIENTED_EDGE ( 'NONE', *, *, #1821, .T. ) ;
#777 = ORIENTED_EDGE ( 'NONE', *, *, #1631, .F. ) ;
#778 = UNCERTAINTY_MEASURE_WITH_UNIT (LENGTH_MEASURE( 1.000000000000000082E-05 ), #2165, 'distance_accuracy_value', 'NONE');
#779 = FILL_AREA_STYLE_COLOUR ( '', #741 ) ;
#780 = DIRECTION ( 'NONE',  ( 0.000000000000000000, -2.305663240866751243E-16, 1.000000000000000000 ) ) ;
#781 =( NAMED_UNIT ( * ) PLANE_ANGLE_UNIT ( ) SI_UNIT ( $, .RADIAN. ) );
#782 = VECTOR ( 'NONE', #2072, 1000.000000000000000 ) ;
#783 = EDGE_CURVE ( 'NONE', #3005, #1621, #1302, .T. ) ;
#784 = EDGE_CURVE ( 'NONE', #940, #659, #1005, .T. ) ;
#785 = VECTOR ( 'NONE', #2688, 1000.000000000000000 ) ;
#786 = DIRECTION ( 'NONE',  ( 0.000000000000000000, 0.000000000000000000, 1.000000000000000000 ) ) ;
#787 = VECTOR ( 'NONE', #3396, 1000.000000000000000 ) ;
#788 =( NAMED_UNIT ( * ) SI_UNIT ( $, .STERADIAN. ) SOLID_ANGLE_UNIT ( ) );
#789 = CARTESIAN_POINT ( 'NONE',  ( 0.000000000000000000, 0.000000000000000000, -2.610632298677259655 ) ) ;
#790 = LINE ( 'NONE', #2873, #3288 ) ;
#791 = VECTOR ( 'NONE', #2186, 1000.000000000000000 ) ;
#792 = DIRECTION ( 'NONE',  ( 0.000000000000000000, 0.000000000000000000, 1.000000000000000000 ) ) ;
#793 = DIRECTION ( 'NONE',  ( 1.000000000000000000, 0.000000000000000000, -1.080824595624178539E-15 ) ) ;
#794 = COLOUR_RGB ( '',1.000000000000000000, 1.000000000000000000, 1.000000000000000000 ) ;
#795 = EDGE_LOOP ( 'NONE', ( #800, #2050, #1341, #2808 ) ) ;
#796 = CARTESIAN_POINT ( 'NONE',  ( 0.3849999999999998979, 1.099999999999999201, 3.152686667747479632 ) ) ;
#797 = AXIS2_PLACEMENT_3D ( 'NONE', #2972, #2696, #2048 ) ;
#798 = CARTESIAN_POINT ( 'NONE',  ( 0.3849999999999998979, 1.099999999999999201, 3.152686667747479632 ) ) ;
#799 = DIRECTION ( 'NONE',  ( 0.000000000000000000, 0.000000000000000000, -1.000000000000000000 ) ) ;
#800 = ORIENTED_EDGE ( 'NONE', *, *, #415, .T. ) ;
#801 = DIRECTION ( 'NONE',  ( 0.000000000000000000, 1.000000000000000000, 0.000000000000000000 ) ) ;
#802 = ORIENTED_EDGE ( 'NONE', *, *, #1669, .T. ) ;
#803 = AXIS2_PLACEMENT_3D ( 'NONE', #1455, #587, #3556 ) ;
#804 = CARTESIAN_POINT ( 'NONE',  ( 0.000000000000000000, 0.5300000000000001377, -2.610632298677259655 ) ) ;
#805 = DIRECTION ( 'NONE',  ( 0.000000000000000000, 0.000000000000000000, -1.000000000000000000 ) ) ;
#806 = LINE ( 'NONE', #1728, #1175 ) ;
#807 = PRESENTATION_LAYER_ASSIGNMENT (  '', '', ( #2920 ) ) ;
#808 = PRESENTATION_LAYER_ASSIGNMENT (  '', '', ( #1367 ) ) ;
#809 = VECTOR ( 'NONE', #2371, 1000.000000000000000 ) ;
#810 = EDGE_CURVE ( 'NONE', #2843, #2896, #2349, .T. ) ;
#811 = LINE ( 'NONE', #3118, #1301 ) ;
#812 = PLANE ( 'NONE',  #601 ) ;
#813 = CARTESIAN_POINT ( 'NONE',  ( 1.000000000000000222, 0.5300000000000001377, 0.000000000000000000 ) ) ;
#814 = FILL_AREA_STYLE_COLOUR ( '', #17 ) ;
#815 = SURFACE_STYLE_USAGE ( .BOTH. , #3696 ) ;
#816 = CARTESIAN_POINT ( 'NONE',  ( -2.454999999999999183, 0.000000000000000000, -2.610632298677259655 ) ) ;
#817 = ORIENTED_EDGE ( 'NONE', *, *, #3434, .F. ) ;
#818 = VERTEX_POINT ( 'NONE', #2307 ) ;
#819 = CARTESIAN_POINT ( 'NONE',  ( -1.900999999999999801, 0.3050000000000000488, 4.839221914831485449 ) ) ;
#820 =( LENGTH_UNIT ( ) NAMED_UNIT ( * ) SI_UNIT ( .MILLI., .METRE. ) );
#821 = EDGE_LOOP ( 'NONE', ( #607, #1704, #531, #1730, #3559, #3095, #3428, #3049, #3731, #146, #3456, #3562 ) ) ;
#822 = PLANE ( 'NONE',  #96 ) ;
#823 = ORIENTED_EDGE ( 'NONE', *, *, #3015, .T. ) ;
#824 = UNCERTAINTY_MEASURE_WITH_UNIT (LENGTH_MEASURE( 1.000000000000000082E-05 ), #605, 'distance_accuracy_value', 'NONE');
#825 = CARTESIAN_POINT ( 'NONE',  ( 0.3306339741569082058, 0.5300000000000001377, -2.295485129375112177 ) ) ;
#826 = FACE_OUTER_BOUND ( 'NONE', #2225, .T. ) ;
#827 = ORIENTED_EDGE ( 'NONE', *, *, #3760, .F. ) ;
#828 = DIRECTION ( 'NONE',  ( 0.000000000000000000, 0.000000000000000000, 1.000000000000000000 ) ) ;
#829 = CARTESIAN_POINT ( 'NONE',  ( -0.3306339741569082058, -7.410644371443013689, -2.610632298677259211 ) ) ;
#830 = CARTESIAN_POINT ( 'NONE',  ( -2.602499999999999591, 0.5300000000000001377, -2.610632298677259211 ) ) ;
#831 = EDGE_CURVE ( 'NONE', #3357, #2265, #3475, .T. ) ;
#832 = EDGE_CURVE ( 'NONE', #2798, #88, #1785, .T. ) ;
#833 = CARTESIAN_POINT ( 'NONE',  ( 3.270000000000000462, -4.090008922327128744E-17, 2.951262470121493120 ) ) ;
#834 = VERTEX_POINT ( 'NONE', #1453 ) ;
#835 = DIRECTION ( 'NONE',  ( 1.000000000000000000, 0.000000000000000000, 0.000000000000000000 ) ) ;
#836 =( NAMED_UNIT ( * ) PLANE_ANGLE_UNIT ( ) SI_UNIT ( $, .RADIAN. ) );
#837 = CARTESIAN_POINT ( 'NONE',  ( -2.454999999999999627, 0.5300000000000001377, 0.000000000000000000 ) ) ;
#838 = VERTEX_POINT ( 'NONE', #276 ) ;
#839 = SURFACE_STYLE_USAGE ( .BOTH. , #560 ) ;
#840 = ORIENTED_EDGE ( 'NONE', *, *, #1709, .F. ) ;
#841 = CARTESIAN_POINT ( 'NONE',  ( 3.270000000000000462, -2.168404344971008868E-16, -2.380000000000002114 ) ) ;
#842 = DIRECTION ( 'NONE',  ( 0.000000000000000000, 1.000000000000000000, 0.000000000000000000 ) ) ;
#843 = DIRECTION ( 'NONE',  ( 0.000000000000000000, -0.000000000000000000, -1.000000000000000000 ) ) ;
#844 = VERTEX_POINT ( 'NONE', #3550 ) ;
#845 = DIRECTION ( 'NONE',  ( -1.000000000000000000, -0.000000000000000000, 0.000000000000000000 ) ) ;
#846 = CARTESIAN_POINT ( 'NONE',  ( -2.602499999999999591, 0.000000000000000000, -2.610632298677259655 ) ) ;
#847 = VECTOR ( 'NONE', #1356, 1000.000000000000000 ) ;
#848 = EDGE_CURVE ( 'NONE', #3231, #95, #1202, .T. ) ;
#849 = VECTOR ( 'NONE', #1467, 1000.000000000000000 ) ;
#850 = DIRECTION ( 'NONE',  ( 0.000000000000000000, 1.000000000000000000, -0.000000000000000000 ) ) ;
#851 = PRESENTATION_STYLE_ASSIGNMENT (( #2630 ) ) ;
#852 = EDGE_CURVE ( 'NONE', #2414, #1739, #867, .T. ) ;
#853 = PRESENTATION_LAYER_ASSIGNMENT (  '', '', ( #1602 ) ) ;
#854 = PLANE ( 'NONE',  #1117 ) ;
#855 = ADVANCED_BREP_SHAPE_REPRESENTATION ( 'STD46P4LLF6', ( #652, #1914, #3187, #604, #3195, #1755 ), #3707 ) ;
#856 = ORIENTED_EDGE ( 'NONE', *, *, #2233, .T. ) ;
#857 = ADVANCED_FACE ( 'NONE', ( #1181 ), #315, .F. ) ;
#858 = FACE_OUTER_BOUND ( 'NONE', #2178, .T. ) ;
#859 = DIRECTION ( 'NONE',  ( 0.000000000000000000, 2.168404344971003346E-15, 1.000000000000000000 ) ) ;
#860 = VECTOR ( 'NONE', #142, 1000.000000000000000 ) ;
#861 = ORIENTED_EDGE ( 'NONE', *, *, #2625, .F. ) ;
#862 = VERTEX_POINT ( 'NONE', #2642 ) ;
#863 = CARTESIAN_POINT ( 'NONE',  ( 2.602500000000000480, 0.000000000000000000, -2.610632298677259655 ) ) ;
#864 =( NAMED_UNIT ( * ) SI_UNIT ( $, .STERADIAN. ) SOLID_ANGLE_UNIT ( ) );
#865 = COLOUR_RGB ( '',0.2509803921568627416, 0.2509803921568627416, 0.2509803921568627416 ) ;
#866 =( LENGTH_UNIT ( ) NAMED_UNIT ( * ) SI_UNIT ( .MILLI., .METRE. ) );
#867 = LINE ( 'NONE', #2373, #2594 ) ;
#868 = ORIENTED_EDGE ( 'NONE', *, *, #3460, .F. ) ;
#869 = DIRECTION ( 'NONE',  ( 1.000000000000000000, 0.000000000000000000, -0.000000000000000000 ) ) ;
#870 = VECTOR ( 'NONE', #3801, 1000.000000000000000 ) ;
#871 = LINE ( 'NONE', #2983, #926 ) ;
#872 = VECTOR ( 'NONE', #793, 1000.000000000000000 ) ;
#873 =( GEOMETRIC_REPRESENTATION_CONTEXT ( 3 ) GLOBAL_UNCERTAINTY_ASSIGNED_CONTEXT ( ( #2620 ) ) GLOBAL_UNIT_ASSIGNED_CONTEXT ( ( #1394, #2347, #864 ) ) REPRESENTATION_CONTEXT ( 'NONE', 'WORKASPACE' ) );
#874 = CIRCLE ( 'NONE', #1307, 0.1000000000000002554 ) ;
#875 = VECTOR ( 'NONE', #1200, 1000.000000000000000 ) ;
#876 = DIRECTION ( 'NONE',  ( -0.000000000000000000, 0.08715574274765182372, 0.9961946980917461003 ) ) ;
#877 = DIRECTION ( 'NONE',  ( 0.000000000000000000, 0.000000000000000000, 1.000000000000000000 ) ) ;
#878 = AXIS2_PLACEMENT_3D ( 'NONE', #2423, #693, #395 ) ;
#879 = CARTESIAN_POINT ( 'NONE',  ( -2.602499999999998703, 5.442423362001450931E-16, -3.047500000000000764 ) ) ;
#880 = ORIENTED_EDGE ( 'NONE', *, *, #2478, .T. ) ;
#881 = DIRECTION ( 'NONE',  ( -0.000000000000000000, -1.000000000000000000, -1.098507959475904232E-16 ) ) ;
#882 = PLANE ( 'NONE',  #1101 ) ;
#883 = ORIENTED_EDGE ( 'NONE', *, *, #3597, .T. ) ;
#884 = DIRECTION ( 'NONE',  ( 1.000000000000000000, 0.000000000000000000, 0.000000000000000000 ) ) ;
#885 = EDGE_LOOP ( 'NONE', ( #3421, #3484, #3511, #957 ) ) ;
#886 = EDGE_CURVE ( 'NONE', #2835, #1217, #3798, .T. ) ;
#887 = CARTESIAN_POINT ( 'NONE',  ( -1.835999999999999854, 1.634999999999999343, 3.774755297230884654 ) ) ;
#888 = CARTESIAN_POINT ( 'NONE',  ( -1.835999999999999854, 1.099999999999999201, 3.152686667747479188 ) ) ;
#889 = CARTESIAN_POINT ( 'NONE',  ( -2.670999999999999819, 0.3049999999999999378, 5.603868991668733202 ) ) ;
#890 = CYLINDRICAL_SURFACE ( 'NONE', #3569, 0.1575735846510743499 ) ;
#891 = ORIENTED_EDGE ( 'NONE', *, *, #2100, .F. ) ;
#892 = CYLINDRICAL_SURFACE ( 'NONE', #1426, 0.1000000000000002554 ) ;
#893 = CARTESIAN_POINT ( 'NONE',  ( 0.3849999999999998979, 1.099999999999999201, 3.047499999999999432 ) ) ;
#894 = FACE_OUTER_BOUND ( 'NONE', #3113, .T. ) ;
#895 = SURFACE_SIDE_STYLE ('',( #1458 ) ) ;
#896 =( NAMED_UNIT ( * ) SI_UNIT ( $, .STERADIAN. ) SOLID_ANGLE_UNIT ( ) );
#897 = DIRECTION ( 'NONE',  ( 0.000000000000000000, -0.000000000000000000, 1.000000000000000000 ) ) ;
#898 = ORIENTED_EDGE ( 'NONE', *, *, #684, .F. ) ;
#899 = FACE_OUTER_BOUND ( 'NONE', #3269, .T. ) ;
#900 = VERTEX_POINT ( 'NONE', #3217 ) ;
#901 = LINE ( 'NONE', #863, #3379 ) ;
#902 = DIRECTION ( 'NONE',  ( 0.000000000000000000, -1.000000000000000000, 4.392704819632302452E-16 ) ) ;
#903 = CARTESIAN_POINT ( 'NONE',  ( 1.900999999999999801, 1.017364817766692076, 4.086449576875147649 ) ) ;
#904 = ORIENTED_EDGE ( 'NONE', *, *, #2313, .T. ) ;
#905 = ORIENTED_EDGE ( 'NONE', *, *, #117, .F. ) ;
#906 = CARTESIAN_POINT ( 'NONE',  ( -2.670999999999999819, 1.099999999999999201, 3.047499999999999432 ) ) ;
#907 = ADVANCED_FACE ( 'NONE', ( #1157 ), #3237, .F. ) ;
#908 = FILL_AREA_STYLE_COLOUR ( '', #1725 ) ;
#909 = AXIS2_PLACEMENT_3D ( 'NONE', #264, #3220, #1758 ) ;
#910 = FILL_AREA_STYLE_COLOUR ( '', #2551 ) ;
#911 = VECTOR ( 'NONE', #2454, 1000.000000000000000 ) ;
#912 = PLANE ( 'NONE',  #3403 ) ;
#913 = ORIENTED_EDGE ( 'NONE', *, *, #339, .F. ) ;
#914 = CARTESIAN_POINT ( 'NONE',  ( 2.602500000000000480, 0.000000000000000000, -2.610632298677259655 ) ) ;
#915 = ORIENTED_EDGE ( 'NONE', *, *, #2128, .T. ) ;
#916 =( GEOMETRIC_REPRESENTATION_CONTEXT ( 3 ) GLOBAL_UNCERTAINTY_ASSIGNED_CONTEXT ( ( #2227 ) ) GLOBAL_UNIT_ASSIGNED_CONTEXT ( ( #820, #35, #2591 ) ) REPRESENTATION_CONTEXT ( 'NONE', 'WORKASPACE' ) );
#917 = EDGE_CURVE ( 'NONE', #132, #3719, #1469, .T. ) ;
#918 = SURFACE_STYLE_USAGE ( .BOTH. , #1214 ) ;
#919 = FACE_OUTER_BOUND ( 'NONE', #1369, .T. ) ;
#920 = CARTESIAN_POINT ( 'NONE',  ( 2.670999999999999819, 1.017364817766691854, 4.086449576875147649 ) ) ;
#921 = CARTESIAN_POINT ( 'NONE',  ( -2.602499999999999591, -7.410644371443013689, -2.610632298677259211 ) ) ;
#922 = ORIENTED_EDGE ( 'NONE', *, *, #2016, .T. ) ;
#923 = DIRECTION ( 'NONE',  ( 1.000000000000000000, 0.000000000000000000, 0.000000000000000000 ) ) ;
#924 = ORIENTED_EDGE ( 'NONE', *, *, #1069, .T. ) ;
#925 = MECHANICAL_DESIGN_GEOMETRIC_PRESENTATION_REPRESENTATION (  '', ( #256 ), #565 ) ;
#926 = VECTOR ( 'NONE', #3219, 1000.000000000000000 ) ;
#927 = ADVANCED_FACE ( 'NONE', ( #19 ), #890, .F. ) ;
#928 = EDGE_CURVE ( 'NONE', #3179, #137, #1494, .T. ) ;
#929 =( NAMED_UNIT ( * ) PLANE_ANGLE_UNIT ( ) SI_UNIT ( $, .RADIAN. ) );
#930 = VECTOR ( 'NONE', #2497, 1000.000000000000000 ) ;
#931 = CIRCLE ( 'NONE', #141, 0.6675000000000018696 ) ;
#932 = CARTESIAN_POINT ( 'NONE',  ( 1.900999999999999801, 1.099999999999999201, 3.047499999999999432 ) ) ;
#933 = DIRECTION ( 'NONE',  ( 0.000000000000000000, 0.000000000000000000, 1.000000000000000000 ) ) ;
#934 = COLOUR_RGB ( '',0.2509803921568627416, 0.2509803921568627416, 0.2509803921568627416 ) ;
#935 =( NAMED_UNIT ( * ) PLANE_ANGLE_UNIT ( ) SI_UNIT ( $, .RADIAN. ) );
#936 = EDGE_CURVE ( 'NONE', #3608, #1335, #3292, .T. ) ;
#937 = LINE ( 'NONE', #3022, #3378 ) ;
#938 = MECHANICAL_DESIGN_GEOMETRIC_PRESENTATION_REPRESENTATION (  '', ( #2305 ), #2746 ) ;
#939 =( NAMED_UNIT ( * ) PLANE_ANGLE_UNIT ( ) SI_UNIT ( $, .RADIAN. ) );
#940 = VERTEX_POINT ( 'NONE', #3340 ) ;
#941 = AXIS2_PLACEMENT_3D ( 'NONE', #3545, #3262, #612 ) ;
#942 = FACE_OUTER_BOUND ( 'NONE', #2573, .T. ) ;
#943 = PLANE ( 'NONE',  #1501 ) ;
#944 = CARTESIAN_POINT ( 'NONE',  ( 0.3849999999999998979, 1.634999999999999343, 3.857499999999999929 ) ) ;
#945 = EDGE_LOOP ( 'NONE', ( #3487, #1330, #1135, #496 ) ) ;
#946 = VERTEX_POINT ( 'NONE', #1530 ) ;
#947 =( NAMED_UNIT ( * ) PLANE_ANGLE_UNIT ( ) SI_UNIT ( $, .RADIAN. ) );
#948 = EDGE_CURVE ( 'NONE', #3179, #3311, #1844, .T. ) ;
#949 = FACE_OUTER_BOUND ( 'NONE', #2204, .T. ) ;
#950 = DIRECTION ( 'NONE',  ( 1.000000000000000000, 0.000000000000000000, -1.080824595624178539E-15 ) ) ;
#951 = ADVANCED_FACE ( 'NONE', ( #690 ), #1880, .F. ) ;
#952 = DIRECTION ( 'NONE',  ( 0.000000000000000000, 1.000000000000000000, 0.000000000000000000 ) ) ;
#953 = VERTEX_POINT ( 'NONE', #410 ) ;
#954 = DIRECTION ( 'NONE',  ( -1.000000000000000000, 0.000000000000000000, -0.000000000000000000 ) ) ;
#955 = LINE ( 'NONE', #944, #3274 ) ;
#956 = CARTESIAN_POINT ( 'NONE',  ( 1.835999999999999854, 1.634999999999999343, 3.774755297230884654 ) ) ;
#957 = ORIENTED_EDGE ( 'NONE', *, *, #2766, .T. ) ;
#958 = CARTESIAN_POINT ( 'NONE',  ( -1.900999999999999801, 0.4050000000000000822, 4.839221914831485449 ) ) ;
#959 = ORIENTED_EDGE ( 'NONE', *, *, #852, .T. ) ;
#960 =( NAMED_UNIT ( * ) SI_UNIT ( $, .STERADIAN. ) SOLID_ANGLE_UNIT ( ) );
#961 = EDGE_CURVE ( 'NONE', #2813, #1787, #3081, .T. ) ;
#962 = CARTESIAN_POINT ( 'NONE',  ( 0.4499999999999999556, 1.099999999999999201, 3.152686667747479632 ) ) ;
#963 = AXIS2_PLACEMENT_3D ( 'NONE', #600, #1794, #2965 ) ;
#964 = CARTESIAN_POINT ( 'NONE',  ( -2.454999999999999627, 0.5300000000000001377, -2.610632298677259211 ) ) ;
#965 = EDGE_CURVE ( 'NONE', #336, #2633, #3645, .T. ) ;
#966 = DIRECTION ( 'NONE',  ( 0.000000000000000000, 0.000000000000000000, -1.000000000000000000 ) ) ;
#967 = VECTOR ( 'NONE', #1025, 1000.000000000000000 ) ;
#968 = LINE ( 'NONE', #2159, #930 ) ;
#969 = ORIENTED_EDGE ( 'NONE', *, *, #2309, .F. ) ;
#970 = VERTEX_POINT ( 'NONE', #392 ) ;
#971 = VECTOR ( 'NONE', #2131, 1000.000000000000000 ) ;
#972 = PLANE ( 'NONE',  #1118 ) ;
#973 = CARTESIAN_POINT ( 'NONE',  ( 0.4499999999999999556, 1.099999999999999423, 3.774755297230884654 ) ) ;
#974 = VECTOR ( 'NONE', #3011, 1000.000000000000000 ) ;
#975 = EDGE_LOOP ( 'NONE', ( #3523, #598, #3690, #561 ) ) ;
#976 = CARTESIAN_POINT ( 'NONE',  ( 1.000000000000000222, 0.000000000000000000, -4.071131008331267509 ) ) ;
#977 = ORIENTED_EDGE ( 'NONE', *, *, #228, .T. ) ;
#978 = UNCERTAINTY_MEASURE_WITH_UNIT (LENGTH_MEASURE( 1.000000000000000082E-05 ), #2155, 'distance_accuracy_value', 'NONE');
#979 = LINE ( 'NONE', #2172, #3705 ) ;
#980 = VECTOR ( 'NONE', #2833, 1000.000000000000114 ) ;
#981 = DIRECTION ( 'NONE',  ( 0.000000000000000000, -2.305663240866751243E-16, 1.000000000000000000 ) ) ;
#982 = SURFACE_STYLE_FILL_AREA ( #400 ) ;
#983 = STYLED_ITEM ( 'NONE', ( #3387 ), #1832 ) ;
#984 = SURFACE_STYLE_USAGE ( .BOTH. , #1210 ) ;
#985 = ORIENTED_EDGE ( 'NONE', *, *, #676, .F. ) ;
#986 = AXIS2_PLACEMENT_3D ( 'NONE', #962, #2193, #2805 ) ;
#987 = DIRECTION ( 'NONE',  ( 0.000000000000000000, 0.000000000000000000, 1.000000000000000000 ) ) ;
#988 = AXIS2_PLACEMENT_3D ( 'NONE', #3427, #2588, #3370 ) ;
#989 = CIRCLE ( 'NONE', #1613, 0.1000000000000002554 ) ;
#990 = SURFACE_STYLE_USAGE ( .BOTH. , #1010 ) ;
#991 = ORIENTED_EDGE ( 'NONE', *, *, #1506, .T. ) ;
#992 = CARTESIAN_POINT ( 'NONE',  ( -1.900999999999999801, 0.3876351822333071184, 4.740741139530263659 ) ) ;
#993 = VERTEX_POINT ( 'NONE', #1276 ) ;
#994 = CIRCLE ( 'NONE', #1816, 0.1000000000000002554 ) ;
#995 = FACE_OUTER_BOUND ( 'NONE', #2403, .T. ) ;
#996 = CARTESIAN_POINT ( 'NONE',  ( 0.3849999999999998979, 1.634999999999998899, 3.152686667747479632 ) ) ;
#997 = DIRECTION ( 'NONE',  ( -0.000000000000000000, 1.000000000000000000, -0.000000000000000000 ) ) ;
#998 = ORIENTED_EDGE ( 'NONE', *, *, #3254, .F. ) ;
#999 = ADVANCED_FACE ( 'NONE', ( #3612 ), #2457, .F. ) ;
#1000 = CARTESIAN_POINT ( 'NONE',  ( -1.835999999999999854, 1.099999999999999201, 3.152686667747479632 ) ) ;
#1001 = ORIENTED_EDGE ( 'NONE', *, *, #227, .T. ) ;
#1002 = ORIENTED_EDGE ( 'NONE', *, *, #2016, .F. ) ;
#1003 = EDGE_CURVE ( 'NONE', #3112, #1991, #1894, .T. ) ;
#1004 = FILL_AREA_STYLE ('',( #2468 ) ) ;
#1005 = LINE ( 'NONE', #2600, #1291 ) ;
#1006 = PRESENTATION_STYLE_ASSIGNMENT (( #3353 ) ) ;
#1007 = ORIENTED_EDGE ( 'NONE', *, *, #3304, .F. ) ;
#1008 = LINE ( 'NONE', #3367, #1162 ) ;
#1009 = LINE ( 'NONE', #2198, #2689 ) ;
#1010 = SURFACE_SIDE_STYLE ('',( #3639 ) ) ;
#1011 = ORIENTED_EDGE ( 'NONE', *, *, #3133, .T. ) ;
#1012 = CARTESIAN_POINT ( 'NONE',  ( 0.000000000000000000, 0.5300000000000001377, -2.610632298677259655 ) ) ;
#1013 = VERTEX_POINT ( 'NONE', #956 ) ;
#1014 = SURFACE_STYLE_USAGE ( .BOTH. , #3665 ) ;
#1015 = EDGE_CURVE ( 'NONE', #95, #2470, #2114, .T. ) ;
#1016 = PRESENTATION_STYLE_ASSIGNMENT (( #1034 ) ) ;
#1017 = CARTESIAN_POINT ( 'NONE',  ( -0.3306339741569082058, 0.5300000000000001377, -2.295485129375110400 ) ) ;
#1018 = FILL_AREA_STYLE_COLOUR ( '', #1317 ) ;
#1019 = ORIENTED_EDGE ( 'NONE', *, *, #3342, .T. ) ;
#1020 = UNCERTAINTY_MEASURE_WITH_UNIT (LENGTH_MEASURE( 1.000000000000000082E-05 ), #866, 'distance_accuracy_value', 'NONE');
#1021 = ADVANCED_FACE ( 'NONE', ( #56 ), #2998, .T. ) ;
#1022 = EDGE_CURVE ( 'NONE', #167, #3667, #2797, .T. ) ;
#1023 =( LENGTH_UNIT ( ) NAMED_UNIT ( * ) SI_UNIT ( .MILLI., .METRE. ) );
#1024 =( NAMED_UNIT ( * ) SI_UNIT ( $, .STERADIAN. ) SOLID_ANGLE_UNIT ( ) );
#1025 = DIRECTION ( 'NONE',  ( 0.000000000000000000, 1.000000000000000000, -0.000000000000000000 ) ) ;
#1026 = FACE_OUTER_BOUND ( 'NONE', #3715, .T. ) ;
#1027 = PLANE ( 'NONE',  #2358 ) ;
#1028 = SURFACE_STYLE_FILL_AREA ( #1964 ) ;
#1029 = ORIENTED_EDGE ( 'NONE', *, *, #1955, .F. ) ;
#1030 = DIRECTION ( 'NONE',  ( -1.000000000000000000, -0.000000000000000000, -0.000000000000000000 ) ) ;
#1031 =( LENGTH_UNIT ( ) NAMED_UNIT ( * ) SI_UNIT ( .MILLI., .METRE. ) );
#1032 = VECTOR ( 'NONE', #2709, 1000.000000000000000 ) ;
#1033 = VECTOR ( 'NONE', #1836, 1000.000000000000000 ) ;
#1034 = SURFACE_STYLE_USAGE ( .BOTH. , #1641 ) ;
#1035 = CARTESIAN_POINT ( 'NONE',  ( 0.000000000000000000, 0.5300000000000001377, 1.003868991668733779 ) ) ;
#1036 = VERTEX_POINT ( 'NONE', #1316 ) ;
#1037 =( GEOMETRIC_REPRESENTATION_CONTEXT ( 3 ) GLOBAL_UNCERTAINTY_ASSIGNED_CONTEXT ( ( #2151 ) ) GLOBAL_UNIT_ASSIGNED_CONTEXT ( ( #552, #2, #2608 ) ) REPRESENTATION_CONTEXT ( 'NONE', 'WORKASPACE' ) );
#1038 = CARTESIAN_POINT ( 'NONE',  ( 0.000000000000000000, 2.399999999999999911, -1.881343345151182289 ) ) ;
#1039 = AXIS2_PLACEMENT_3D ( 'NONE', #2703, #1529, #1843 ) ;
#1040 = EDGE_CURVE ( 'NONE', #566, #2496, #1659, .T. ) ;
#1041 = ORIENTED_EDGE ( 'NONE', *, *, #2506, .T. ) ;
#1042 = CARTESIAN_POINT ( 'NONE',  ( 1.000000000000000222, 0.000000000000000000, -4.271131008331266798 ) ) ;
#1043 = COLOUR_RGB ( '',0.2509803921568627416, 0.2509803921568627416, 0.2509803921568627416 ) ;
#1044 = DIRECTION ( 'NONE',  ( 0.000000000000000000, 0.000000000000000000, -1.000000000000000000 ) ) ;
#1045 =( NAMED_UNIT ( * ) SI_UNIT ( $, .STERADIAN. ) SOLID_ANGLE_UNIT ( ) );
#1046 = MECHANICAL_DESIGN_GEOMETRIC_PRESENTATION_REPRESENTATION (  '', ( #2971 ), #2801 ) ;
#1047 = FACE_OUTER_BOUND ( 'NONE', #2734, .T. ) ;
#1048 = ORIENTED_EDGE ( 'NONE', *, *, #2595, .T. ) ;
#1049 = EDGE_LOOP ( 'NONE', ( #1526, #1685, #1606, #2741 ) ) ;
#1050 = AXIS2_PLACEMENT_3D ( 'NONE', #3739, #1706, #805 ) ;
#1051 = LINE ( 'NONE', #170, #2480 ) ;
#1052 = SURFACE_STYLE_USAGE ( .BOTH. , #467 ) ;
#1053 = VERTEX_POINT ( 'NONE', #1969 ) ;
#1054 = FACE_OUTER_BOUND ( 'NONE', #1374, .T. ) ;
#1055 = ORIENTED_EDGE ( 'NONE', *, *, #3783, .F. ) ;
#1056 = UNCERTAINTY_MEASURE_WITH_UNIT (LENGTH_MEASURE( 1.000000000000000082E-05 ), #3710, 'distance_accuracy_value', 'NONE');
#1057 = VECTOR ( 'NONE', #2530, 1000.000000000000000 ) ;
#1058 = CARTESIAN_POINT ( 'NONE',  ( -1.900999999999999801, -0.2299999999999999545, 3.987968801573925859 ) ) ;
#1059 = DIRECTION ( 'NONE',  ( 0.000000000000000000, 0.000000000000000000, 1.000000000000000000 ) ) ;
#1060 = PLANE ( 'NONE',  #2237 ) ;
#1061 = VECTOR ( 'NONE', #625, 1000.000000000000000 ) ;
#1062 = EDGE_LOOP ( 'NONE', ( #2218, #771, #2576, #3053 ) ) ;
#1063 = MECHANICAL_DESIGN_GEOMETRIC_PRESENTATION_REPRESENTATION (  '', ( #268 ), #2248 ) ;
#1064 = LINE ( 'NONE', #457, #3459 ) ;
#1065 = APPLICATION_PROTOCOL_DEFINITION ( 'draft international standard', 'automotive_design', 1998, #2779 ) ;
#1066 = EDGE_LOOP ( 'NONE', ( #1141, #1392, #1992, #3433, #3354, #904 ) ) ;
#1067 = LINE ( 'NONE', #516, #1473 ) ;
#1068 = DIRECTION ( 'NONE',  ( -0.000000000000000000, 2.305663240866751243E-16, -1.000000000000000000 ) ) ;
#1069 = EDGE_CURVE ( 'NONE', #3341, #3005, #143, .T. ) ;
#1070 = DIRECTION ( 'NONE',  ( -0.000000000000000000, 1.000000000000000000, 0.000000000000000000 ) ) ;
#1071 =( NAMED_UNIT ( * ) PLANE_ANGLE_UNIT ( ) SI_UNIT ( $, .RADIAN. ) );
#1072 = ORIENTED_EDGE ( 'NONE', *, *, #2570, .T. ) ;
#1073 = CARTESIAN_POINT ( 'NONE',  ( 0.3306339741569082058, 0.5300000000000001377, -2.295485129375111288 ) ) ;
#1074 = ADVANCED_FACE ( 'NONE', ( #2834 ), #2263, .F. ) ;
#1075 = EDGE_CURVE ( 'NONE', #618, #3723, #3431, .T. ) ;
#1076 = LINE ( 'NONE', #2262, #3453 ) ;
#1077 = ORIENTED_EDGE ( 'NONE', *, *, #1040, .F. ) ;
#1078 = PLANE ( 'NONE',  #2662 ) ;
#1079 = FACE_OUTER_BOUND ( 'NONE', #2366, .T. ) ;
#1080 = EDGE_CURVE ( 'NONE', #1461, #2249, #3701, .T. ) ;
#1081 = SURFACE_SIDE_STYLE ('',( #3180 ) ) ;
#1082 = DIRECTION ( 'NONE',  ( -1.000000000000000000, -0.000000000000000000, -0.000000000000000000 ) ) ;
#1083 =( LENGTH_UNIT ( ) NAMED_UNIT ( * ) SI_UNIT ( .MILLI., .METRE. ) );
#1084 = LINE ( 'NONE', #493, #2853 ) ;
#1085 = PLANE ( 'NONE',  #988 ) ;
#1086 = ORIENTED_EDGE ( 'NONE', *, *, #228, .F. ) ;
#1087 = DIRECTION ( 'NONE',  ( 0.000000000000000000, -1.000000000000000000, -0.000000000000000000 ) ) ;
#1088 = ORIENTED_EDGE ( 'NONE', *, *, #1625, .F. ) ;
#1089 = EDGE_LOOP ( 'NONE', ( #643, #1194, #1751, #1744 ) ) ;
#1090 = UNCERTAINTY_MEASURE_WITH_UNIT (LENGTH_MEASURE( 1.000000000000000082E-05 ), #2429, 'distance_accuracy_value', 'NONE');
#1091 = EDGE_CURVE ( 'NONE', #2798, #1895, #760, .T. ) ;
#1092 = EDGE_CURVE ( 'NONE', #336, #2433, #447, .T. ) ;
#1093 = CARTESIAN_POINT ( 'NONE',  ( -2.670999999999999819, 0.9999999999999988898, 3.987968801573925859 ) ) ;
#1094 = VECTOR ( 'NONE', #3439, 1000.000000000000000 ) ;
#1095 = CARTESIAN_POINT ( 'NONE',  ( -2.671000000000000263, 1.110266592818500486, 4.613321724736676011 ) ) ;
#1096 = FILL_AREA_STYLE_COLOUR ( '', #3447 ) ;
#1097 = VECTOR ( 'NONE', #2622, 1000.000000000000000 ) ;
#1098 = VERTEX_POINT ( 'NONE', #1017 ) ;
#1099 = EDGE_CURVE ( 'NONE', #1703, #3505, #483, .T. ) ;
#1100 = DIRECTION ( 'NONE',  ( -1.000000000000000000, -0.000000000000000000, -0.000000000000000000 ) ) ;
#1101 = AXIS2_PLACEMENT_3D ( 'NONE', #557, #11, #2922 ) ;
#1102 = CARTESIAN_POINT ( 'NONE',  ( -1.900999999999999801, 1.634999999999999343, 3.774755297230884654 ) ) ;
#1103 = DIRECTION ( 'NONE',  ( 0.000000000000000000, 1.000000000000000000, 0.000000000000000000 ) ) ;
#1104 = VECTOR ( 'NONE', #3267, 1000.000000000000000 ) ;
#1105 = CARTESIAN_POINT ( 'NONE',  ( 2.455000000000000959, 0.000000000000000000, 1.003868991668733557 ) ) ;
#1106 = DIRECTION ( 'NONE',  ( 0.000000000000000000, -4.392704819632302452E-16, -1.000000000000000000 ) ) ;
#1107 = ORIENTED_EDGE ( 'NONE', *, *, #1574, .F. ) ;
#1108 = VECTOR ( 'NONE', #1403, 1000.000000000000000 ) ;
#1109 = VERTEX_POINT ( 'NONE', #3148 ) ;
#1110 = AXIS2_PLACEMENT_3D ( 'NONE', #1418, #3477, #828 ) ;
#1111 = ORIENTED_EDGE ( 'NONE', *, *, #2991, .T. ) ;
#1112 = PLANE ( 'NONE',  #1627 ) ;
#1113 = ORIENTED_EDGE ( 'NONE', *, *, #444, .F. ) ;
#1114 = AXIS2_PLACEMENT_3D ( 'NONE', #109, #1280, #2463 ) ;
#1115 = ADVANCED_FACE ( 'NONE', ( #500 ), #2865, .F. ) ;
#1116 = FILL_AREA_STYLE ('',( #1096 ) ) ;
#1117 = AXIS2_PLACEMENT_3D ( 'NONE', #1541, #3002, #83 ) ;
#1118 = AXIS2_PLACEMENT_3D ( 'NONE', #390, #3372, #2479 ) ;
#1119 = ORIENTED_EDGE ( 'NONE', *, *, #2310, .F. ) ;
#1120 = DIRECTION ( 'NONE',  ( 1.000000000000000000, 0.000000000000000000, -0.000000000000000000 ) ) ;
#1121 = ADVANCED_FACE ( 'NONE', ( #212 ), #3735, .T. ) ;
#1122 = EDGE_CURVE ( 'NONE', #231, #2712, #3094, .T. ) ;
#1123 = VECTOR ( 'NONE', #572, 1000.000000000000000 ) ;
#1124 = LINE ( 'NONE', #3728, #633 ) ;
#1125 = CARTESIAN_POINT ( 'NONE',  ( 3.270000000000000462, 2.400000000000000799, -3.047500000000003872 ) ) ;
#1126 = CARTESIAN_POINT ( 'NONE',  ( -1.835999999999999854, 1.634999999999999343, 3.987968801573925859 ) ) ;
#1127 = ORIENTED_EDGE ( 'NONE', *, *, #2045, .T. ) ;
#1128 = ORIENTED_EDGE ( 'NONE', *, *, #2924, .T. ) ;
#1129 = DIRECTION ( 'NONE',  ( 0.000000000000000000, 1.417911877686119608E-16, -1.000000000000000000 ) ) ;
#1130 = DIRECTION ( 'NONE',  ( 0.000000000000000000, 2.168404344971003346E-15, 1.000000000000000000 ) ) ;
#1131 = DIRECTION ( 'NONE',  ( 1.000000000000000000, -0.000000000000000000, 0.000000000000000000 ) ) ;
#1132 = SURFACE_SIDE_STYLE ('',( #2028 ) ) ;
#1133 = ORIENTED_EDGE ( 'NONE', *, *, #3042, .F. ) ;
#1134 = CARTESIAN_POINT ( 'NONE',  ( 0.000000000000000000, 2.349999999999999645, -1.881343345151182289 ) ) ;
#1135 = ORIENTED_EDGE ( 'NONE', *, *, #415, .F. ) ;
#1136 = EDGE_CURVE ( 'NONE', #2870, #1461, #1702, .T. ) ;
#1137 = CARTESIAN_POINT ( 'NONE',  ( 3.060027207537799221, 2.400000000000000355, -2.413885230265562676 ) ) ;
#1138 = CARTESIAN_POINT ( 'NONE',  ( -2.454999999999999627, 0.5300000000000001377, -2.610632298677259211 ) ) ;
#1139 = DIRECTION ( 'NONE',  ( -0.000000000000000000, 0.000000000000000000, -1.000000000000000000 ) ) ;
#1140 = DIRECTION ( 'NONE',  ( 0.000000000000000000, 0.000000000000000000, -1.000000000000000000 ) ) ;
#1141 = ORIENTED_EDGE ( 'NONE', *, *, #1942, .T. ) ;
#1142 = EDGE_CURVE ( 'NONE', #2264, #3667, #3528, .T. ) ;
#1143 = CARTESIAN_POINT ( 'NONE',  ( 1.802500000000000435, 0.000000000000000000, -4.271131008331266798 ) ) ;
#1144 = ADVANCED_FACE ( 'NONE', ( #288 ), #882, .F. ) ;
#1145 = EDGE_CURVE ( 'NONE', #1306, #1053, #2070, .T. ) ;
#1146 = LINE ( 'NONE', #588, #3405 ) ;
#1147 = LINE ( 'NONE', #283, #1604 ) ;
#1148 = CARTESIAN_POINT ( 'NONE',  ( 2.670999999999999819, 1.099999999999999201, 3.047499999999999432 ) ) ;
#1149 = FACE_OUTER_BOUND ( 'NONE', #547, .T. ) ;
#1150 = ORIENTED_EDGE ( 'NONE', *, *, #1754, .T. ) ;
#1151 = LINE ( 'NONE', #1764, #3345 ) ;
#1152 = VERTEX_POINT ( 'NONE', #2382 ) ;
#1153 = ORIENTED_EDGE ( 'NONE', *, *, #2192, .T. ) ;
#1154 = DIRECTION ( 'NONE',  ( 0.000000000000000000, 0.000000000000000000, -1.000000000000000000 ) ) ;
#1155 = SURFACE_STYLE_USAGE ( .BOTH. , #3153 ) ;
#1156 = CARTESIAN_POINT ( 'NONE',  ( -2.736000000000000210, 1.099999999999999201, 3.152686667747479188 ) ) ;
#1157 = FACE_OUTER_BOUND ( 'NONE', #1089, .T. ) ;
#1158 = ORIENTED_EDGE ( 'NONE', *, *, #3478, .T. ) ;
#1159 = LINE ( 'NONE', #2389, #573 ) ;
#1160 = CARTESIAN_POINT ( 'NONE',  ( 2.670999999999999819, 1.634999999999998899, 3.000693565013633712 ) ) ;
#1161 = MECHANICAL_DESIGN_GEOMETRIC_PRESENTATION_REPRESENTATION (  '', ( #3135 ), #359 ) ;
#1162 = VECTOR ( 'NONE', #1542, 1000.000000000000000 ) ;
#1163 = MECHANICAL_DESIGN_GEOMETRIC_PRESENTATION_REPRESENTATION (  '', ( #3014 ), #2036 ) ;
#1164 = SURFACE_SIDE_STYLE ('',( #3200 ) ) ;
#1165 = MECHANICAL_DESIGN_GEOMETRIC_PRESENTATION_REPRESENTATION (  '', ( #241 ), #1474 ) ;
#1166 = PLANE ( 'NONE',  #2040 ) ;
#1167 = FILL_AREA_STYLE ('',( #3224 ) ) ;
#1168 = EDGE_LOOP ( 'NONE', ( #1718, #1404, #5, #620 ) ) ;
#1169 = PRESENTATION_LAYER_ASSIGNMENT (  '', '', ( #3510 ) ) ;
#1170 = ORIENTED_EDGE ( 'NONE', *, *, #207, .T. ) ;
#1171 = CARTESIAN_POINT ( 'NONE',  ( 0.3849999999999998979, 2.779758343777461338, 3.857499999999999929 ) ) ;
#1172 = CARTESIAN_POINT ( 'NONE',  ( 0.3306339741569082058, 0.5300000000000001377, -2.610632298677260543 ) ) ;
#1173 = EDGE_CURVE ( 'NONE', #1590, #566, #432, .T. ) ;
#1174 = CARTESIAN_POINT ( 'NONE',  ( -3.060027207537798777, 2.399999999999999911, 0.000000000000000000 ) ) ;
#1175 = VECTOR ( 'NONE', #2868, 1000.000000000000000 ) ;
#1176 = SURFACE_STYLE_FILL_AREA ( #13 ) ;
#1177 = ORIENTED_EDGE ( 'NONE', *, *, #1080, .T. ) ;
#1178 = LINE ( 'NONE', #1783, #809 ) ;
#1179 = VECTOR ( 'NONE', #1715, 1000.000000000000000 ) ;
#1180 = CARTESIAN_POINT ( 'NONE',  ( -0.3849999999999998979, 1.634999999999999343, 3.857499999999999929 ) ) ;
#1181 = FACE_OUTER_BOUND ( 'NONE', #2787, .T. ) ;
#1182 = EDGE_LOOP ( 'NONE', ( #751, #2664, #2962, #1710 ) ) ;
#1183 = AXIS2_PLACEMENT_3D ( 'NONE', #2949, #3514, #3495 ) ;
#1184 = DIRECTION ( 'NONE',  ( -0.000000000000000000, -1.000000000000000000, -0.000000000000000000 ) ) ;
#1185 = VECTOR ( 'NONE', #1319, 1000.000000000000000 ) ;
#1186 = MECHANICAL_DESIGN_GEOMETRIC_PRESENTATION_REPRESENTATION (  '', ( #2054 ), #2369 ) ;
#1187 = AXIS2_PLACEMENT_3D ( 'NONE', #3770, #30, #3242 ) ;
#1188 = COLOUR_RGB ( '',0.2509803921568627416, 0.2509803921568627416, 0.2509803921568627416 ) ;
#1189 = CARTESIAN_POINT ( 'NONE',  ( -1.900999999999999801, 1.634999999999998899, 3.152686667747479632 ) ) ;
#1190 = STYLED_ITEM ( 'NONE', ( #851 ), #3086 ) ;
#1191 = CARTESIAN_POINT ( 'NONE',  ( -2.602499999999998259, 0.8173098204651521037, -2.975994656120896309 ) ) ;
#1192 = VERTEX_POINT ( 'NONE', #2011 ) ;
#1193 = PRODUCT_RELATED_PRODUCT_CATEGORY ( 'part', '', ( #2452 ) ) ;
#1194 = ORIENTED_EDGE ( 'NONE', *, *, #831, .T. ) ;
#1195 = FACE_OUTER_BOUND ( 'NONE', #2417, .T. ) ;
#1196 = PLANE ( 'NONE',  #941 ) ;
#1197 = ORIENTED_EDGE ( 'NONE', *, *, #444, .T. ) ;
#1198 = ADVANCED_FACE ( 'NONE', ( #1195 ), #3504, .F. ) ;
#1199 = CARTESIAN_POINT ( 'NONE',  ( 0.000000000000000000, 0.000000000000000000, -2.610632298677259211 ) ) ;
#1200 = DIRECTION ( 'NONE',  ( 0.000000000000000000, 1.000000000000000000, 0.000000000000000000 ) ) ;
#1201 = LINE ( 'NONE', #889, #2851 ) ;
#1202 = LINE ( 'NONE', #546, #2899 ) ;
#1203 = DIRECTION ( 'NONE',  ( 0.000000000000000000, 0.000000000000000000, 1.000000000000000000 ) ) ;
#1204 = ORIENTED_EDGE ( 'NONE', *, *, #2045, .F. ) ;
#1205 = PRESENTATION_STYLE_ASSIGNMENT (( #61 ) ) ;
#1206 = CARTESIAN_POINT ( 'NONE',  ( 2.670999999999999819, 0.4050000000000000822, 4.839221914831485449 ) ) ;
#1207 = FILL_AREA_STYLE ('',( #910 ) ) ;
#1208 =( LENGTH_UNIT ( ) NAMED_UNIT ( * ) SI_UNIT ( .MILLI., .METRE. ) );
#1209 = ADVANCED_FACE ( 'NONE', ( #3230 ), #3486, .T. ) ;
#1210 = SURFACE_SIDE_STYLE ('',( #1835 ) ) ;
#1211 = ORIENTED_EDGE ( 'NONE', *, *, #445, .T. ) ;
#1212 = CARTESIAN_POINT ( 'NONE',  ( 0.000000000000000000, 2.349999999999999645, -1.881343345151182289 ) ) ;
#1213 = CARTESIAN_POINT ( 'NONE',  ( 2.670999999999999819, 1.099999999999999201, 3.152686667747479632 ) ) ;
#1214 = SURFACE_SIDE_STYLE ('',( #3566 ) ) ;
#1215 = CARTESIAN_POINT ( 'NONE',  ( -2.454999999999999627, 0.000000000000000000, -2.610632298677259211 ) ) ;
#1216 = CARTESIAN_POINT ( 'NONE',  ( -0.9999999999999997780, 0.000000000000000000, -4.071131008331267509 ) ) ;
#1217 = VERTEX_POINT ( 'NONE', #574 ) ;
#1218 = EDGE_CURVE ( 'NONE', #2560, #611, #2315, .T. ) ;
#1219 = EDGE_CURVE ( 'NONE', #3124, #2849, #1147, .T. ) ;
#1220 = DIRECTION ( 'NONE',  ( 1.000000000000000000, 0.000000000000000000, 0.000000000000000000 ) ) ;
#1221 = DIRECTION ( 'NONE',  ( 0.000000000000000000, 0.000000000000000000, 1.000000000000000000 ) ) ;
#1222 = ADVANCED_FACE ( 'NONE', ( #1400 ), #1166, .F. ) ;
#1223 = CARTESIAN_POINT ( 'NONE',  ( -1.900999999999999801, 1.099999999999998979, 3.987968801573925859 ) ) ;
#1224 = FILL_AREA_STYLE ('',( #3579 ) ) ;
#1225 = PRESENTATION_LAYER_ASSIGNMENT (  '', '', ( #2277 ) ) ;
#1226 = DIRECTION ( 'NONE',  ( 0.000000000000000000, 0.000000000000000000, 1.000000000000000000 ) ) ;
#1227 = ORIENTED_EDGE ( 'NONE', *, *, #464, .T. ) ;
#1228 = VECTOR ( 'NONE', #3634, 1000.000000000000000 ) ;
#1229 = PLANE ( 'NONE',  #192 ) ;
#1230 = EDGE_LOOP ( 'NONE', ( #3383, #148, #354, #702, #2635, #1402, #1938, #1001 ) ) ;
#1231 = EDGE_LOOP ( 'NONE', ( #1158, #2819, #285, #44 ) ) ;
#1232 = VECTOR ( 'NONE', #428, 1000.000000000000000 ) ;
#1233 = LINE ( 'NONE', #3234, #971 ) ;
#1234 = CARTESIAN_POINT ( 'NONE',  ( -1.900999999999999801, 1.634999999999998233, 3.987968801573925859 ) ) ;
#1235 =( BOUNDED_CURVE ( )  B_SPLINE_CURVE ( 3, ( #879, #1191, #1481, #2294 ),
 .UNSPECIFIED., .F., .T. ) 
 B_SPLINE_CURVE_WITH_KNOTS ( ( 4, 4 ),
 ( 4.712388980384689674, 5.032388369999460487 ),
 .UNSPECIFIED. ) 
 CURVE ( )  GEOMETRIC_REPRESENTATION_ITEM ( )  RATIONAL_B_SPLINE_CURVE ( ( 1.000000000000000000, 0.9914848879988806818, 0.9914848879988806818, 1.000000000000000000 ) ) 
 REPRESENTATION_ITEM ( '' )  );
#1236 = VECTOR ( 'NONE', #2739, 1000.000000000000227 ) ;
#1237 = DIRECTION ( 'NONE',  ( 0.000000000000000000, 0.000000000000000000, 1.000000000000000000 ) ) ;
#1238 =( LENGTH_UNIT ( ) NAMED_UNIT ( * ) SI_UNIT ( .MILLI., .METRE. ) );
#1239 = ORIENTED_EDGE ( 'NONE', *, *, #3025, .T. ) ;
#1240 = SURFACE_STYLE_FILL_AREA ( #2443 ) ;
#1241 = VERTEX_POINT ( 'NONE', #242 ) ;
#1242 = PRESENTATION_LAYER_ASSIGNMENT (  '', '', ( #983 ) ) ;
#1243 = EDGE_CURVE ( 'NONE', #3621, #862, #3166, .T. ) ;
#1244 = FACE_OUTER_BOUND ( 'NONE', #821, .T. ) ;
#1245 = COLOUR_RGB ( '',0.2509803921568627416, 0.2509803921568627416, 0.2509803921568627416 ) ;
#1246 = VECTOR ( 'NONE', #2903, 1000.000000000000000 ) ;
#1247 = ADVANCED_FACE ( 'NONE', ( #3498 ), #3481, .T. ) ;
#1248 = DIRECTION ( 'NONE',  ( 1.000000000000000000, -0.000000000000000000, 0.000000000000000000 ) ) ;
#1249 = AXIS2_PLACEMENT_3D ( 'NONE', #1611, #3438, #2256 ) ;
#1250 = VECTOR ( 'NONE', #2420, 1000.000000000000000 ) ;
#1251 = FILL_AREA_STYLE ('',( #3617 ) ) ;
#1252 = LINE ( 'NONE', #1875, #67 ) ;
#1253 = PRESENTATION_LAYER_ASSIGNMENT (  '', '', ( #3232 ) ) ;
#1254 = CARTESIAN_POINT ( 'NONE',  ( -2.670999999999999819, 1.634999999999999343, 3.774755297230884654 ) ) ;
#1255 = ORIENTED_EDGE ( 'NONE', *, *, #2990, .T. ) ;
#1256 = CARTESIAN_POINT ( 'NONE',  ( -3.270000000000000462, -2.168404344971008868E-16, -2.379999999999998561 ) ) ;
#1257 = EDGE_LOOP ( 'NONE', ( #2168, #1029, #2383, #3363 ) ) ;
#1258 =( GEOMETRIC_REPRESENTATION_CONTEXT ( 3 ) GLOBAL_UNCERTAINTY_ASSIGNED_CONTEXT ( ( #3755 ) ) GLOBAL_UNIT_ASSIGNED_CONTEXT ( ( #345, #939, #1654 ) ) REPRESENTATION_CONTEXT ( 'NONE', 'WORKASPACE' ) );
#1259 = LINE ( 'NONE', #2477, #238 ) ;
#1260 = DIRECTION ( 'NONE',  ( 1.000000000000000000, 0.000000000000000000, 0.000000000000000000 ) ) ;
#1261 = DIRECTION ( 'NONE',  ( 0.000000000000000000, 1.000000000000000000, 0.000000000000000000 ) ) ;
#1262 = ORIENTED_EDGE ( 'NONE', *, *, #1075, .T. ) ;
#1263 = ORIENTED_EDGE ( 'NONE', *, *, #2503, .F. ) ;
#1264 = UNCERTAINTY_MEASURE_WITH_UNIT (LENGTH_MEASURE( 1.000000000000000082E-05 ), #1023, 'distance_accuracy_value', 'NONE');
#1265 = ADVANCED_FACE ( 'NONE', ( #2291 ), #205, .F. ) ;
#1266 = EDGE_CURVE ( 'NONE', #2249, #665, #257, .T. ) ;
#1267 = DIRECTION ( 'NONE',  ( 1.000000000000000000, 0.000000000000000000, 0.000000000000000000 ) ) ;
#1268 = SURFACE_SIDE_STYLE ('',( #982 ) ) ;
#1269 = EDGE_CURVE ( 'NONE', #2800, #1692, #806, .T. ) ;
#1270 = DIRECTION ( 'NONE',  ( 0.000000000000000000, 0.000000000000000000, 1.000000000000000000 ) ) ;
#1271 = SURFACE_STYLE_FILL_AREA ( #3083 ) ;
#1272 = CARTESIAN_POINT ( 'NONE',  ( -2.670999999999999819, 1.634999999999998899, 3.000693565013633712 ) ) ;
#1273 = LINE ( 'NONE', #1545, #1439 ) ;
#1274 = ORIENTED_EDGE ( 'NONE', *, *, #848, .T. ) ;
#1275 = DIRECTION ( 'NONE',  ( -0.000000000000000000, -1.000000000000000000, -0.000000000000000000 ) ) ;
#1276 = CARTESIAN_POINT ( 'NONE',  ( -0.3849999999999998979, 1.099999999999998979, 3.774755297230884654 ) ) ;
#1277 = ORIENTED_EDGE ( 'NONE', *, *, #3783, .T. ) ;
#1278 =( LENGTH_UNIT ( ) NAMED_UNIT ( * ) SI_UNIT ( .MILLI., .METRE. ) );
#1279 = EDGE_LOOP ( 'NONE', ( #3251, #2453, #2637, #1847 ) ) ;
#1280 = DIRECTION ( 'NONE',  ( 0.000000000000000000, 1.000000000000000000, 0.000000000000000000 ) ) ;
#1281 = ADVANCED_FACE ( 'NONE', ( #1079 ), #3740, .F. ) ;
#1282 = FACE_OUTER_BOUND ( 'NONE', #3418, .T. ) ;
#1283 = SURFACE_STYLE_FILL_AREA ( #1004 ) ;
#1284 = ORIENTED_EDGE ( 'NONE', *, *, #281, .T. ) ;
#1285 = DIRECTION ( 'NONE',  ( -1.000000000000000000, -0.000000000000000000, -0.000000000000000000 ) ) ;
#1286 = COLOUR_RGB ( '',1.000000000000000000, 1.000000000000000000, 1.000000000000000000 ) ;
#1287 = FILL_AREA_STYLE ('',( #3661 ) ) ;
#1288 = MECHANICAL_DESIGN_GEOMETRIC_PRESENTATION_REPRESENTATION (  '', ( #2524 ), #2838 ) ;
#1289 = CARTESIAN_POINT ( 'NONE',  ( -0.3849999999999998979, 1.634999999999999343, 3.987968801573925859 ) ) ;
#1290 = ORIENTED_EDGE ( 'NONE', *, *, #697, .T. ) ;
#1291 = VECTOR ( 'NONE', #843, 1000.000000000000000 ) ;
#1292 = CARTESIAN_POINT ( 'NONE',  ( -1.900999999999999801, 0.2947334071814997070, 4.213868991668734409 ) ) ;
#1293 = FACE_OUTER_BOUND ( 'NONE', #214, .T. ) ;
#1294 = VECTOR ( 'NONE', #1087, 1000.000000000000000 ) ;
#1295 = ORIENTED_EDGE ( 'NONE', *, *, #3603, .F. ) ;
#1296 = CARTESIAN_POINT ( 'NONE',  ( 0.000000000000000000, 0.5300000000000001377, -2.295485129375110400 ) ) ;
#1297 = VERTEX_POINT ( 'NONE', #1156 ) ;
#1298 = VECTOR ( 'NONE', #2905, 1000.000000000000114 ) ;
#1299 = AXIS2_PLACEMENT_3D ( 'NONE', #1427, #1131, #3415 ) ;
#1300 = FACE_OUTER_BOUND ( 'NONE', #1062, .T. ) ;
#1301 = VECTOR ( 'NONE', #1397, 1000.000000000000000 ) ;
#1302 = LINE ( 'NONE', #3656, #1228 ) ;
#1303 = DIRECTION ( 'NONE',  ( 0.000000000000000000, -0.000000000000000000, 1.000000000000000000 ) ) ;
#1304 = ORIENTED_EDGE ( 'NONE', *, *, #2487, .F. ) ;
#1305 = STYLED_ITEM ( 'NONE', ( #2508 ), #2022 ) ;
#1306 = VERTEX_POINT ( 'NONE', #1749 ) ;
#1307 = AXIS2_PLACEMENT_3D ( 'NONE', #2317, #2007, #2969 ) ;
#1308 = DIRECTION ( 'NONE',  ( 0.000000000000000000, 1.000000000000000000, 0.000000000000000000 ) ) ;
#1309 = PRESENTATION_STYLE_ASSIGNMENT (( #386 ) ) ;
#1310 = EDGE_LOOP ( 'NONE', ( #1965, #2550, #883, #480, #521, #3322, #2554, #2493, #1177, #1344, #1531, #3285, #509, #2981 ) ) ;
#1311 = EDGE_CURVE ( 'NONE', #3171, #310, #2348, .T. ) ;
#1312 = AXIS2_PLACEMENT_3D ( 'NONE', #3181, #476, #1044 ) ;
#1313 = LINE ( 'NONE', #407, #911 ) ;
#1314 = DIRECTION ( 'NONE',  ( 1.000000000000000000, -0.000000000000000000, 0.000000000000000000 ) ) ;
#1315 = SURFACE_STYLE_FILL_AREA ( #2796 ) ;
#1316 = CARTESIAN_POINT ( 'NONE',  ( -2.602499999999998703, 5.442423362001450931E-16, -3.047500000000000764 ) ) ;
#1317 = COLOUR_RGB ( '',1.000000000000000000, 1.000000000000000000, 1.000000000000000000 ) ;
#1318 = ORIENTED_EDGE ( 'NONE', *, *, #2876, .F. ) ;
#1319 = DIRECTION ( 'NONE',  ( 1.000000000000000000, 0.000000000000000000, 0.000000000000000000 ) ) ;
#1320 = ORIENTED_EDGE ( 'NONE', *, *, #2547, .T. ) ;
#1321 = ADVANCED_FACE ( 'NONE', ( #3758 ), #197, .F. ) ;
#1322 = CARTESIAN_POINT ( 'NONE',  ( -1.900999999999999801, 1.017364817766691854, 4.086449576875147649 ) ) ;
#1323 = ORIENTED_EDGE ( 'NONE', *, *, #886, .F. ) ;
#1324 = CARTESIAN_POINT ( 'NONE',  ( 0.000000000000000000, 0.000000000000000000, 0.000000000000000000 ) ) ;
#1325 = ORIENTED_EDGE ( 'NONE', *, *, #1479, .T. ) ;
#1326 = CARTESIAN_POINT ( 'NONE',  ( 0.3849999999999998979, 1.099999999999998979, 3.774755297230884654 ) ) ;
#1327 = CARTESIAN_POINT ( 'NONE',  ( 2.670999999999999819, 1.634999999999998677, 3.774755297230884654 ) ) ;
#1328 = VERTEX_POINT ( 'NONE', #2579 ) ;
#1329 = LINE ( 'NONE', #2842, #2915 ) ;
#1330 = ORIENTED_EDGE ( 'NONE', *, *, #348, .F. ) ;
#1331 = CARTESIAN_POINT ( 'NONE',  ( -1.900999999999999801, 1.099999999999999201, 3.774755297230884654 ) ) ;
#1332 = FILL_AREA_STYLE_COLOUR ( '', #628 ) ;
#1333 = CARTESIAN_POINT ( 'NONE',  ( -0.3306339741569082058, 0.000000000000000000, -2.453058714026184806 ) ) ;
#1334 = PRESENTATION_STYLE_ASSIGNMENT (( #1052 ) ) ;
#1335 = VERTEX_POINT ( 'NONE', #2929 ) ;
#1336 = ORIENTED_EDGE ( 'NONE', *, *, #528, .F. ) ;
#1337 = UNCERTAINTY_MEASURE_WITH_UNIT (LENGTH_MEASURE( 1.000000000000000082E-05 ), #3240, 'distance_accuracy_value', 'NONE');
#1338 =( NAMED_UNIT ( * ) PLANE_ANGLE_UNIT ( ) SI_UNIT ( $, .RADIAN. ) );
#1339 = EDGE_CURVE ( 'NONE', #137, #2881, #1452, .T. ) ;
#1340 = EDGE_CURVE ( 'NONE', #1917, #2414, #2641, .T. ) ;
#1341 = ORIENTED_EDGE ( 'NONE', *, *, #1479, .F. ) ;
#1342 = EDGE_CURVE ( 'NONE', #1991, #1416, #545, .T. ) ;
#1343 = ORIENTED_EDGE ( 'NONE', *, *, #948, .F. ) ;
#1344 = ORIENTED_EDGE ( 'NONE', *, *, #1266, .T. ) ;
#1345 = CARTESIAN_POINT ( 'NONE',  ( -1.000000000000000000, 0.5300000000000001377, -4.271131008331265910 ) ) ;
#1346 = DIRECTION ( 'NONE',  ( -1.000000000000000000, -0.000000000000000000, -0.000000000000000000 ) ) ;
#1347 = DIRECTION ( 'NONE',  ( 1.000000000000000000, -0.000000000000000000, 0.000000000000000000 ) ) ;
#1348 = DIRECTION ( 'NONE',  ( -0.000000000000000000, 0.000000000000000000, -1.000000000000000000 ) ) ;
#1349 = ORIENTED_EDGE ( 'NONE', *, *, #2595, .F. ) ;
#1350 = VERTEX_POINT ( 'NONE', #584 ) ;
#1351 = DIRECTION ( 'NONE',  ( -0.000000000000000000, 1.000000000000000000, -0.000000000000000000 ) ) ;
#1352 = CLOSED_SHELL ( 'NONE', ( #3276, #2336, #585, #2674, #1908, #2286, #2767, #2191, #2466, #418, #2602, #299, #1768, #2230, #1222, #1884, #1897, #999, #2003, #536, #629, #716 ) ) ;
#1353 = ORIENTED_EDGE ( 'NONE', *, *, #1793, .T. ) ;
#1354 = VERTEX_POINT ( 'NONE', #3236 ) ;
#1355 = VECTOR ( 'NONE', #1839, 1000.000000000000000 ) ;
#1356 = DIRECTION ( 'NONE',  ( 0.000000000000000000, 0.000000000000000000, -1.000000000000000000 ) ) ;
#1357 = MECHANICAL_DESIGN_GEOMETRIC_PRESENTATION_REPRESENTATION (  '', ( #3510 ), #2472 ) ;
#1358 = LINE ( 'NONE', #2839, #2173 ) ;
#1359 = STYLED_ITEM ( 'NONE', ( #482 ), #1670 ) ;
#1360 = ORIENTED_EDGE ( 'NONE', *, *, #227, .F. ) ;
#1361 = EDGE_CURVE ( 'NONE', #2918, #3341, #3722, .T. ) ;
#1362 = EDGE_CURVE ( 'NONE', #2633, #2870, #2852, .T. ) ;
#1363 = CARTESIAN_POINT ( 'NONE',  ( 2.455000000000000959, -7.410644371443013689, 1.003868991668733557 ) ) ;
#1364 = AXIS2_PLACEMENT_3D ( 'NONE', #3142, #1676, #769 ) ;
#1365 = CARTESIAN_POINT ( 'NONE',  ( 0.3306339741569082058, 0.5300000000000001377, -2.610632298677260543 ) ) ;
#1366 = CYLINDRICAL_SURFACE ( 'NONE', #3517, 0.6350000000000001199 ) ;
#1367 = STYLED_ITEM ( 'NONE', ( #1205 ), #2337 ) ;
#1368 = ORIENTED_EDGE ( 'NONE', *, *, #630, .T. ) ;
#1369 = EDGE_LOOP ( 'NONE', ( #3778, #1988, #2458, #1119 ) ) ;
#1370 = FACE_OUTER_BOUND ( 'NONE', #1230, .T. ) ;
#1371 = VECTOR ( 'NONE', #2713, 1000.000000000000000 ) ;
#1372 = AXIS2_PLACEMENT_3D ( 'NONE', #1647, #2026, #3686 ) ;
#1373 = DIRECTION ( 'NONE',  ( -1.000000000000000000, 0.000000000000000000, 1.199835977794569805E-16 ) ) ;
#1374 = EDGE_LOOP ( 'NONE', ( #1939, #1910, #3662, #2188, #1632, #3794, #1607, #2390, #1946, #959, #342, #667 ) ) ;
#1375 = COLOUR_RGB ( '',0.2509803921568627416, 0.2509803921568627416, 0.2509803921568627416 ) ;
#1376 = ORIENTED_EDGE ( 'NONE', *, *, #3531, .T. ) ;
#1377 = STYLED_ITEM ( 'NONE', ( #608 ), #2875 ) ;
#1378 = CARTESIAN_POINT ( 'NONE',  ( -1.835999999999999854, 1.099999999999999201, 3.774755297230884654 ) ) ;
#1379 = VECTOR ( 'NONE', #3256, 1000.000000000000114 ) ;
#1380 = DIRECTION ( 'NONE',  ( -0.000000000000000000, -0.000000000000000000, 1.000000000000000000 ) ) ;
#1381 = CARTESIAN_POINT ( 'NONE',  ( -1.802499999999999991, 0.000000000000000000, -4.271131008331265910 ) ) ;
#1382 = CARTESIAN_POINT ( 'NONE',  ( 0.3306339741569084278, 0.000000000000000000, -2.295485129375112177 ) ) ;
#1383 = CARTESIAN_POINT ( 'NONE',  ( -3.173762470121491930, 1.099999999999999201, 3.047500000000000320 ) ) ;
#1384 = DIRECTION ( 'NONE',  ( 0.000000000000000000, -0.08715574274765153229, 0.9961946980917461003 ) ) ;
#1385 = EDGE_CURVE ( 'NONE', #2552, #3411, #3549, .T. ) ;
#1386 = EDGE_CURVE ( 'NONE', #1430, #1692, #2091, .T. ) ;
#1387 = CARTESIAN_POINT ( 'NONE',  ( -0.3849999999999998979, 1.099999999999999201, 3.987968801573925859 ) ) ;
#1388 = VERTEX_POINT ( 'NONE', #903 ) ;
#1389 = VERTEX_POINT ( 'NONE', #1216 ) ;
#1390 = CARTESIAN_POINT ( 'NONE',  ( -2.736000000000000210, 1.099999999999999201, 3.774755297230884654 ) ) ;
#1391 = DIRECTION ( 'NONE',  ( 1.000000000000000000, -0.000000000000000000, 0.000000000000000000 ) ) ;
#1392 = ORIENTED_EDGE ( 'NONE', *, *, #810, .T. ) ;
#1393 = DIRECTION ( 'NONE',  ( 1.000000000000000000, 0.000000000000000000, 0.000000000000000000 ) ) ;
#1394 =( LENGTH_UNIT ( ) NAMED_UNIT ( * ) SI_UNIT ( .MILLI., .METRE. ) );
#1395 = CARTESIAN_POINT ( 'NONE',  ( -2.735999999999999766, 1.634999999999999343, 3.987968801573925859 ) ) ;
#1396 =( NAMED_UNIT ( * ) SI_UNIT ( $, .STERADIAN. ) SOLID_ANGLE_UNIT ( ) );
#1397 = DIRECTION ( 'NONE',  ( -1.000000000000000000, -0.000000000000000000, -0.000000000000000000 ) ) ;
#1398 = PLANE ( 'NONE',  #2034 ) ;
#1399 = CARTESIAN_POINT ( 'NONE',  ( -1.900999999999999801, 1.099999999999999201, 3.987968801573925859 ) ) ;
#1400 = FACE_OUTER_BOUND ( 'NONE', #3052, .T. ) ;
#1401 = ORIENTED_EDGE ( 'NONE', *, *, #1525, .F. ) ;
#1402 = ORIENTED_EDGE ( 'NONE', *, *, #3017, .T. ) ;
#1403 = DIRECTION ( 'NONE',  ( 1.000000000000000000, 0.000000000000000000, -2.623329136699006147E-15 ) ) ;
#1404 = ORIENTED_EDGE ( 'NONE', *, *, #1385, .T. ) ;
#1405 = LINE ( 'NONE', #2820, #740 ) ;
#1406 = VERTEX_POINT ( 'NONE', #350 ) ;
#1407 = UNCERTAINTY_MEASURE_WITH_UNIT (LENGTH_MEASURE( 1.000000000000000082E-05 ), #3024, 'distance_accuracy_value', 'NONE');
#1408 = AXIS2_PLACEMENT_3D ( 'NONE', #97, #1267, #3332 ) ;
#1409 = EDGE_CURVE ( 'NONE', #3505, #1495, #3638, .T. ) ;
#1410 = CARTESIAN_POINT ( 'NONE',  ( 2.670999999999999819, 1.110266592818500042, 4.613321724736676011 ) ) ;
#1411 = COLOUR_RGB ( '',0.2509803921568627416, 0.2509803921568627416, 0.2509803921568627416 ) ;
#1412 = EDGE_CURVE ( 'NONE', #3068, #1739, #3326, .T. ) ;
#1413 = DIRECTION ( 'NONE',  ( 0.000000000000000000, 0.9961946980917461003, -0.08715574274765180984 ) ) ;
#1414 = LINE ( 'NONE', #527, #2281 ) ;
#1415 = VECTOR ( 'NONE', #3451, 1000.000000000000000 ) ;
#1416 = VERTEX_POINT ( 'NONE', #920 ) ;
#1417 = COLOUR_RGB ( '',0.2509803921568627416, 0.2509803921568627416, 0.2509803921568627416 ) ;
#1418 = CARTESIAN_POINT ( 'NONE',  ( 0.3306339741569082058, -7.410644371443013689, -2.453058714026187026 ) ) ;
#1419 = VECTOR ( 'NONE', #3768, 1000.000000000000000 ) ;
#1420 = ORIENTED_EDGE ( 'NONE', *, *, #2169, .F. ) ;
#1421 = CARTESIAN_POINT ( 'NONE',  ( -0.3306339741569082058, 0.5300000000000001377, -2.295485129375110400 ) ) ;
#1422 =( GEOMETRIC_REPRESENTATION_CONTEXT ( 3 ) GLOBAL_UNCERTAINTY_ASSIGNED_CONTEXT ( ( #1020 ) ) GLOBAL_UNIT_ASSIGNED_CONTEXT ( ( #866, #218, #3176 ) ) REPRESENTATION_CONTEXT ( 'NONE', 'WORKASPACE' ) );
#1423 = ORIENTED_EDGE ( 'NONE', *, *, #1409, .F. ) ;
#1424 = ORIENTED_EDGE ( 'NONE', *, *, #1145, .F. ) ;
#1425 = DIRECTION ( 'NONE',  ( -1.000000000000000000, 0.000000000000000000, -0.000000000000000000 ) ) ;
#1426 = AXIS2_PLACEMENT_3D ( 'NONE', #2079, #2909, #2018 ) ;
#1427 = CARTESIAN_POINT ( 'NONE',  ( 0.3849999999999998979, 0.9999999999999988898, 3.987968801573925859 ) ) ;
#1428 = ORIENTED_EDGE ( 'NONE', *, *, #3670, .T. ) ;
#1429 = EDGE_CURVE ( 'NONE', #3725, #953, #335, .T. ) ;
#1430 = VERTEX_POINT ( 'NONE', #2133 ) ;
#1431 = VECTOR ( 'NONE', #2771, 1000.000000000000000 ) ;
#1432 = CARTESIAN_POINT ( 'NONE',  ( 1.900999999999999801, 0.3050000000000000488, 4.839221914831485449 ) ) ;
#1433 = CIRCLE ( 'NONE', #2176, 0.6350000000000001199 ) ;
#1434 = DIRECTION ( 'NONE',  ( -0.000000000000000000, -1.000000000000000000, -0.000000000000000000 ) ) ;
#1435 = ORIENTED_EDGE ( 'NONE', *, *, #2077, .T. ) ;
#1436 = ADVANCED_FACE ( 'NONE', ( #41 ), #639, .F. ) ;
#1437 = PRESENTATION_LAYER_ASSIGNMENT (  '', '', ( #1190 ) ) ;
#1438 = FILL_AREA_STYLE ('',( #1498 ) ) ;
#1439 = VECTOR ( 'NONE', #2436, 1000.000000000000000 ) ;
#1440 = SURFACE_SIDE_STYLE ('',( #2874 ) ) ;
#1441 = DIRECTION ( 'NONE',  ( 0.000000000000000000, 0.000000000000000000, 1.000000000000000000 ) ) ;
#1442 = DIRECTION ( 'NONE',  ( -0.5000000000000008882, 0.000000000000000000, 0.8660254037844382635 ) ) ;
#1443 = PLANE ( 'NONE',  #3041 ) ;
#1444 = SURFACE_STYLE_USAGE ( .BOTH. , #728 ) ;
#1445 = FILL_AREA_STYLE_COLOUR ( '', #2161 ) ;
#1446 = VERTEX_POINT ( 'NONE', #1180 ) ;
#1447 = LINE ( 'NONE', #2897, #749 ) ;
#1448 = ORIENTED_EDGE ( 'NONE', *, *, #2206, .T. ) ;
#1449 = ORIENTED_EDGE ( 'NONE', *, *, #3732, .F. ) ;
#1450 = SURFACE_STYLE_FILL_AREA ( #746 ) ;
#1451 = LINE ( 'NONE', #3796, #382 ) ;
#1452 = LINE ( 'NONE', #3455, #319 ) ;
#1453 = CARTESIAN_POINT ( 'NONE',  ( 2.602500000000000480, 0.5300000000000001377, -2.610632298677259655 ) ) ;
#1454 = ORIENTED_EDGE ( 'NONE', *, *, #575, .F. ) ;
#1455 = CARTESIAN_POINT ( 'NONE',  ( 1.900999999999999801, 0.9999999999999988898, 3.987968801573925859 ) ) ;
#1456 = PLANE ( 'NONE',  #963 ) ;
#1457 = CARTESIAN_POINT ( 'NONE',  ( -2.454999999999999627, 0.000000000000000000, 1.003868991668733779 ) ) ;
#1458 = SURFACE_STYLE_FILL_AREA ( #1504 ) ;
#1459 = ORIENTED_EDGE ( 'NONE', *, *, #1665, .T. ) ;
#1460 = VERTEX_POINT ( 'NONE', #294 ) ;
#1461 = VERTEX_POINT ( 'NONE', #2440 ) ;
#1462 = DIRECTION ( 'NONE',  ( -1.000000000000000000, -0.000000000000000000, 0.000000000000000000 ) ) ;
#1463 = LINE ( 'NONE', #2085, #377 ) ;
#1464 = ORIENTED_EDGE ( 'NONE', *, *, #3275, .T. ) ;
#1465 = DIRECTION ( 'NONE',  ( -1.000000000000000000, 0.000000000000000000, 2.623329136699006147E-15 ) ) ;
#1466 = ORIENTED_EDGE ( 'NONE', *, *, #1361, .F. ) ;
#1467 = DIRECTION ( 'NONE',  ( -0.000000000000000000, 4.392704819632302452E-16, 1.000000000000000000 ) ) ;
#1468 = DIRECTION ( 'NONE',  ( 0.000000000000000000, 0.000000000000000000, 1.000000000000000000 ) ) ;
#1469 = LINE ( 'NONE', #2661, #181 ) ;
#1470 = ORIENTED_EDGE ( 'NONE', *, *, #3043, .F. ) ;
#1471 = FACE_OUTER_BOUND ( 'NONE', #2619, .T. ) ;
#1472 = VECTOR ( 'NONE', #365, 1000.000000000000000 ) ;
#1473 = VECTOR ( 'NONE', #2511, 1000.000000000000000 ) ;
#1474 =( GEOMETRIC_REPRESENTATION_CONTEXT ( 3 ) GLOBAL_UNCERTAINTY_ASSIGNED_CONTEXT ( ( #824 ) ) GLOBAL_UNIT_ASSIGNED_CONTEXT ( ( #605, #1519, #2730 ) ) REPRESENTATION_CONTEXT ( 'NONE', 'WORKASPACE' ) );
#1475 = FACE_OUTER_BOUND ( 'NONE', #107, .T. ) ;
#1476 = LINE ( 'NONE', #2671, #2621 ) ;
#1477 = COLOUR_RGB ( '',0.2509803921568627416, 0.2509803921568627416, 0.2509803921568627416 ) ;
#1478 = FILL_AREA_STYLE_COLOUR ( '', #368 ) ;
#1479 = EDGE_CURVE ( 'NONE', #2655, #970, #3291, .T. ) ;
#1480 = EDGE_CURVE ( 'NONE', #3177, #2308, #3010, .T. ) ;
#1481 = CARTESIAN_POINT ( 'NONE',  ( -2.613892081605986295, 1.624180413938991263, -2.905402626259506516 ) ) ;
#1482 = STYLED_ITEM ( 'NONE', ( #309 ), #1144 ) ;
#1483 = ORIENTED_EDGE ( 'NONE', *, *, #1657, .T. ) ;
#1484 =( LENGTH_UNIT ( ) NAMED_UNIT ( * ) SI_UNIT ( .MILLI., .METRE. ) );
#1485 = FILL_AREA_STYLE ('',( #579 ) ) ;
#1486 = CIRCLE ( 'NONE', #2475, 0.1575735846510743499 ) ;
#1487 = ORIENTED_EDGE ( 'NONE', *, *, #3061, .T. ) ;
#1488 = CARTESIAN_POINT ( 'NONE',  ( 1.900999999999999801, 1.634999999999998899, 3.152686667747479632 ) ) ;
#1489 = ORIENTED_EDGE ( 'NONE', *, *, #3714, .T. ) ;
#1490 = FACE_OUTER_BOUND ( 'NONE', #394, .T. ) ;
#1491 = PLANE ( 'NONE',  #3099 ) ;
#1492 = VECTOR ( 'NONE', #966, 1000.000000000000000 ) ;
#1493 = CARTESIAN_POINT ( 'NONE',  ( -1.900999999999999801, 0.4050000000000000822, 4.839221914831485449 ) ) ;
#1494 = LINE ( 'NONE', #973, #3440 ) ;
#1495 = VERTEX_POINT ( 'NONE', #367 ) ;
#1496 = ORIENTED_EDGE ( 'NONE', *, *, #297, .F. ) ;
#1497 = VECTOR ( 'NONE', #2377, 1000.000000000000000 ) ;
#1498 = FILL_AREA_STYLE_COLOUR ( '', #3031 ) ;
#1499 = AXIS2_PLACEMENT_3D ( 'NONE', #267, #1442, #3483 ) ;
#1500 = AXIS2_PLACEMENT_3D ( 'NONE', #217, #232, #1973 ) ;
#1501 = AXIS2_PLACEMENT_3D ( 'NONE', #40, #1826, #2995 ) ;
#1502 =( LENGTH_UNIT ( ) NAMED_UNIT ( * ) SI_UNIT ( .MILLI., .METRE. ) );
#1503 = PRESENTATION_LAYER_ASSIGNMENT (  '', '', ( #2811 ) ) ;
#1504 = FILL_AREA_STYLE ('',( #325 ) ) ;
#1505 = EDGE_CURVE ( 'NONE', #2613, #1621, #2372, .T. ) ;
#1506 = EDGE_CURVE ( 'NONE', #406, #1389, #2997, .T. ) ;
#1507 = DIRECTION ( 'NONE',  ( -1.324890638475158348E-16, 0.000000000000000000, -1.000000000000000000 ) ) ;
#1508 = ORIENTED_EDGE ( 'NONE', *, *, #2725, .T. ) ;
#1509 = LINE ( 'NONE', #3563, #2856 ) ;
#1510 = ORIENTED_EDGE ( 'NONE', *, *, #2002, .F. ) ;
#1511 = CARTESIAN_POINT ( 'NONE',  ( 2.735999999999999766, 1.634999999999999343, 3.987968801573925859 ) ) ;
#1512 = CARTESIAN_POINT ( 'NONE',  ( 2.735999999999999766, 1.099999999999999423, 3.774755297230884654 ) ) ;
#1513 = DIRECTION ( 'NONE',  ( 1.000000000000000000, 0.000000000000000000, 0.000000000000000000 ) ) ;
#1514 = ORIENTED_EDGE ( 'NONE', *, *, #554, .T. ) ;
#1515 = ORIENTED_EDGE ( 'NONE', *, *, #470, .T. ) ;
#1516 = PLANE ( 'NONE',  #1114 ) ;
#1517 = CARTESIAN_POINT ( 'NONE',  ( 0.3849999999999998979, 1.634999999999999343, 3.987968801573925859 ) ) ;
#1518 = CARTESIAN_POINT ( 'NONE',  ( -0.4499999999999999001, 1.099999999999999423, 3.152686667747479632 ) ) ;
#1519 =( NAMED_UNIT ( * ) PLANE_ANGLE_UNIT ( ) SI_UNIT ( $, .RADIAN. ) );
#1520 = FACE_OUTER_BOUND ( 'NONE', #3733, .T. ) ;
#1521 = FILL_AREA_STYLE_COLOUR ( '', #1043 ) ;
#1522 = EDGE_LOOP ( 'NONE', ( #2777, #317, #2581, #3429 ) ) ;
#1523 = DIRECTION ( 'NONE',  ( 1.000000000000000000, 0.000000000000000000, -0.000000000000000000 ) ) ;
#1524 = EDGE_LOOP ( 'NONE', ( #2966, #726, #20, #2832 ) ) ;
#1525 = EDGE_CURVE ( 'NONE', #844, #1446, #955, .T. ) ;
#1526 = ORIENTED_EDGE ( 'NONE', *, *, #3713, .F. ) ;
#1527 = LINE ( 'NONE', #347, #2408 ) ;
#1528 = FACE_OUTER_BOUND ( 'NONE', #1887, .T. ) ;
#1529 = DIRECTION ( 'NONE',  ( -0.000000000000000000, 1.000000000000000000, 7.089559388430598042E-17 ) ) ;
#1530 = CARTESIAN_POINT ( 'NONE',  ( -2.670999999999999819, 0.3876351822333071184, 4.740741139530263659 ) ) ;
#1531 = ORIENTED_EDGE ( 'NONE', *, *, #2127, .T. ) ;
#1532 = CARTESIAN_POINT ( 'NONE',  ( -0.9999999999999997780, 0.000000000000000000, -4.071131008331267509 ) ) ;
#1533 = ORIENTED_EDGE ( 'NONE', *, *, #1173, .F. ) ;
#1534 = ADVANCED_FACE ( 'NONE', ( #656 ), #2660, .F. ) ;
#1535 = LINE ( 'NONE', #1223, #847 ) ;
#1536 = VECTOR ( 'NONE', #3297, 1000.000000000000000 ) ;
#1537 = AXIS2_PLACEMENT_3D ( 'NONE', #133, #358, #1226 ) ;
#1538 = PRESENTATION_STYLE_ASSIGNMENT (( #3671 ) ) ;
#1539 = SURFACE_STYLE_FILL_AREA ( #2064 ) ;
#1540 = COLOUR_RGB ( '',0.2509803921568627416, 0.2509803921568627416, 0.2509803921568627416 ) ;
#1541 = CARTESIAN_POINT ( 'NONE',  ( -0.3849999999999998979, 0.9999999999999988898, 3.987968801573925859 ) ) ;
#1542 = DIRECTION ( 'NONE',  ( 0.000000000000000000, 1.000000000000000000, 0.000000000000000000 ) ) ;
#1543 = EDGE_CURVE ( 'NONE', #3411, #1406, #3309, .T. ) ;
#1544 = ORIENTED_EDGE ( 'NONE', *, *, #398, .T. ) ;
#1545 = CARTESIAN_POINT ( 'NONE',  ( -0.4499999999999999556, 1.099999999999999201, 3.152686667747479632 ) ) ;
#1546 = MECHANICAL_DESIGN_GEOMETRIC_PRESENTATION_REPRESENTATION (  '', ( #2669 ), #2904 ) ;
#1547 = PLANE ( 'NONE',  #2656 ) ;
#1548 = CARTESIAN_POINT ( 'NONE',  ( 3.060027207537799221, 2.399999999999999911, 2.933764737416308499 ) ) ;
#1549 = VECTOR ( 'NONE', #2401, 1000.000000000000000 ) ;
#1550 = CARTESIAN_POINT ( 'NONE',  ( -0.3849999999999998979, 0.9999999999999988898, 3.152686667747479632 ) ) ;
#1551 = DIRECTION ( 'NONE',  ( 0.000000000000000000, 0.000000000000000000, -1.000000000000000000 ) ) ;
#1552 = ORIENTED_EDGE ( 'NONE', *, *, #961, .T. ) ;
#1553 = LINE ( 'NONE', #2721, #456 ) ;
#1554 = ORIENTED_EDGE ( 'NONE', *, *, #1269, .T. ) ;
#1555 = PRESENTATION_LAYER_ASSIGNMENT (  '', '', ( #1981 ) ) ;
#1556 = EDGE_CURVE ( 'NONE', #3776, #2655, #1201, .T. ) ;
#1557 = EDGE_CURVE ( 'NONE', #699, #3124, #2387, .T. ) ;
#1558 = LINE ( 'NONE', #1058, #2723 ) ;
#1559 = VECTOR ( 'NONE', #3663, 1000.000000000000000 ) ;
#1560 = VECTOR ( 'NONE', #3076, 1000.000000000000000 ) ;
#1561 = VECTOR ( 'NONE', #1949, 1000.000000000000000 ) ;
#1562 =( NAMED_UNIT ( * ) SI_UNIT ( $, .STERADIAN. ) SOLID_ANGLE_UNIT ( ) );
#1563 = PRESENTATION_STYLE_ASSIGNMENT (( #1578 ) ) ;
#1564 = VECTOR ( 'NONE', #1771, 1000.000000000000000 ) ;
#1565 = PLANE ( 'NONE',  #2970 ) ;
#1566 = ORIENTED_EDGE ( 'NONE', *, *, #3253, .T. ) ;
#1567 =( NAMED_UNIT ( * ) SI_UNIT ( $, .STERADIAN. ) SOLID_ANGLE_UNIT ( ) );
#1568 = FACE_OUTER_BOUND ( 'NONE', #1524, .T. ) ;
#1569 = DIRECTION ( 'NONE',  ( 0.000000000000000000, 1.000000000000000000, 0.000000000000000000 ) ) ;
#1570 = DIRECTION ( 'NONE',  ( 1.000000000000000000, -0.000000000000000000, 0.000000000000000000 ) ) ;
#1571 = FILL_AREA_STYLE ('',( #3013 ) ) ;
#1572 = ORIENTED_EDGE ( 'NONE', *, *, #783, .F. ) ;
#1573 = UNCERTAINTY_MEASURE_WITH_UNIT (LENGTH_MEASURE( 1.000000000000000082E-05 ), #707, 'distance_accuracy_value', 'NONE');
#1574 = EDGE_CURVE ( 'NONE', #900, #2999, #1769, .T. ) ;
#1575 = PLANE ( 'NONE',  #2784 ) ;
#1576 = CARTESIAN_POINT ( 'NONE',  ( 3.270000000000000462, -4.336808689942017736E-16, -3.047500000000000320 ) ) ;
#1577 = EDGE_CURVE ( 'NONE', #3646, #188, #1486, .T. ) ;
#1578 = SURFACE_STYLE_USAGE ( .BOTH. , #2140 ) ;
#1579 = FACE_OUTER_BOUND ( 'NONE', #2388, .T. ) ;
#1580 = CARTESIAN_POINT ( 'NONE',  ( -3.198494656120896451, 0.8173098204651505494, -2.379999999999998561 ) ) ;
#1581 = ORIENTED_EDGE ( 'NONE', *, *, #2990, .F. ) ;
#1582 = SURFACE_STYLE_FILL_AREA ( #3108 ) ;
#1583 = DIRECTION ( 'NONE',  ( -1.720152167138808951E-15, 0.000000000000000000, -1.000000000000000000 ) ) ;
#1584 = CARTESIAN_POINT ( 'NONE',  ( -0.3849999999999998979, 0.9999999999999988898, 3.857499999999999929 ) ) ;
#1585 = DIRECTION ( 'NONE',  ( 0.000000000000000000, 0.000000000000000000, -1.000000000000000000 ) ) ;
#1586 = ORIENTED_EDGE ( 'NONE', *, *, #1867, .F. ) ;
#1587 = PLANE ( 'NONE',  #1932 ) ;
#1588 = ORIENTED_EDGE ( 'NONE', *, *, #1688, .F. ) ;
#1589 = LINE ( 'NONE', #3652, #2611 ) ;
#1590 = VERTEX_POINT ( 'NONE', #689 ) ;
#1591 = DIRECTION ( 'NONE',  ( 0.000000000000000000, 0.000000000000000000, -1.000000000000000000 ) ) ;
#1592 = DIRECTION ( 'NONE',  ( 0.000000000000000000, -0.08715574274765112983, -0.9961946980917462113 ) ) ;
#1593 = DIRECTION ( 'NONE',  ( -1.199835977794570052E-16, 0.000000000000000000, -1.000000000000000000 ) ) ;
#1594 = ORIENTED_EDGE ( 'NONE', *, *, #2213, .F. ) ;
#1595 = VECTOR ( 'NONE', #2827, 1000.000000000000000 ) ;
#1596 = ORIENTED_EDGE ( 'NONE', *, *, #2663, .T. ) ;
#1597 = AXIS2_PLACEMENT_3D ( 'NONE', #2162, #3371, #3069 ) ;
#1598 = EDGE_CURVE ( 'NONE', #946, #3505, #391, .T. ) ;
#1599 = ORIENTED_EDGE ( 'NONE', *, *, #852, .F. ) ;
#1600 = SURFACE_SIDE_STYLE ('',( #3028 ) ) ;
#1601 = EDGE_LOOP ( 'NONE', ( #3697, #1133, #1684, #891 ) ) ;
#1602 = STYLED_ITEM ( 'NONE', ( #2447 ), #730 ) ;
#1603 = SURFACE_SIDE_STYLE ('',( #1582 ) ) ;
#1604 = VECTOR ( 'NONE', #2335, 1000.000000000000000 ) ;
#1605 = ORIENTED_EDGE ( 'NONE', *, *, #3077, .F. ) ;
#1606 = ORIENTED_EDGE ( 'NONE', *, *, #1136, .F. ) ;
#1607 = ORIENTED_EDGE ( 'NONE', *, *, #252, .T. ) ;
#1608 = PRESENTATION_LAYER_ASSIGNMENT (  '', '', ( #2486 ) ) ;
#1609 = EDGE_CURVE ( 'NONE', #1882, #1328, #3359, .T. ) ;
#1610 = VECTOR ( 'NONE', #1184, 1000.000000000000000 ) ;
#1611 = CARTESIAN_POINT ( 'NONE',  ( -3.270000000000000462, 0.000000000000000000, -3.047500000000000320 ) ) ;
#1612 = EDGE_LOOP ( 'NONE', ( #3702, #1770, #1055, #1464 ) ) ;
#1613 = AXIS2_PLACEMENT_3D ( 'NONE', #2615, #3774, #1130 ) ;
#1614 = SURFACE_STYLE_USAGE ( .BOTH. , #1081 ) ;
#1615 = DIRECTION ( 'NONE',  ( 0.000000000000000000, -1.000000000000000000, 0.000000000000000000 ) ) ;
#1616 = PRESENTATION_LAYER_ASSIGNMENT (  '', '', ( #1989 ) ) ;
#1617 = AXIS2_PLACEMENT_3D ( 'NONE', #2494, #1615, #3659 ) ;
#1618 = DIRECTION ( 'NONE',  ( 0.000000000000000000, 0.000000000000000000, -1.000000000000000000 ) ) ;
#1619 = VERTEX_POINT ( 'NONE', #996 ) ;
#1620 = CARTESIAN_POINT ( 'NONE',  ( 0.000000000000000000, 2.399999999999999911, -1.473027139103570748 ) ) ;
#1621 = VERTEX_POINT ( 'NONE', #705 ) ;
#1622 =( GEOMETRIC_REPRESENTATION_CONTEXT ( 3 ) GLOBAL_UNCERTAINTY_ASSIGNED_CONTEXT ( ( #215 ) ) GLOBAL_UNIT_ASSIGNED_CONTEXT ( ( #1502, #340, #2102 ) ) REPRESENTATION_CONTEXT ( 'NONE', 'WORKASPACE' ) );
#1623 = ADVANCED_FACE ( 'NONE', ( #2501 ), #466, .F. ) ;
#1624 = DIRECTION ( 'NONE',  ( 0.000000000000000000, 1.000000000000000000, 0.000000000000000000 ) ) ;
#1625 = EDGE_CURVE ( 'NONE', #1152, #2323, #3071, .T. ) ;
#1626 = CARTESIAN_POINT ( 'NONE',  ( -2.602499999999999591, 0.000000000000000000, -2.610632298677259211 ) ) ;
#1627 = AXIS2_PLACEMENT_3D ( 'NONE', #2299, #1629, #2682 ) ;
#1628 = ORIENTED_EDGE ( 'NONE', *, *, #2762, .F. ) ;
#1629 = DIRECTION ( 'NONE',  ( 2.623329136699006147E-15, -0.000000000000000000, 1.000000000000000000 ) ) ;
#1630 = ORIENTED_EDGE ( 'NONE', *, *, #515, .F. ) ;
#1631 = EDGE_CURVE ( 'NONE', #3231, #582, #3093, .T. ) ;
#1632 = ORIENTED_EDGE ( 'NONE', *, *, #1609, .T. ) ;
#1633 = LINE ( 'NONE', #3458, #2047 ) ;
#1634 = ORIENTED_EDGE ( 'NONE', *, *, #1311, .F. ) ;
#1635 = LINE ( 'NONE', #2273, #1595 ) ;
#1636 = CARTESIAN_POINT ( 'NONE',  ( 1.000000000000000222, -7.410644371443013689, -4.271131008331265910 ) ) ;
#1637 = LINE ( 'NONE', #1699, #2368 ) ;
#1638 = EDGE_LOOP ( 'NONE', ( #2296, #2926, #3048, #3437 ) ) ;
#1639 =( LENGTH_UNIT ( ) NAMED_UNIT ( * ) SI_UNIT ( .MILLI., .METRE. ) );
#1640 =( NAMED_UNIT ( * ) PLANE_ANGLE_UNIT ( ) SI_UNIT ( $, .RADIAN. ) );
#1641 = SURFACE_SIDE_STYLE ('',( #1893 ) ) ;
#1642 = DIRECTION ( 'NONE',  ( 1.199835977794569805E-16, 0.000000000000000000, 1.000000000000000000 ) ) ;
#1643 = ORIENTED_EDGE ( 'NONE', *, *, #3305, .F. ) ;
#1644 = ORIENTED_EDGE ( 'NONE', *, *, #2309, .T. ) ;
#1645 = UNCERTAINTY_MEASURE_WITH_UNIT (LENGTH_MEASURE( 1.000000000000000082E-05 ), #3164, 'distance_accuracy_value', 'NONE');
#1646 = DIRECTION ( 'NONE',  ( 0.000000000000000000, 0.000000000000000000, -1.000000000000000000 ) ) ;
#1647 = CARTESIAN_POINT ( 'NONE',  ( 2.670999999999999819, 0.9999999999999988898, 3.987968801573925859 ) ) ;
#1648 = EDGE_CURVE ( 'NONE', #970, #2574, #1051, .T. ) ;
#1649 = CARTESIAN_POINT ( 'NONE',  ( 0.3849999999999998979, 1.634999999999998899, 3.000693565013633712 ) ) ;
#1650 = ORIENTED_EDGE ( 'NONE', *, *, #280, .F. ) ;
#1651 = PRESENTATION_STYLE_ASSIGNMENT (( #1614 ) ) ;
#1652 = SURFACE_SIDE_STYLE ('',( #1696 ) ) ;
#1653 = FACE_OUTER_BOUND ( 'NONE', #291, .T. ) ;
#1654 =( NAMED_UNIT ( * ) SI_UNIT ( $, .STERADIAN. ) SOLID_ANGLE_UNIT ( ) );
#1655 = ORIENTED_EDGE ( 'NONE', *, *, #1015, .T. ) ;
#1656 = VERTEX_POINT ( 'NONE', #2246 ) ;
#1657 = EDGE_CURVE ( 'NONE', #1217, #429, #742, .T. ) ;
#1658 = AXIS2_PLACEMENT_3D ( 'NONE', #3384, #2809, #1962 ) ;
#1659 = LINE ( 'NONE', #1683, #373 ) ;
#1660 = ORIENTED_EDGE ( 'NONE', *, *, #1631, .T. ) ;
#1661 = ORIENTED_EDGE ( 'NONE', *, *, #2596, .T. ) ;
#1662 = AXIS2_PLACEMENT_3D ( 'NONE', #312, #2398, #3547 ) ;
#1663 = DIRECTION ( 'NONE',  ( 0.000000000000000000, 0.000000000000000000, -1.000000000000000000 ) ) ;
#1664 = CARTESIAN_POINT ( 'NONE',  ( -1.900999999999999801, 1.634999999999998455, 3.987968801573925859 ) ) ;
#1665 = EDGE_CURVE ( 'NONE', #1446, #2134, #1862, .T. ) ;
#1666 = DIRECTION ( 'NONE',  ( 0.000000000000000000, 0.000000000000000000, -1.000000000000000000 ) ) ;
#1667 = VECTOR ( 'NONE', #3197, 1000.000000000000000 ) ;
#1668 = COLOUR_RGB ( '',0.2509803921568627416, 0.2509803921568627416, 0.2509803921568627416 ) ;
#1669 = EDGE_CURVE ( 'NONE', #1656, #3112, #3751, .T. ) ;
#1670 = ADVANCED_FACE ( 'NONE', ( #1293 ), #2481, .T. ) ;
#1671 = VECTOR ( 'NONE', #1275, 1000.000000000000000 ) ;
#1672 = LINE ( 'NONE', #713, #744 ) ;
#1673 = MECHANICAL_DESIGN_GEOMETRIC_PRESENTATION_REPRESENTATION (  '', ( #1981 ), #3394 ) ;
#1674 = LINE ( 'NONE', #551, #3525 ) ;
#1675 = PRESENTATION_STYLE_ASSIGNMENT (( #3201 ) ) ;
#1676 = DIRECTION ( 'NONE',  ( -0.000000000000000000, 1.000000000000000000, 7.089559388430598042E-17 ) ) ;
#1677 = CIRCLE ( 'NONE', #1924, 0.1575735846510743499 ) ;
#1678 = LINE ( 'NONE', #3678, #872 ) ;
#1679 = ORIENTED_EDGE ( 'NONE', *, *, #139, .F. ) ;
#1680 = FILL_AREA_STYLE_COLOUR ( '', #1188 ) ;
#1681 = CIRCLE ( 'NONE', #3598, 0.1575735846510743499 ) ;
#1682 = LINE ( 'NONE', #3147, #3156 ) ;
#1683 = CARTESIAN_POINT ( 'NONE',  ( -1.900999999999999801, 1.017364817766691854, 4.086449576875147649 ) ) ;
#1684 = ORIENTED_EDGE ( 'NONE', *, *, #1386, .F. ) ;
#1685 = ORIENTED_EDGE ( 'NONE', *, *, #2362, .T. ) ;
#1686 = UNCERTAINTY_MEASURE_WITH_UNIT (LENGTH_MEASURE( 1.000000000000000082E-05 ), #1031, 'distance_accuracy_value', 'NONE');
#1687 =( GEOMETRIC_REPRESENTATION_CONTEXT ( 3 ) GLOBAL_UNCERTAINTY_ASSIGNED_CONTEXT ( ( #1686 ) ) GLOBAL_UNIT_ASSIGNED_CONTEXT ( ( #1031, #1640, #481 ) ) REPRESENTATION_CONTEXT ( 'NONE', 'WORKASPACE' ) );
#1688 = EDGE_CURVE ( 'NONE', #1619, #772, #3126, .T. ) ;
#1689 = DIRECTION ( 'NONE',  ( -1.000000000000000000, -0.000000000000000000, -0.000000000000000000 ) ) ;
#1690 = DIRECTION ( 'NONE',  ( 0.000000000000000000, -4.392704819632302452E-16, -1.000000000000000000 ) ) ;
#1691 = CARTESIAN_POINT ( 'NONE',  ( -2.735999999999999766, 1.099999999999999201, 3.047499999999999432 ) ) ;
#1692 = VERTEX_POINT ( 'NONE', #3189 ) ;
#1693 = CARTESIAN_POINT ( 'NONE',  ( 2.670999999999999819, 0.4050000000000000822, 4.839221914831485449 ) ) ;
#1694 = EDGE_CURVE ( 'NONE', #818, #3723, #1076, .T. ) ;
#1695 = DIRECTION ( 'NONE',  ( -1.000000000000000000, 0.000000000000000000, -0.000000000000000000 ) ) ;
#1696 = SURFACE_STYLE_FILL_AREA ( #754 ) ;
#1697 = DIRECTION ( 'NONE',  ( 0.000000000000000000, -0.9961946980917461003, 0.08715574274765182372 ) ) ;
#1698 = EDGE_CURVE ( 'NONE', #1053, #2712, #1682, .T. ) ;
#1699 = CARTESIAN_POINT ( 'NONE',  ( -2.602500000000000036, -7.410644371443013689, -3.809250792979566036 ) ) ;
#1700 = VERTEX_POINT ( 'NONE', #1390 ) ;
#1701 = ORIENTED_EDGE ( 'NONE', *, *, #3461, .T. ) ;
#1702 = LINE ( 'NONE', #837, #3386 ) ;
#1703 = VERTEX_POINT ( 'NONE', #3750 ) ;
#1704 = ORIENTED_EDGE ( 'NONE', *, *, #2065, .F. ) ;
#1705 = LINE ( 'NONE', #2556, #8 ) ;
#1706 = DIRECTION ( 'NONE',  ( -0.000000000000000000, 1.000000000000000000, -0.000000000000000000 ) ) ;
#1707 = ORIENTED_EDGE ( 'NONE', *, *, #1080, .F. ) ;
#1708 = CARTESIAN_POINT ( 'NONE',  ( 2.602500000000000480, 0.5300000000000001377, 0.000000000000000000 ) ) ;
#1709 = EDGE_CURVE ( 'NONE', #1619, #2800, #3734, .T. ) ;
#1710 = ORIENTED_EDGE ( 'NONE', *, *, #3304, .T. ) ;
#1711 = CARTESIAN_POINT ( 'NONE',  ( 3.173762470121492374, 1.100000000000001199, 3.047500000000000320 ) ) ;
#1712 = DIRECTION ( 'NONE',  ( -0.000000000000000000, -0.9961946980917461003, -0.08715574274765169882 ) ) ;
#1713 = EDGE_CURVE ( 'NONE', #3646, #125, #229, .T. ) ;
#1714 = DIRECTION ( 'NONE',  ( 1.000000000000000000, 0.000000000000000000, -3.618172680095672944E-16 ) ) ;
#1715 = DIRECTION ( 'NONE',  ( 1.000000000000000000, 0.000000000000000000, 0.000000000000000000 ) ) ;
#1716 =( LENGTH_UNIT ( ) NAMED_UNIT ( * ) SI_UNIT ( .MILLI., .METRE. ) );
#1717 = ORIENTED_EDGE ( 'NONE', *, *, #1122, .F. ) ;
#1718 = ORIENTED_EDGE ( 'NONE', *, *, #1754, .F. ) ;
#1719 = EDGE_CURVE ( 'NONE', #3723, #331, #1721, .T. ) ;
#1720 = EDGE_CURVE ( 'NONE', #1829, #3171, #3229, .T. ) ;
#1721 = LINE ( 'NONE', #1780, #1865 ) ;
#1722 = ORIENTED_EDGE ( 'NONE', *, *, #2725, .F. ) ;
#1723 = FILL_AREA_STYLE_COLOUR ( '', #3771 ) ;
#1724 = VERTEX_POINT ( 'NONE', #3503 ) ;
#1725 = COLOUR_RGB ( '',0.2509803921568627416, 0.2509803921568627416, 0.2509803921568627416 ) ;
#1726 =( NAMED_UNIT ( * ) SI_UNIT ( $, .STERADIAN. ) SOLID_ANGLE_UNIT ( ) );
#1727 = CARTESIAN_POINT ( 'NONE',  ( -1.802499999999999991, -7.410644371443013689, -4.271131008331265910 ) ) ;
#1728 = CARTESIAN_POINT ( 'NONE',  ( 0.3849999999999998979, 1.099999999999999201, 3.987968801573925859 ) ) ;
#1729 = MECHANICAL_DESIGN_GEOMETRIC_PRESENTATION_REPRESENTATION (  '', ( #2277 ), #3207 ) ;
#1730 = ORIENTED_EDGE ( 'NONE', *, *, #1505, .F. ) ;
#1731 = PRESENTATION_LAYER_ASSIGNMENT (  '', '', ( #2786 ) ) ;
#1732 = FACE_OUTER_BOUND ( 'NONE', #2088, .T. ) ;
#1733 = VECTOR ( 'NONE', #2634, 1000.000000000000000 ) ;
#1734 = CYLINDRICAL_SURFACE ( 'NONE', #1312, 0.1575735846510743499 ) ;
#1735 = MECHANICAL_DESIGN_GEOMETRIC_PRESENTATION_REPRESENTATION (  '', ( #433 ), #2043 ) ;
#1736 = DIRECTION ( 'NONE',  ( -3.618172680095672944E-16, 0.000000000000000000, -1.000000000000000000 ) ) ;
#1737 =( NAMED_UNIT ( * ) PLANE_ANGLE_UNIT ( ) SI_UNIT ( $, .RADIAN. ) );
#1738 =( GEOMETRIC_REPRESENTATION_CONTEXT ( 3 ) GLOBAL_UNCERTAINTY_ASSIGNED_CONTEXT ( ( #251 ) ) GLOBAL_UNIT_ASSIGNED_CONTEXT ( ( #3319, #700, #2182 ) ) REPRESENTATION_CONTEXT ( 'NONE', 'WORKASPACE' ) );
#1739 = VERTEX_POINT ( 'NONE', #2381 ) ;
#1740 = CARTESIAN_POINT ( 'NONE',  ( -2.735999999999999766, 1.099999999999999201, 3.152686667747479632 ) ) ;
#1741 = LINE ( 'NONE', #2938, #3764 ) ;
#1742 = VECTOR ( 'NONE', #599, 1000.000000000000114 ) ;
#1743 = EDGE_LOOP ( 'NONE', ( #3313, #2008, #440, #1701 ) ) ;
#1744 = ORIENTED_EDGE ( 'NONE', *, *, #118, .F. ) ;
#1745 = PRESENTATION_LAYER_ASSIGNMENT (  '', '', ( #3402 ) ) ;
#1746 = CIRCLE ( 'NONE', #1050, 0.1575735846510743499 ) ;
#1747 = DIRECTION ( 'NONE',  ( 0.000000000000000000, 1.000000000000000000, 0.000000000000000000 ) ) ;
#1748 = DIRECTION ( 'NONE',  ( 0.000000000000000000, 0.9848077530122075762, -0.1736481776669323573 ) ) ;
#1749 = CARTESIAN_POINT ( 'NONE',  ( -3.060027207537798777, 2.400000000000000355, -2.413885230265560011 ) ) ;
#1750 = VECTOR ( 'NONE', #1593, 1000.000000000000000 ) ;
#1751 = ORIENTED_EDGE ( 'NONE', *, *, #2127, .F. ) ;
#1752 = PLANE ( 'NONE',  #2428 ) ;
#1753 = ADVANCED_FACE ( 'NONE', ( #3542 ), #343, .T. ) ;
#1754 = EDGE_CURVE ( 'NONE', #2552, #3357, #1463, .T. ) ;
#1755 = AXIS2_PLACEMENT_3D ( 'NONE', #1940, #3726, #474 ) ;
#1756 = CARTESIAN_POINT ( 'NONE',  ( -2.602500000000000036, 0.5300000000000026912, -3.809250792979566036 ) ) ;
#1757 = AXIS2_PLACEMENT_3D ( 'NONE', #3410, #770, #3106 ) ;
#1758 = DIRECTION ( 'NONE',  ( 1.199835977794570052E-16, 0.000000000000000000, 1.000000000000000000 ) ) ;
#1759 = CARTESIAN_POINT ( 'NONE',  ( -2.454999999999999183, 0.5300000000000001377, 1.003868991668733779 ) ) ;
#1760 = FILL_AREA_STYLE ('',( #814 ) ) ;
#1761 = CARTESIAN_POINT ( 'NONE',  ( -2.670999999999999819, 1.099999999999999201, 3.152686667747479632 ) ) ;
#1762 = ORIENTED_EDGE ( 'NONE', *, *, #1173, .T. ) ;
#1763 = ORIENTED_EDGE ( 'NONE', *, *, #580, .F. ) ;
#1764 = CARTESIAN_POINT ( 'NONE',  ( -1.900999999999999801, 1.634999999999998899, 3.000693565013633712 ) ) ;
#1765 = CARTESIAN_POINT ( 'NONE',  ( -2.670999999999999819, 0.4050000000000000822, 4.839221914831485449 ) ) ;
#1766 = ORIENTED_EDGE ( 'NONE', *, *, #1899, .T. ) ;
#1767 = CARTESIAN_POINT ( 'NONE',  ( 1.835999999999999854, 0.000000000000000000, 0.000000000000000000 ) ) ;
#1768 = ADVANCED_FACE ( 'NONE', ( #858 ), #634, .F. ) ;
#1769 = LINE ( 'NONE', #3248, #22 ) ;
#1770 = ORIENTED_EDGE ( 'NONE', *, *, #1577, .T. ) ;
#1771 = DIRECTION ( 'NONE',  ( 0.000000000000000000, 1.000000000000000000, 0.000000000000000000 ) ) ;
#1772 = CARTESIAN_POINT ( 'NONE',  ( -2.670999999999999819, 1.099999999999998979, 3.774755297230884654 ) ) ;
#1773 = EDGE_CURVE ( 'NONE', #3082, #3546, #3515, .T. ) ;
#1774 = CARTESIAN_POINT ( 'NONE',  ( 0.000000000000000000, 0.5300000000000001377, -2.610632298677259211 ) ) ;
#1775 = CARTESIAN_POINT ( 'NONE',  ( -1.900999999999999801, 0.9999999999999988898, 3.987968801573925859 ) ) ;
#1776 = SURFACE_STYLE_USAGE ( .BOTH. , #3602 ) ;
#1777 = SURFACE_STYLE_USAGE ( .BOTH. , #3522 ) ;
#1778 = ORIENTED_EDGE ( 'NONE', *, *, #3275, .F. ) ;
#1779 = DIRECTION ( 'NONE',  ( -0.08682659386424106118, -0.9924325091389682996, -0.08682659386424028403 ) ) ;
#1780 = CARTESIAN_POINT ( 'NONE',  ( 1.835999999999999854, 1.099999999999999201, 3.047499999999999432 ) ) ;
#1781 = ADVANCED_FACE ( 'NONE', ( #2107 ), #1229, .F. ) ;
#1782 = PLANE ( 'NONE',  #1662 ) ;
#1783 = CARTESIAN_POINT ( 'NONE',  ( 0.3849999999999998979, 1.634999999999998899, 3.000693565013633712 ) ) ;
#1784 = DIRECTION ( 'NONE',  ( 0.000000000000000000, -0.9961946980917461003, 0.08715574274765182372 ) ) ;
#1785 = LINE ( 'NONE', #2906, #3508 ) ;
#1786 = ORIENTED_EDGE ( 'NONE', *, *, #3015, .F. ) ;
#1787 = VERTEX_POINT ( 'NONE', #1172 ) ;
#1788 = CIRCLE ( 'NONE', #2152, 0.1000000000000002554 ) ;
#1789 = DIRECTION ( 'NONE',  ( 0.000000000000000000, 0.9848077530122075762, -0.1736481776669323573 ) ) ;
#1790 =( GEOMETRIC_REPRESENTATION_CONTEXT ( 3 ) GLOBAL_UNCERTAINTY_ASSIGNED_CONTEXT ( ( #709 ) ) GLOBAL_UNIT_ASSIGNED_CONTEXT ( ( #1639, #3323, #1878 ) ) REPRESENTATION_CONTEXT ( 'NONE', 'WORKASPACE' ) );
#1791 = VECTOR ( 'NONE', #1551, 1000.000000000000000 ) ;
#1792 = ADVANCED_FACE ( 'NONE', ( #3303 ), #308, .F. ) ;
#1793 = EDGE_CURVE ( 'NONE', #940, #479, #3066, .T. ) ;
#1794 = DIRECTION ( 'NONE',  ( -1.000000000000000000, 0.000000000000000000, 3.618172680095672944E-16 ) ) ;
#1795 = CARTESIAN_POINT ( 'NONE',  ( 5.000431347761989297E-17, 2.399999999999999911, -2.289659551198794052 ) ) ;
#1796 = FILL_AREA_STYLE ('',( #2139 ) ) ;
#1797 = DIRECTION ( 'NONE',  ( 0.000000000000000000, 0.000000000000000000, -1.000000000000000000 ) ) ;
#1798 = ORIENTED_EDGE ( 'NONE', *, *, #1657, .F. ) ;
#1799 = VECTOR ( 'NONE', #2306, 1000.000000000000000 ) ;
#1800 = ORIENTED_EDGE ( 'NONE', *, *, #3713, .T. ) ;
#1801 = SURFACE_SIDE_STYLE ('',( #3260 ) ) ;
#1802 = MECHANICAL_DESIGN_GEOMETRIC_PRESENTATION_REPRESENTATION (  '', ( #2486 ), #321 ) ;
#1803 = CARTESIAN_POINT ( 'NONE',  ( -1.900999999999999801, 1.634999999999998899, 3.000693565013633712 ) ) ;
#1804 = ORIENTED_EDGE ( 'NONE', *, *, #2520, .T. ) ;
#1805 = CARTESIAN_POINT ( 'NONE',  ( -1.900999999999999801, 0.9999999999999988898, 3.987968801573925859 ) ) ;
#1806 = CARTESIAN_POINT ( 'NONE',  ( -2.670999999999999819, 0.9999999999999988898, 3.987968801573925859 ) ) ;
#1807 = VECTOR ( 'NONE', #1898, 1000.000000000000114 ) ;
#1808 = DIRECTION ( 'NONE',  ( 0.000000000000000000, 0.000000000000000000, 1.000000000000000000 ) ) ;
#1809 = ORIENTED_EDGE ( 'NONE', *, *, #3109, .F. ) ;
#1810 = DIRECTION ( 'NONE',  ( 0.000000000000000000, 1.000000000000000000, 0.000000000000000000 ) ) ;
#1811 = ORIENTED_EDGE ( 'NONE', *, *, #1954, .F. ) ;
#1812 = AXIS2_PLACEMENT_3D ( 'NONE', #3533, #902, #2132 ) ;
#1813 = LINE ( 'NONE', #2708, #2606 ) ;
#1814 = MECHANICAL_DESIGN_GEOMETRIC_PRESENTATION_REPRESENTATION (  '', ( #1989 ), #1928 ) ;
#1815 = STYLED_ITEM ( 'NONE', ( #2867 ), #2548 ) ;
#1816 = AXIS2_PLACEMENT_3D ( 'NONE', #2386, #2702, #366 ) ;
#1817 = DIRECTION ( 'NONE',  ( -0.000000000000000000, 1.000000000000000000, 2.305663240866751243E-16 ) ) ;
#1818 = DIRECTION ( 'NONE',  ( -1.000000000000000000, -0.000000000000000000, 0.000000000000000000 ) ) ;
#1819 = AXIS2_PLACEMENT_3D ( 'NONE', #1759, #323, #2710 ) ;
#1820 = DIRECTION ( 'NONE',  ( -2.623329136699006147E-15, 0.000000000000000000, -1.000000000000000000 ) ) ;
#1821 = EDGE_CURVE ( 'NONE', #838, #3034, #1929, .T. ) ;
#1822 = CARTESIAN_POINT ( 'NONE',  ( 2.455000000000000959, -7.410644371443013689, 1.003868991668733557 ) ) ;
#1823 = ADVANCED_FACE ( 'NONE', ( #1579 ), #736, .F. ) ;
#1824 = EDGE_LOOP ( 'NONE', ( #3492, #2343, #817, #520 ) ) ;
#1825 = DIRECTION ( 'NONE',  ( 0.000000000000000000, -4.392704819632302452E-16, -1.000000000000000000 ) ) ;
#1826 = DIRECTION ( 'NONE',  ( 0.000000000000000000, 0.000000000000000000, -1.000000000000000000 ) ) ;
#1827 = DIRECTION ( 'NONE',  ( -1.000000000000000000, -0.000000000000000000, -0.000000000000000000 ) ) ;
#1828 = SURFACE_STYLE_FILL_AREA ( #3327 ) ;
#1829 = VERTEX_POINT ( 'NONE', #1254 ) ;
#1830 = DIRECTION ( 'NONE',  ( -1.000000000000000000, -0.000000000000000000, -0.000000000000000000 ) ) ;
#1831 = DIRECTION ( 'NONE',  ( -1.000000000000000000, 0.000000000000000000, -0.000000000000000000 ) ) ;
#1832 = ADVANCED_FACE ( 'NONE', ( #1888 ), #3369, .T. ) ;
#1833 = PRESENTATION_STYLE_ASSIGNMENT (( #3518 ) ) ;
#1834 = CARTESIAN_POINT ( 'NONE',  ( -0.3306339741569082058, 0.5300000000000001377, -2.295485129375110400 ) ) ;
#1835 = SURFACE_STYLE_FILL_AREA ( #1251 ) ;
#1836 = DIRECTION ( 'NONE',  ( 1.000000000000000000, 0.000000000000000000, 0.000000000000000000 ) ) ;
#1837 = SURFACE_STYLE_USAGE ( .BOTH. , #3226 ) ;
#1838 = DIRECTION ( 'NONE',  ( 0.000000000000000000, -1.000000000000000000, 4.392704819632302452E-16 ) ) ;
#1839 = DIRECTION ( 'NONE',  ( 0.000000000000000000, -0.9848077530122081313, 0.1736481776669301647 ) ) ;
#1840 = ADVANCED_FACE ( 'NONE', ( #383, #664 ), #1565, .T. ) ;
#1841 = DIRECTION ( 'NONE',  ( -0.000000000000000000, -1.000000000000000000, -0.000000000000000000 ) ) ;
#1842 = AXIS2_PLACEMENT_3D ( 'NONE', #63, #987, #2752 ) ;
#1843 = DIRECTION ( 'NONE',  ( 0.000000000000000000, -7.089559388430598042E-17, 1.000000000000000000 ) ) ;
#1844 = LINE ( 'NONE', #3310, #1791 ) ;
#1845 = ORIENTED_EDGE ( 'NONE', *, *, #1362, .F. ) ;
#1846 = DIRECTION ( 'NONE',  ( 0.000000000000000000, 1.000000000000000000, 0.000000000000000000 ) ) ;
#1847 = ORIENTED_EDGE ( 'NONE', *, *, #630, .F. ) ;
#1848 = UNCERTAINTY_MEASURE_WITH_UNIT (LENGTH_MEASURE( 1.000000000000000082E-05 ), #1716, 'distance_accuracy_value', 'NONE');
#1849 = CARTESIAN_POINT ( 'NONE',  ( -2.670999999999999819, 0.3050000000000000488, 4.839221914831485449 ) ) ;
#1850 = PRESENTATION_LAYER_ASSIGNMENT (  '', '', ( #2781 ) ) ;
#1851 = AXIS2_PLACEMENT_3D ( 'NONE', #964, #3658, #2788 ) ;
#1852 =( LENGTH_UNIT ( ) NAMED_UNIT ( * ) SI_UNIT ( .MILLI., .METRE. ) );
#1853 = PLANE ( 'NONE',  #1856 ) ;
#1854 = STYLED_ITEM ( 'NONE', ( #637 ), #604 ) ;
#1855 = LINE ( 'NONE', #681, #1033 ) ;
#1856 = AXIS2_PLACEMENT_3D ( 'NONE', #1834, #1820, #3001 ) ;
#1857 = DIRECTION ( 'NONE',  ( 0.000000000000000000, 1.000000000000000000, 0.000000000000000000 ) ) ;
#1858 = FILL_AREA_STYLE ('',( #701 ) ) ;
#1859 = CARTESIAN_POINT ( 'NONE',  ( -3.270000000000000462, 1.099999999999999423, 3.047499999999998987 ) ) ;
#1860 = DIRECTION ( 'NONE',  ( -0.000000000000000000, 4.392704819632302452E-16, 1.000000000000000000 ) ) ;
#1861 = AXIS2_PLACEMENT_3D ( 'NONE', #3491, #2558, #780 ) ;
#1862 = LINE ( 'NONE', #1584, #1671 ) ;
#1863 = ORIENTED_EDGE ( 'NONE', *, *, #3157, .T. ) ;
#1864 = ADVANCED_FACE ( 'NONE', ( #2434 ), #2753, .F. ) ;
#1865 = VECTOR ( 'NONE', #3560, 1000.000000000000000 ) ;
#1866 = PRESENTATION_LAYER_ASSIGNMENT (  '', '', ( #2971 ) ) ;
#1867 = EDGE_CURVE ( 'NONE', #1895, #1941, #2812, .T. ) ;
#1868 = LINE ( 'NONE', #375, #1032 ) ;
#1869 = AXIS2_PLACEMENT_3D ( 'NONE', #2087, #2925, #2654 ) ;
#1870 = AXIS2_PLACEMENT_3D ( 'NONE', #334, #638, #3325 ) ;
#1871 = CARTESIAN_POINT ( 'NONE',  ( -1.900999999999999801, 0.9999999999999988898, 3.987968801573925859 ) ) ;
#1872 = STYLED_ITEM ( 'NONE', ( #3063 ), #3709 ) ;
#1873 = STYLED_ITEM ( 'NONE', ( #2515 ), #2794 ) ;
#1874 = VERTEX_POINT ( 'NONE', #1272 ) ;
#1875 = CARTESIAN_POINT ( 'NONE',  ( 2.670999999999999819, 0.9999999999999988898, 3.774755297230884654 ) ) ;
#1876 = VECTOR ( 'NONE', #869, 1000.000000000000000 ) ;
#1877 = ORIENTED_EDGE ( 'NONE', *, *, #2310, .T. ) ;
#1878 =( NAMED_UNIT ( * ) SI_UNIT ( $, .STERADIAN. ) SOLID_ANGLE_UNIT ( ) );
#1879 = DIRECTION ( 'NONE',  ( 0.000000000000000000, -1.000000000000000000, -1.417911877686119608E-16 ) ) ;
#1880 = CYLINDRICAL_SURFACE ( 'NONE', #3144, 0.6675000000000018696 ) ;
#1881 = ORIENTED_EDGE ( 'NONE', *, *, #1698, .F. ) ;
#1882 = VERTEX_POINT ( 'NONE', #1327 ) ;
#1883 = UNCERTAINTY_MEASURE_WITH_UNIT (LENGTH_MEASURE( 1.000000000000000082E-05 ), #1208, 'distance_accuracy_value', 'NONE');
#1884 = ADVANCED_FACE ( 'NONE', ( #2512 ), #1027, .T. ) ;
#1885 =( LENGTH_UNIT ( ) NAMED_UNIT ( * ) SI_UNIT ( .MILLI., .METRE. ) );
#1886 = EDGE_CURVE ( 'NONE', #1192, #3725, #553, .T. ) ;
#1887 = EDGE_LOOP ( 'NONE', ( #127, #1002, #2442, #3432 ) ) ;
#1888 = FACE_OUTER_BOUND ( 'NONE', #885, .T. ) ;
#1889 = ORIENTED_EDGE ( 'NONE', *, *, #965, .F. ) ;
#1890 = FACE_OUTER_BOUND ( 'NONE', #448, .T. ) ;
#1891 = ORIENTED_EDGE ( 'NONE', *, *, #60, .F. ) ;
#1892 = LINE ( 'NONE', #389, #2350 ) ;
#1893 = SURFACE_STYLE_FILL_AREA ( #1935 ) ;
#1894 = LINE ( 'NONE', #3072, #2219 ) ;
#1895 = VERTEX_POINT ( 'NONE', #2021 ) ;
#1896 = ORIENTED_EDGE ( 'NONE', *, *, #1557, .T. ) ;
#1897 = ADVANCED_FACE ( 'NONE', ( #3441 ), #3426, .F. ) ;
#1898 = DIRECTION ( 'NONE',  ( 0.000000000000000000, 0.9848077530122082424, -0.1736481776669289989 ) ) ;
#1899 = EDGE_CURVE ( 'NONE', #2516, #862, #1084, .T. ) ;
#1900 = EDGE_CURVE ( 'NONE', #1460, #209, #1984, .T. ) ;
#1901 = ORIENTED_EDGE ( 'NONE', *, *, #157, .F. ) ;
#1902 = COLOUR_RGB ( '',0.2509803921568627416, 0.2509803921568627416, 0.2509803921568627416 ) ;
#1903 = CIRCLE ( 'NONE', #1537, 0.1575735846510743499 ) ;
#1904 = VERTEX_POINT ( 'NONE', #1105 ) ;
#1905 = CARTESIAN_POINT ( 'NONE',  ( 0.3849999999999998979, 1.634999999999998677, 3.774755297230884654 ) ) ;
#1906 = VECTOR ( 'NONE', #333, 1000.000000000000000 ) ;
#1907 = CARTESIAN_POINT ( 'NONE',  ( -0.9999999999999997780, -7.410644371443013689, -4.271131008331265910 ) ) ;
#1908 = ADVANCED_FACE ( 'NONE', ( #2609 ), #3712, .F. ) ;
#1909 = DIRECTION ( 'NONE',  ( 1.000000000000000000, 0.000000000000000000, 0.000000000000000000 ) ) ;
#1910 = ORIENTED_EDGE ( 'NONE', *, *, #2267, .T. ) ;
#1911 = CARTESIAN_POINT ( 'NONE',  ( -1.835999999999999854, 1.099999999999999201, 3.047499999999999432 ) ) ;
#1912 = SURFACE_STYLE_FILL_AREA ( #408 ) ;
#1913 = SURFACE_SIDE_STYLE ('',( #1315 ) ) ;
#1914 = MANIFOLD_SOLID_BREP ( 'Boss-Extrude4', #1352 ) ;
#1915 = CARTESIAN_POINT ( 'NONE',  ( 1.000000000000000222, -7.410644371443013689, -4.071131008331267509 ) ) ;
#1916 = VECTOR ( 'NONE', #2201, 1000.000000000000227 ) ;
#1917 = VERTEX_POINT ( 'NONE', #2546 ) ;
#1918 = UNCERTAINTY_MEASURE_WITH_UNIT (LENGTH_MEASURE( 1.000000000000000082E-05 ), #1484, 'distance_accuracy_value', 'NONE');
#1919 = VECTOR ( 'NONE', #1237, 1000.000000000000000 ) ;
#1920 = FACE_OUTER_BOUND ( 'NONE', #1958, .T. ) ;
#1921 = ORIENTED_EDGE ( 'NONE', *, *, #1694, .F. ) ;
#1922 = AXIS2_PLACEMENT_3D ( 'NONE', #1212, #2954, #287 ) ;
#1923 = FILL_AREA_STYLE_COLOUR ( '', #3582 ) ;
#1924 = AXIS2_PLACEMENT_3D ( 'NONE', #3787, #266, #1441 ) ;
#1925 = ORIENTED_EDGE ( 'NONE', *, *, #2260, .F. ) ;
#1926 = VECTOR ( 'NONE', #1523, 1000.000000000000000 ) ;
#1927 = FACE_OUTER_BOUND ( 'NONE', #1182, .T. ) ;
#1928 =( GEOMETRIC_REPRESENTATION_CONTEXT ( 3 ) GLOBAL_UNCERTAINTY_ASSIGNED_CONTEXT ( ( #3075 ) ) GLOBAL_UNIT_ASSIGNED_CONTEXT ( ( #341, #2988, #631 ) ) REPRESENTATION_CONTEXT ( 'NONE', 'WORKASPACE' ) );
#1929 = LINE ( 'NONE', #421, #1492 ) ;
#1930 = CARTESIAN_POINT ( 'NONE',  ( -0.9999999999999997780, 0.5300000000000001377, 0.000000000000000000 ) ) ;
#1931 = VERTEX_POINT ( 'NONE', #3167 ) ;
#1932 = AXIS2_PLACEMENT_3D ( 'NONE', #1000, #673, #449 ) ;
#1933 = DIRECTION ( 'NONE',  ( -0.000000000000000000, 2.305663240866751243E-16, -1.000000000000000000 ) ) ;
#1934 = EDGE_CURVE ( 'NONE', #1656, #3068, #2565, .T. ) ;
#1935 = FILL_AREA_STYLE ('',( #2775 ) ) ;
#1936 = CARTESIAN_POINT ( 'NONE',  ( 2.455000000000000515, 0.5300000000000001377, -2.610632298677259655 ) ) ;
#1937 = VECTOR ( 'NONE', #2942, 1000.000000000000000 ) ;
#1938 = ORIENTED_EDGE ( 'NONE', *, *, #784, .T. ) ;
#1939 = ORIENTED_EDGE ( 'NONE', *, *, #1342, .T. ) ;
#1940 = CARTESIAN_POINT ( 'NONE',  ( 0.000000000000000000, 0.000000000000000000, 0.000000000000000000 ) ) ;
#1941 = VERTEX_POINT ( 'NONE', #1944 ) ;
#1942 = EDGE_CURVE ( 'NONE', #2196, #2843, #735, .T. ) ;
#1943 = CARTESIAN_POINT ( 'NONE',  ( -0.3306339741569080393, 0.000000000000000000, -2.295485129375110400 ) ) ;
#1944 = CARTESIAN_POINT ( 'NONE',  ( 2.455000000000000515, 0.000000000000000000, 1.003868991668733557 ) ) ;
#1945 = SURFACE_SIDE_STYLE ('',( #1028 ) ) ;
#1946 = ORIENTED_EDGE ( 'NONE', *, *, #1340, .T. ) ;
#1947 = ADVANCED_FACE ( 'NONE', ( #1653 ), #1366, .T. ) ;
#1948 = ORIENTED_EDGE ( 'NONE', *, *, #3760, .T. ) ;
#1949 = DIRECTION ( 'NONE',  ( 0.000000000000000000, -1.000000000000000000, -0.000000000000000000 ) ) ;
#1950 = ORIENTED_EDGE ( 'NONE', *, *, #2902, .T. ) ;
#1951 = CARTESIAN_POINT ( 'NONE',  ( 2.670999999999999819, 0.9999999999999988898, 3.987968801573925859 ) ) ;
#1952 = ORIENTED_EDGE ( 'NONE', *, *, #1122, .T. ) ;
#1953 = PRODUCT_DEFINITION_CONTEXT ( 'detailed design', #2779, 'design' ) ;
#1954 = EDGE_CURVE ( 'NONE', #2613, #3120, #2292, .T. ) ;
#1955 = EDGE_CURVE ( 'NONE', #3626, #764, #1677, .T. ) ;
#1956 = DIRECTION ( 'NONE',  ( 1.000000000000000000, -0.000000000000000000, 0.000000000000000000 ) ) ;
#1957 = DIRECTION ( 'NONE',  ( -0.000000000000000000, 0.000000000000000000, -1.000000000000000000 ) ) ;
#1958 = EDGE_LOOP ( 'NONE', ( #1901, #3125, #3057, #1459 ) ) ;
#1959 = DIRECTION ( 'NONE',  ( 0.000000000000000000, -2.305663240866751243E-16, 1.000000000000000000 ) ) ;
#1960 = VERTEX_POINT ( 'NONE', #1148 ) ;
#1961 = CARTESIAN_POINT ( 'NONE',  ( -2.670999999999999819, -0.2299999999999999822, 5.603868991668734090 ) ) ;
#1962 = DIRECTION ( 'NONE',  ( 1.720152167138808951E-15, 0.000000000000000000, -1.000000000000000000 ) ) ;
#1963 = PRESENTATION_STYLE_ASSIGNMENT (( #1982 ) ) ;
#1964 = FILL_AREA_STYLE ('',( #756 ) ) ;
#1965 = ORIENTED_EDGE ( 'NONE', *, *, #2967, .T. ) ;
#1966 = ORIENTED_EDGE ( 'NONE', *, *, #2002, .T. ) ;
#1967 = STYLED_ITEM ( 'NONE', ( #2793 ), #652 ) ;
#1968 = COLOUR_RGB ( '',1.000000000000000000, 1.000000000000000000, 1.000000000000000000 ) ;
#1969 = CARTESIAN_POINT ( 'NONE',  ( -3.060027207537798777, 2.399999999999999911, 2.933764737416307167 ) ) ;
#1970 = VERTEX_POINT ( 'NONE', #2631 ) ;
#1971 = AXIS2_PLACEMENT_3D ( 'NONE', #507, #1592, #234 ) ;
#1972 = LINE ( 'NONE', #1410, #364 ) ;
#1973 = DIRECTION ( 'NONE',  ( 0.08715574274765149065, 0.9961946980917461003, 0.000000000000000000 ) ) ;
#1974 = AXIS2_PLACEMENT_3D ( 'NONE', #2278, #3446, #799 ) ;
#1975 = EDGE_CURVE ( 'NONE', #582, #559, #2914, .T. ) ;
#1976 = PRESENTATION_STYLE_ASSIGNMENT (( #2015 ) ) ;
#1977 = AXIS2_PLACEMENT_3D ( 'NONE', #1983, #3797, #3196 ) ;
#1978 = DIRECTION ( 'NONE',  ( 0.000000000000000000, -4.392704819632302452E-16, -1.000000000000000000 ) ) ;
#1979 = ADVANCED_FACE ( 'NONE', ( #3633 ), #3601, .F. ) ;
#1980 = LINE ( 'NONE', #789, #361 ) ;
#1981 = STYLED_ITEM ( 'NONE', ( #360 ), #1792 ) ;
#1982 = SURFACE_STYLE_USAGE ( .BOTH. , #1652 ) ;
#1983 = CARTESIAN_POINT ( 'NONE',  ( -0.4499999999999999556, 0.000000000000000000, 0.000000000000000000 ) ) ;
#1984 = LINE ( 'NONE', #477, #1179 ) ;
#1985 =( GEOMETRIC_REPRESENTATION_CONTEXT ( 3 ) GLOBAL_UNCERTAINTY_ASSIGNED_CONTEXT ( ( #3450 ) ) GLOBAL_UNIT_ASSIGNED_CONTEXT ( ( #1852, #356, #98 ) ) REPRESENTATION_CONTEXT ( 'NONE', 'WORKASPACE' ) );
#1986 = LINE ( 'NONE', #1387, #3409 ) ;
#1987 = ORIENTED_EDGE ( 'NONE', *, *, #1543, .F. ) ;
#1988 = ORIENTED_EDGE ( 'NONE', *, *, #1099, .F. ) ;
#1989 = STYLED_ITEM ( 'NONE', ( #2952 ), #3706 ) ;
#1990 = VECTOR ( 'NONE', #2283, 1000.000000000000000 ) ;
#1991 = VERTEX_POINT ( 'NONE', #3046 ) ;
#1992 = ORIENTED_EDGE ( 'NONE', *, *, #2625, .T. ) ;
#1993 = UNCERTAINTY_MEASURE_WITH_UNIT (LENGTH_MEASURE( 1.000000000000000082E-05 ), #2823, 'distance_accuracy_value', 'NONE');
#1994 = MECHANICAL_DESIGN_GEOMETRIC_PRESENTATION_REPRESENTATION (  '', ( #326 ), #3102 ) ;
#1995 = CARTESIAN_POINT ( 'NONE',  ( 2.670999999999999819, 0.9999999999999988898, 3.987968801573925859 ) ) ;
#1996 = FILL_AREA_STYLE ('',( #779 ) ) ;
#1997 = VECTOR ( 'NONE', #1818, 1000.000000000000000 ) ;
#1998 = CARTESIAN_POINT ( 'NONE',  ( 2.670999999999999819, 0.2947334071814995959, 4.213868991668733521 ) ) ;
#1999 = CARTESIAN_POINT ( 'NONE',  ( 2.736000000000000210, 1.099999999999999201, 3.152686667747479188 ) ) ;
#2000 = ORIENTED_EDGE ( 'NONE', *, *, #100, .T. ) ;
#2001 = CARTESIAN_POINT ( 'NONE',  ( -0.3849999999999998979, 1.099999999999998979, 3.857499999999999929 ) ) ;
#2002 = EDGE_CURVE ( 'NONE', #2555, #1970, #376, .T. ) ;
#2003 = ADVANCED_FACE ( 'NONE', ( #3366 ), #3655, .F. ) ;
#2004 = FILL_AREA_STYLE_COLOUR ( '', #1968 ) ;
#2005 = FILL_AREA_STYLE_COLOUR ( '', #388 ) ;
#2006 = DIRECTION ( 'NONE',  ( -0.000000000000000000, 0.08715574274765182372, 0.9961946980917461003 ) ) ;
#2007 = DIRECTION ( 'NONE',  ( 1.000000000000000000, 0.000000000000000000, 0.000000000000000000 ) ) ;
#2008 = ORIENTED_EDGE ( 'NONE', *, *, #1720, .T. ) ;
#2009 = ORIENTED_EDGE ( 'NONE', *, *, #1429, .T. ) ;
#2010 = SURFACE_STYLE_USAGE ( .BOTH. , #1913 ) ;
#2011 = CARTESIAN_POINT ( 'NONE',  ( 2.736000000000000210, 1.634999999999999343, 3.774755297230884654 ) ) ;
#2012 = ORIENTED_EDGE ( 'NONE', *, *, #470, .F. ) ;
#2013 = VERTEX_POINT ( 'NONE', #111 ) ;
#2014 =( LENGTH_UNIT ( ) NAMED_UNIT ( * ) SI_UNIT ( .MILLI., .METRE. ) );
#2015 = SURFACE_STYLE_USAGE ( .BOTH. , #2270 ) ;
#2016 = EDGE_CURVE ( 'NONE', #2533, #2496, #2446, .T. ) ;
#2017 = ORIENTED_EDGE ( 'NONE', *, *, #784, .F. ) ;
#2018 = DIRECTION ( 'NONE',  ( 0.000000000000000000, 0.000000000000000000, 1.000000000000000000 ) ) ;
#2019 = DIRECTION ( 'NONE',  ( 0.000000000000000000, -0.9848077530122075762, 0.1736481776669323851 ) ) ;
#2020 = LINE ( 'NONE', #3744, #2123 ) ;
#2021 = CARTESIAN_POINT ( 'NONE',  ( 2.455000000000000515, 0.000000000000000000, -2.610632298677259655 ) ) ;
#2022 = ADVANCED_FACE ( 'NONE', ( #1300 ), #3352, .F. ) ;
#2023 = FACE_OUTER_BOUND ( 'NONE', #1638, .T. ) ;
#2024 = ORIENTED_EDGE ( 'NONE', *, *, #2394, .F. ) ;
#2025 = CARTESIAN_POINT ( 'NONE',  ( 0.3306339741569082058, 0.5300000000000001377, -2.295485129375112621 ) ) ;
#2026 = DIRECTION ( 'NONE',  ( 1.000000000000000000, 0.000000000000000000, 0.000000000000000000 ) ) ;
#2027 = ADVANCED_FACE ( 'NONE', ( #3616 ), #679, .F. ) ;
#2028 = SURFACE_STYLE_FILL_AREA ( #2940 ) ;
#2029 = ORIENTED_EDGE ( 'NONE', *, *, #3670, .F. ) ;
#2030 = DIRECTION ( 'NONE',  ( 1.000000000000000000, 0.000000000000000000, 0.000000000000000000 ) ) ;
#2031 = ORIENTED_EDGE ( 'NONE', *, *, #3692, .T. ) ;
#2032 = COLOUR_RGB ( '',1.000000000000000000, 1.000000000000000000, 1.000000000000000000 ) ;
#2033 = CARTESIAN_POINT ( 'NONE',  ( -3.270000000000000462, 0.000000000000000000, -3.047500000000000320 ) ) ;
#2034 = AXIS2_PLACEMENT_3D ( 'NONE', #2583, #3139, #2543 ) ;
#2035 = CARTESIAN_POINT ( 'NONE',  ( 0.3849999999999998979, 1.634999999999999343, 3.774755297230884654 ) ) ;
#2036 =( GEOMETRIC_REPRESENTATION_CONTEXT ( 3 ) GLOBAL_UNCERTAINTY_ASSIGNED_CONTEXT ( ( #524 ) ) GLOBAL_UNIT_ASSIGNED_CONTEXT ( ( #2014, #3721, #1726 ) ) REPRESENTATION_CONTEXT ( 'NONE', 'WORKASPACE' ) );
#2037 = PLANE ( 'NONE',  #878 ) ;
#2038 = MECHANICAL_DESIGN_GEOMETRIC_PRESENTATION_REPRESENTATION (  '', ( #3141 ), #2598 ) ;
#2039 = CARTESIAN_POINT ( 'NONE',  ( -0.3849999999999998979, 1.099999999999999201, 3.152686667747479632 ) ) ;
#2040 = AXIS2_PLACEMENT_3D ( 'NONE', #3519, #492, #2564 ) ;
#2041 = LINE ( 'NONE', #3516, #2145 ) ;
#2042 = CARTESIAN_POINT ( 'NONE',  ( 2.455000000000000515, 0.000000000000000000, -2.610632298677259655 ) ) ;
#2043 =( GEOMETRIC_REPRESENTATION_CONTEXT ( 3 ) GLOBAL_UNCERTAINTY_ASSIGNED_CONTEXT ( ( #778 ) ) GLOBAL_UNIT_ASSIGNED_CONTEXT ( ( #2165, #3339, #3110 ) ) REPRESENTATION_CONTEXT ( 'NONE', 'WORKASPACE' ) );
#2044 = ORIENTED_EDGE ( 'NONE', *, *, #77, .F. ) ;
#2045 = EDGE_CURVE ( 'NONE', #2118, #1619, #1064, .T. ) ;
#2046 = FILL_AREA_STYLE ('',( #269 ) ) ;
#2047 = VECTOR ( 'NONE', #1978, 1000.000000000000000 ) ;
#2048 = DIRECTION ( 'NONE',  ( 0.000000000000000000, 0.000000000000000000, 1.000000000000000000 ) ) ;
#2049 = DIRECTION ( 'NONE',  ( -3.618172680095672944E-16, 0.000000000000000000, -1.000000000000000000 ) ) ;
#2050 = ORIENTED_EDGE ( 'NONE', *, *, #1648, .F. ) ;
#2051 = LINE ( 'NONE', #914, #1937 ) ;
#2052 = ORIENTED_EDGE ( 'NONE', *, *, #537, .F. ) ;
#2053 =( GEOMETRIC_REPRESENTATION_CONTEXT ( 3 ) GLOBAL_UNCERTAINTY_ASSIGNED_CONTEXT ( ( #2301 ) ) GLOBAL_UNIT_ASSIGNED_CONTEXT ( ( #187, #1071, #3730 ) ) REPRESENTATION_CONTEXT ( 'NONE', 'WORKASPACE' ) );
#2054 = STYLED_ITEM ( 'NONE', ( #286 ), #2450 ) ;
#2055 = EDGE_CURVE ( 'NONE', #3546, #3082, #2421, .T. ) ;
#2056 = CARTESIAN_POINT ( 'NONE',  ( 2.670999999999999819, 0.3050000000000000488, 3.987968801573925859 ) ) ;
#2057 = MECHANICAL_DESIGN_GEOMETRIC_PRESENTATION_REPRESENTATION (  '', ( #3040 ), #3287 ) ;
#2058 = DIRECTION ( 'NONE',  ( -1.000000000000000000, -0.000000000000000000, -0.000000000000000000 ) ) ;
#2059 = VECTOR ( 'NONE', #164, 1000.000000000000000 ) ;
#2060 = ORIENTED_EDGE ( 'NONE', *, *, #2869, .T. ) ;
#2061 = AXIS2_PLACEMENT_3D ( 'NONE', #958, #2149, #2189 ) ;
#2062 = CARTESIAN_POINT ( 'NONE',  ( -0.3849999999999998979, 0.9999999999999988898, 3.774755297230884654 ) ) ;
#2063 = PLANE ( 'NONE',  #1819 ) ;
#2064 = FILL_AREA_STYLE ('',( #378 ) ) ;
#2065 = EDGE_CURVE ( 'NONE', #2918, #2264, #811, .T. ) ;
#2066 = DIRECTION ( 'NONE',  ( -1.000000000000000000, -0.000000000000000000, -0.000000000000000000 ) ) ;
#2067 = ORIENTED_EDGE ( 'NONE', *, *, #1886, .F. ) ;
#2068 = LINE ( 'NONE', #590, #3162 ) ;
#2069 = FILL_AREA_STYLE ('',( #3527 ) ) ;
#2070 = LINE ( 'NONE', #1174, #2729 ) ;
#2071 = ORIENTED_EDGE ( 'NONE', *, *, #2699, .F. ) ;
#2072 = DIRECTION ( 'NONE',  ( -1.000000000000000000, -0.000000000000000000, 0.000000000000000000 ) ) ;
#2073 = DIRECTION ( 'NONE',  ( -0.000000000000000000, 0.1736481776669301647, 0.9848077530122081313 ) ) ;
#2074 = DIRECTION ( 'NONE',  ( 0.000000000000000000, 0.9961946980917461003, 0.08715574274765169882 ) ) ;
#2075 = CARTESIAN_POINT ( 'NONE',  ( -0.3306339741569082058, -7.410644371443013689, -2.453058714026184806 ) ) ;
#2076 = ORIENTED_EDGE ( 'NONE', *, *, #1409, .T. ) ;
#2077 = EDGE_CURVE ( 'NONE', #1446, #2835, #1633, .T. ) ;
#2078 = ORIENTED_EDGE ( 'NONE', *, *, #1955, .T. ) ;
#2079 = CARTESIAN_POINT ( 'NONE',  ( 2.670999999999999819, 0.9999999999999988898, 3.987968801573925859 ) ) ;
#2080 = SURFACE_STYLE_USAGE ( .BOTH. , #1164 ) ;
#2081 = CARTESIAN_POINT ( 'NONE',  ( -2.602500000000000036, 3.469446951953614189E-15, -3.809250792979566036 ) ) ;
#2082 = PLANE ( 'NONE',  #1971 ) ;
#2083 = CARTESIAN_POINT ( 'NONE',  ( 0.3849999999999998979, 1.099999999999998979, 3.987968801573925859 ) ) ;
#2084 = ORIENTED_EDGE ( 'NONE', *, *, #3324, .F. ) ;
#2085 = CARTESIAN_POINT ( 'NONE',  ( 2.602500000000000036, 0.000000000000000000, -3.809250792979566480 ) ) ;
#2086 =( NAMED_UNIT ( * ) SI_UNIT ( $, .STERADIAN. ) SOLID_ANGLE_UNIT ( ) );
#2087 = CARTESIAN_POINT ( 'NONE',  ( -2.454999999999999627, -7.410644371443013689, -2.610632298677259211 ) ) ;
#2088 = EDGE_LOOP ( 'NONE', ( #3012, #3749, #1454, #2280 ) ) ;
#2089 = CARTESIAN_POINT ( 'NONE',  ( 1.000000000000000222, 0.5300000000000001377, -4.071131008331267509 ) ) ;
#2090 = CARTESIAN_POINT ( 'NONE',  ( -2.602499999999999591, 0.5300000000000001377, -2.610632298677259211 ) ) ;
#2091 = LINE ( 'NONE', #2422, #1104 ) ;
#2092 = ORIENTED_EDGE ( 'NONE', *, *, #2409, .F. ) ;
#2093 = LINE ( 'NONE', #1532, #1876 ) ;
#2094 = ORIENTED_EDGE ( 'NONE', *, *, #1609, .F. ) ;
#2095 =( GEOMETRIC_REPRESENTATION_CONTEXT ( 3 ) GLOBAL_UNCERTAINTY_ASSIGNED_CONTEXT ( ( #1337 ) ) GLOBAL_UNIT_ASSIGNED_CONTEXT ( ( #3240, #3255, #2670 ) ) REPRESENTATION_CONTEXT ( 'NONE', 'WORKASPACE' ) );
#2096 = CARTESIAN_POINT ( 'NONE',  ( 2.602500000000000480, 0.5300000000000001377, -2.610632298677259655 ) ) ;
#2097 = VECTOR ( 'NONE', #2438, 1000.000000000000000 ) ;
#2098 = VECTOR ( 'NONE', #2058, 1000.000000000000000 ) ;
#2099 = PRESENTATION_STYLE_ASSIGNMENT (( #2080 ) ) ;
#2100 = EDGE_CURVE ( 'NONE', #1350, #1430, #2311, .T. ) ;
#2101 = EDGE_CURVE ( 'NONE', #2999, #818, #473, .T. ) ;
#2102 =( NAMED_UNIT ( * ) SI_UNIT ( $, .STERADIAN. ) SOLID_ANGLE_UNIT ( ) );
#2103 = PRESENTATION_LAYER_ASSIGNMENT (  '', '', ( #3748 ) ) ;
#2104 = CYLINDRICAL_SURFACE ( 'NONE', #2726, 0.4083162060476116517 ) ;
#2105 = CARTESIAN_POINT ( 'NONE',  ( 3.270000000000000462, 5.421010862427522170E-17, 2.951262470121490900 ) ) ;
#2106 = ORIENTED_EDGE ( 'NONE', *, *, #684, .T. ) ;
#2107 = FACE_OUTER_BOUND ( 'NONE', #2235, .T. ) ;
#2108 = COLOUR_RGB ( '',1.000000000000000000, 1.000000000000000000, 1.000000000000000000 ) ;
#2109 = ORIENTED_EDGE ( 'NONE', *, *, #2950, .F. ) ;
#2110 = DIRECTION ( 'NONE',  ( 0.000000000000000000, 0.000000000000000000, 1.000000000000000000 ) ) ;
#2111 = DIRECTION ( 'NONE',  ( 0.000000000000000000, -0.9848077530122081313, 0.1736481776669301647 ) ) ;
#2112 = VECTOR ( 'NONE', #661, 1000.000000000000000 ) ;
#2113 = CARTESIAN_POINT ( 'NONE',  ( -1.900999999999999801, 1.099999999999999201, 3.152686667747479632 ) ) ;
#2114 = LINE ( 'NONE', #2704, #3213 ) ;
#2115 = ORIENTED_EDGE ( 'NONE', *, *, #175, .T. ) ;
#2116 = CARTESIAN_POINT ( 'NONE',  ( -2.736000000000000210, 1.634999999999999343, 3.774755297230884654 ) ) ;
#2117 = AXIS2_PLACEMENT_3D ( 'NONE', #1134, #2324, #542 ) ;
#2118 = VERTEX_POINT ( 'NONE', #1649 ) ;
#2119 = MECHANICAL_DESIGN_GEOMETRIC_PRESENTATION_REPRESENTATION (  '', ( #1815 ), #873 ) ;
#2120 = VECTOR ( 'NONE', #538, 1000.000000000000000 ) ;
#2121 = STYLED_ITEM ( 'NONE', ( #3054 ), #2747 ) ;
#2122 = EDGE_CURVE ( 'NONE', #3124, #834, #3420, .T. ) ;
#2123 = VECTOR ( 'NONE', #1068, 1000.000000000000000 ) ;
#2124 = CARTESIAN_POINT ( 'NONE',  ( 1.835999999999999854, 1.099999999999999201, 3.774755297230884654 ) ) ;
#2125 = LINE ( 'NONE', #2935, #1997 ) ;
#2126 = SURFACE_SIDE_STYLE ('',( #2711 ) ) ;
#2127 = EDGE_CURVE ( 'NONE', #665, #2265, #1358, .T. ) ;
#2128 = EDGE_CURVE ( 'NONE', #3667, #1297, #3762, .T. ) ;
#2129 = ORIENTED_EDGE ( 'NONE', *, *, #168, .T. ) ;
#2130 = ORIENTED_EDGE ( 'NONE', *, *, #3460, .T. ) ;
#2131 = DIRECTION ( 'NONE',  ( -0.000000000000000000, -1.000000000000000000, -0.000000000000000000 ) ) ;
#2132 = DIRECTION ( 'NONE',  ( 0.000000000000000000, -4.392704819632302452E-16, -1.000000000000000000 ) ) ;
#2133 = CARTESIAN_POINT ( 'NONE',  ( -0.3849999999999998979, 1.099999999999999201, 3.047499999999999432 ) ) ;
#2134 = VERTEX_POINT ( 'NONE', #2001 ) ;
#2135 = ORIENTED_EDGE ( 'NONE', *, *, #3349, .F. ) ;
#2136 =( NAMED_UNIT ( * ) PLANE_ANGLE_UNIT ( ) SI_UNIT ( $, .RADIAN. ) );
#2137 = CARTESIAN_POINT ( 'NONE',  ( -1.802499999999999547, 1.301042606982605321E-15, -4.271131008331266798 ) ) ;
#2138 = CARTESIAN_POINT ( 'NONE',  ( 2.670999999999999819, 0.3876351822333074515, 4.740741139530263659 ) ) ;
#2139 = FILL_AREA_STYLE_COLOUR ( '', #1417 ) ;
#2140 = SURFACE_SIDE_STYLE ('',( #1271 ) ) ;
#2141 = ORIENTED_EDGE ( 'NONE', *, *, #1867, .T. ) ;
#2142 = LINE ( 'NONE', #2474, #1559 ) ;
#2143 = SURFACE_STYLE_USAGE ( .BOTH. , #1603 ) ;
#2144 = DIRECTION ( 'NONE',  ( 0.000000000000000000, 1.000000000000000000, 0.000000000000000000 ) ) ;
#2145 = VECTOR ( 'NONE', #3479, 1000.000000000000000 ) ;
#2146 = CARTESIAN_POINT ( 'NONE',  ( 2.602500000000000480, 0.2645964107199655913, -3.024350813652355807 ) ) ;
#2147 = DIRECTION ( 'NONE',  ( 0.000000000000000000, 1.000000000000000000, 0.000000000000000000 ) ) ;
#2148 = ORIENTED_EDGE ( 'NONE', *, *, #1339, .T. ) ;
#2149 = DIRECTION ( 'NONE',  ( 1.000000000000000000, 0.000000000000000000, 0.000000000000000000 ) ) ;
#2150 = ORIENTED_EDGE ( 'NONE', *, *, #936, .F. ) ;
#2151 = UNCERTAINTY_MEASURE_WITH_UNIT (LENGTH_MEASURE( 1.000000000000000082E-05 ), #552, 'distance_accuracy_value', 'NONE');
#2152 = AXIS2_PLACEMENT_3D ( 'NONE', #1206, #532, #3600 ) ;
#2153 = DIRECTION ( 'NONE',  ( 0.000000000000000000, -1.000000000000000000, 0.000000000000000000 ) ) ;
#2154 = AXIS2_PLACEMENT_3D ( 'NONE', #2657, #70, #2110 ) ;
#2155 =( LENGTH_UNIT ( ) NAMED_UNIT ( * ) SI_UNIT ( .MILLI., .METRE. ) );
#2156 =( NAMED_UNIT ( * ) SI_UNIT ( $, .STERADIAN. ) SOLID_ANGLE_UNIT ( ) );
#2157 =( GEOMETRIC_REPRESENTATION_CONTEXT ( 3 ) GLOBAL_UNCERTAINTY_ASSIGNED_CONTEXT ( ( #3114 ) ) GLOBAL_UNIT_ASSIGNED_CONTEXT ( ( #3257, #781, #1396 ) ) REPRESENTATION_CONTEXT ( 'NONE', 'WORKASPACE' ) );
#2158 = ORIENTED_EDGE ( 'NONE', *, *, #3669, .T. ) ;
#2159 = CARTESIAN_POINT ( 'NONE',  ( -2.670999999999999819, 1.634999999999998899, 3.000693565013633712 ) ) ;
#2160 = ORIENTED_EDGE ( 'NONE', *, *, #2933, .T. ) ;
#2161 = COLOUR_RGB ( '',1.000000000000000000, 1.000000000000000000, 1.000000000000000000 ) ;
#2162 = CARTESIAN_POINT ( 'NONE',  ( 2.735999999999999766, 1.634999999999998455, 3.774755297230884654 ) ) ;
#2163 = CARTESIAN_POINT ( 'NONE',  ( 2.670999999999999819, 0.3050000000000000488, 4.839221914831485449 ) ) ;
#2164 = AXIS2_PLACEMENT_3D ( 'NONE', #123, #427, #2456 ) ;
#2165 =( LENGTH_UNIT ( ) NAMED_UNIT ( * ) SI_UNIT ( .MILLI., .METRE. ) );
#2166 = SURFACE_STYLE_USAGE ( .BOTH. , #2740 ) ;
#2167 = ORIENTED_EDGE ( 'NONE', *, *, #2724, .T. ) ;
#2168 = ORIENTED_EDGE ( 'NONE', *, *, #2924, .F. ) ;
#2169 = EDGE_CURVE ( 'NONE', #429, #3177, #3134, .T. ) ;
#2170 = EDGE_CURVE ( 'NONE', #337, #406, #201, .T. ) ;
#2171 = AXIS2_PLACEMENT_3D ( 'NONE', #1125, #2316, #3746 ) ;
#2172 = CARTESIAN_POINT ( 'NONE',  ( 2.670999999999999819, 1.634999999999998899, 3.152686667747479632 ) ) ;
#2173 = VECTOR ( 'NONE', #1120, 1000.000000000000000 ) ;
#2174 = PRESENTATION_STYLE_ASSIGNMENT (( #110 ) ) ;
#2175 = AXIS2_PLACEMENT_3D ( 'NONE', #3790, #9, #2361 ) ;
#2176 = AXIS2_PLACEMENT_3D ( 'NONE', #718, #1909, #3089 ) ;
#2177 = DIRECTION ( 'NONE',  ( -0.08682659386424028403, 0.9924325091389682996, 0.08682659386424106118 ) ) ;
#2178 = EDGE_LOOP ( 'NONE', ( #3417, #762, #898, #346, #2772, #2009, #2209, #1153, #597, #1643, #3683, #1921 ) ) ;
#2179 = FILL_AREA_STYLE_COLOUR ( '', #1411 ) ;
#2180 =( NAMED_UNIT ( * ) SI_UNIT ( $, .STERADIAN. ) SOLID_ANGLE_UNIT ( ) );
#2181 = AXIS2_PLACEMENT_3D ( 'NONE', #278, #1220, #1203 ) ;
#2182 =( NAMED_UNIT ( * ) SI_UNIT ( $, .STERADIAN. ) SOLID_ANGLE_UNIT ( ) );
#2183 = CARTESIAN_POINT ( 'NONE',  ( 1.835999999999999854, 0.000000000000000000, 3.774755297230884654 ) ) ;
#2184 = ORIENTED_EDGE ( 'NONE', *, *, #1793, .F. ) ;
#2185 = PLANE ( 'NONE',  #3653 ) ;
#2186 = DIRECTION ( 'NONE',  ( -0.000000000000000000, -0.000000000000000000, 1.000000000000000000 ) ) ;
#2187 = CARTESIAN_POINT ( 'NONE',  ( 1.900999999999999801, 0.9999999999999988898, 3.987968801573925859 ) ) ;
#2188 = ORIENTED_EDGE ( 'NONE', *, *, #77, .T. ) ;
#2189 = DIRECTION ( 'NONE',  ( 0.000000000000000000, 0.000000000000000000, 1.000000000000000000 ) ) ;
#2190 = ORIENTED_EDGE ( 'NONE', *, *, #1934, .F. ) ;
#2191 = ADVANCED_FACE ( 'NONE', ( #3724 ), #530, .F. ) ;
#2192 = EDGE_CURVE ( 'NONE', #3211, #372, #3159, .T. ) ;
#2193 = DIRECTION ( 'NONE',  ( 0.000000000000000000, 0.000000000000000000, 1.000000000000000000 ) ) ;
#2194 = ADVANCED_FACE ( 'NONE', ( #3178 ), #2888, .F. ) ;
#2195 = CARTESIAN_POINT ( 'NONE',  ( 2.670999999999999819, 1.099999999999999201, 3.047499999999999432 ) ) ;
#2196 = VERTEX_POINT ( 'NONE', #2627 ) ;
#2197 = EDGE_LOOP ( 'NONE', ( #2498, #305, #1594, #2736 ) ) ;
#2198 = CARTESIAN_POINT ( 'NONE',  ( -1.900999999999999801, 0.3050000000000000488, 4.839221914831485449 ) ) ;
#2199 = CARTESIAN_POINT ( 'NONE',  ( 1.835999999999999854, 1.634999999999998899, 3.152686667747479632 ) ) ;
#2200 = CARTESIAN_POINT ( 'NONE',  ( 2.670999999999999819, 1.634999999999998455, 3.987968801573925859 ) ) ;
#2201 = DIRECTION ( 'NONE',  ( 0.000000000000000000, -0.9848077530122075762, 0.1736481776669323851 ) ) ;
#2202 = ORIENTED_EDGE ( 'NONE', *, *, #3183, .T. ) ;
#2203 = SURFACE_STYLE_USAGE ( .BOTH. , #2799 ) ;
#2204 = EDGE_LOOP ( 'NONE', ( #2017, #1353, #2707, #1349 ) ) ;
#2205 = CARTESIAN_POINT ( 'NONE',  ( 0.000000000000000000, 0.5300000000000001377, -4.271131008331266798 ) ) ;
#2206 = EDGE_CURVE ( 'NONE', #88, #1941, #279, .T. ) ;
#2207 = DIRECTION ( 'NONE',  ( -1.000000000000000000, -0.000000000000000000, 0.000000000000000000 ) ) ;
#2208 = DIRECTION ( 'NONE',  ( 0.000000000000000000, 1.000000000000000000, 0.000000000000000000 ) ) ;
#2209 = ORIENTED_EDGE ( 'NONE', *, *, #649, .F. ) ;
#2210 = VECTOR ( 'NONE', #79, 1000.000000000000000 ) ;
#2211 = EDGE_CURVE ( 'NONE', #993, #2835, #3273, .T. ) ;
#2212 = VECTOR ( 'NONE', #1285, 1000.000000000000000 ) ;
#2213 = EDGE_CURVE ( 'NONE', #182, #1152, #3575, .T. ) ;
#2214 = CARTESIAN_POINT ( 'NONE',  ( -1.900999999999999801, -0.2300000000000000655, 4.839221914831485449 ) ) ;
#2215 = CYLINDRICAL_SURFACE ( 'NONE', #3765, 0.6349999999999992317 ) ;
#2216 = PRESENTATION_LAYER_ASSIGNMENT (  '', '', ( #1967 ) ) ;
#2217 = DIRECTION ( 'NONE',  ( 1.000000000000000000, -0.000000000000000000, 0.000000000000000000 ) ) ;
#2218 = ORIENTED_EDGE ( 'NONE', *, *, #2211, .T. ) ;
#2219 = VECTOR ( 'NONE', #1513, 1000.000000000000000 ) ;
#2220 = CARTESIAN_POINT ( 'NONE',  ( 2.455000000000000515, 0.5300000000000001377, -2.610632298677259655 ) ) ;
#2221 = FILL_AREA_STYLE ('',( #3393 ) ) ;
#2222 = DIRECTION ( 'NONE',  ( -0.000000000000000000, 1.000000000000000000, 0.000000000000000000 ) ) ;
#2223 =( NAMED_UNIT ( * ) PLANE_ANGLE_UNIT ( ) SI_UNIT ( $, .RADIAN. ) );
#2224 = AXIS2_PLACEMENT_3D ( 'NONE', #830, #1714, #1736 ) ;
#2225 = EDGE_LOOP ( 'NONE', ( #698, #2150, #144, #1950, #1424 ) ) ;
#2226 = ORIENTED_EDGE ( 'NONE', *, *, #445, .F. ) ;
#2227 = UNCERTAINTY_MEASURE_WITH_UNIT (LENGTH_MEASURE( 1.000000000000000082E-05 ), #820, 'distance_accuracy_value', 'NONE');
#2228 = PRESENTATION_LAYER_ASSIGNMENT (  '', '', ( #433 ) ) ;
#2229 = DIRECTION ( 'NONE',  ( 0.000000000000000000, 1.000000000000000000, 1.098507959475904232E-16 ) ) ;
#2230 = ADVANCED_FACE ( 'NONE', ( #1471 ), #2391, .F. ) ;
#2231 = VECTOR ( 'NONE', #101, 1000.000000000000000 ) ;
#2232 = VECTOR ( 'NONE', #2521, 1000.000000000000000 ) ;
#2233 = EDGE_CURVE ( 'NONE', #1328, #3621, #2331, .T. ) ;
#2234 = DIRECTION ( 'NONE',  ( -1.000000000000000000, -0.000000000000000000, -0.000000000000000000 ) ) ;
#2235 = EDGE_LOOP ( 'NONE', ( #3218, #3699, #1707, #3107 ) ) ;
#2236 = AXIS2_PLACEMENT_3D ( 'NONE', #2396, #272, #3506 ) ;
#2237 = AXIS2_PLACEMENT_3D ( 'NONE', #2321, #747, #2229 ) ;
#2238 = CARTESIAN_POINT ( 'NONE',  ( 2.455000000000000515, -7.410644371443013689, -2.610632298677259655 ) ) ;
#2239 =( NAMED_UNIT ( * ) PLANE_ANGLE_UNIT ( ) SI_UNIT ( $, .RADIAN. ) );
#2240 = SURFACE_STYLE_FILL_AREA ( #2860 ) ;
#2241 = EDGE_CURVE ( 'NONE', #900, #2243, #259, .T. ) ;
#2242 = DIRECTION ( 'NONE',  ( 1.000000000000000000, 0.000000000000000000, -0.000000000000000000 ) ) ;
#2243 = VERTEX_POINT ( 'NONE', #1160 ) ;
#2244 = EDGE_LOOP ( 'NONE', ( #2060, #3624, #2444, #2492 ) ) ;
#2245 = SURFACE_STYLE_FILL_AREA ( #2221 ) ;
#2246 = CARTESIAN_POINT ( 'NONE',  ( 1.900999999999999801, -0.2300000000000000100, 4.839221914831485449 ) ) ;
#2247 = CARTESIAN_POINT ( 'NONE',  ( -2.670999999999999819, 0.9999999999999988898, 3.152686667747479632 ) ) ;
#2248 =( GEOMETRIC_REPRESENTATION_CONTEXT ( 3 ) GLOBAL_UNCERTAINTY_ASSIGNED_CONTEXT ( ( #451 ) ) GLOBAL_UNIT_ASSIGNED_CONTEXT ( ( #2344, #3530, #592 ) ) REPRESENTATION_CONTEXT ( 'NONE', 'WORKASPACE' ) );
#2249 = VERTEX_POINT ( 'NONE', #2353 ) ;
#2250 = ORIENTED_EDGE ( 'NONE', *, *, #459, .F. ) ;
#2251 = CARTESIAN_POINT ( 'NONE',  ( -2.454999999999999183, 0.000000000000000000, 1.003868991668733557 ) ) ;
#2252 = LINE ( 'NONE', #1664, #1560 ) ;
#2253 = ORIENTED_EDGE ( 'NONE', *, *, #3061, .F. ) ;
#2254 = CARTESIAN_POINT ( 'NONE',  ( 1.900999999999999801, 1.099999999999999201, 3.047499999999999432 ) ) ;
#2255 = ORIENTED_EDGE ( 'NONE', *, *, #3578, .F. ) ;
#2256 = DIRECTION ( 'NONE',  ( 0.000000000000000000, 0.000000000000000000, 1.000000000000000000 ) ) ;
#2257 = LINE ( 'NONE', #1363, #967 ) ;
#2258 = LINE ( 'NONE', #1421, #149 ) ;
#2259 = CARTESIAN_POINT ( 'NONE',  ( 2.735999999999999766, 1.634999999999998455, 3.774755297230884654 ) ) ;
#2260 = EDGE_CURVE ( 'NONE', #2744, #2552, #2963, .T. ) ;
#2261 = EDGE_LOOP ( 'NONE', ( #14, #1762, #1489, #1809, #2359, #3145, #402, #1019, #1877, #1496, #2031, #3205 ) ) ;
#2262 = CARTESIAN_POINT ( 'NONE',  ( 2.670999999999999819, 1.099999999999999201, 3.152686667747479632 ) ) ;
#2263 = PLANE ( 'NONE',  #129 ) ;
#2264 = VERTEX_POINT ( 'NONE', #906 ) ;
#2265 = VERTEX_POINT ( 'NONE', #2096 ) ;
#2266 = UNCERTAINTY_MEASURE_WITH_UNIT (LENGTH_MEASURE( 1.000000000000000082E-05 ), #121, 'distance_accuracy_value', 'NONE');
#2267 = EDGE_CURVE ( 'NONE', #1416, #3211, #3761, .T. ) ;
#2268 = CARTESIAN_POINT ( 'NONE',  ( -0.4499999999999999001, 1.634999999999998899, 3.152686667747479632 ) ) ;
#2269 = LINE ( 'NONE', #525, #1246 ) ;
#2270 = SURFACE_SIDE_STYLE ('',( #2327 ) ) ;
#2271 = CARTESIAN_POINT ( 'NONE',  ( -1.900999999999999801, 1.099999999999999201, 3.152686667747479632 ) ) ;
#2272 = SHAPE_DEFINITION_REPRESENTATION ( #384, #855 ) ;
#2273 = CARTESIAN_POINT ( 'NONE',  ( -2.670999999999999819, 0.9999999999999988898, 3.774755297230884654 ) ) ;
#2274 =( NAMED_UNIT ( * ) PLANE_ANGLE_UNIT ( ) SI_UNIT ( $, .RADIAN. ) );
#2275 = ORIENTED_EDGE ( 'NONE', *, *, #832, .F. ) ;
#2276 = ORIENTED_EDGE ( 'NONE', *, *, #2055, .T. ) ;
#2277 = STYLED_ITEM ( 'NONE', ( #2379 ), #710 ) ;
#2278 = CARTESIAN_POINT ( 'NONE',  ( -1.900999999999999801, 0.9999999999999988898, 3.987968801573925859 ) ) ;
#2279 = ORIENTED_EDGE ( 'NONE', *, *, #1719, .T. ) ;
#2280 = ORIENTED_EDGE ( 'NONE', *, *, #2451, .F. ) ;
#2281 = VECTOR ( 'NONE', #2806, 1000.000000000000000 ) ;
#2282 = DIRECTION ( 'NONE',  ( -1.000000000000000000, -0.000000000000000000, -0.000000000000000000 ) ) ;
#2283 = DIRECTION ( 'NONE',  ( -1.000000000000000000, -0.000000000000000000, -0.000000000000000000 ) ) ;
#2284 = AXIS2_PLACEMENT_3D ( 'NONE', #1936, #1373, #1642 ) ;
#2285 = DIRECTION ( 'NONE',  ( 0.000000000000000000, -2.305663240866751243E-16, 1.000000000000000000 ) ) ;
#2286 = ADVANCED_FACE ( 'NONE', ( #548 ), #3199, .F. ) ;
#2287 = DIRECTION ( 'NONE',  ( -0.000000000000000000, 4.392704819632302452E-16, 1.000000000000000000 ) ) ;
#2288 = CARTESIAN_POINT ( 'NONE',  ( -2.602499999999999591, 0.5300000000000000266, -2.610632298677259211 ) ) ;
#2289 = AXIS2_PLACEMENT_3D ( 'NONE', #3062, #1591, #3079 ) ;
#2290 = LINE ( 'NONE', #2584, #2804 ) ;
#2291 = FACE_OUTER_BOUND ( 'NONE', #694, .T. ) ;
#2292 = LINE ( 'NONE', #3482, #3457 ) ;
#2293 = VECTOR ( 'NONE', #2144, 1000.000000000000000 ) ;
#2294 = CARTESIAN_POINT ( 'NONE',  ( -2.636385230265559709, 2.400000000000000355, -2.837527207537798635 ) ) ;
#2295 = ORIENTED_EDGE ( 'NONE', *, *, #3454, .F. ) ;
#2296 = ORIENTED_EDGE ( 'NONE', *, *, #3423, .T. ) ;
#2297 = CARTESIAN_POINT ( 'NONE',  ( 2.636385230265561486, 2.400000000000000355, -2.837527207537798635 ) ) ;
#2298 = VECTOR ( 'NONE', #1082, 1000.000000000000000 ) ;
#2299 = CARTESIAN_POINT ( 'NONE',  ( -0.3306339741569082058, -7.410644371443013689, -2.610632298677259655 ) ) ;
#2300 = VERTEX_POINT ( 'NONE', #846 ) ;
#2301 = UNCERTAINTY_MEASURE_WITH_UNIT (LENGTH_MEASURE( 1.000000000000000082E-05 ), #187, 'distance_accuracy_value', 'NONE');
#2302 = AXIS2_PLACEMENT_3D ( 'NONE', #3413, #1351, #1583 ) ;
#2303 = DIRECTION ( 'NONE',  ( 1.000000000000000000, 0.000000000000000000, -0.000000000000000000 ) ) ;
#2304 = CARTESIAN_POINT ( 'NONE',  ( 0.000000000000000000, 0.5300000000000001377, -2.610632298677260543 ) ) ;
#2305 = STYLED_ITEM ( 'NONE', ( #3343 ), #3195 ) ;
#2306 = DIRECTION ( 'NONE',  ( 1.000000000000000000, 0.000000000000000000, -0.000000000000000000 ) ) ;
#2307 = CARTESIAN_POINT ( 'NONE',  ( 1.900999999999999801, 1.099999999999999201, 3.152686667747479632 ) ) ;
#2308 = VERTEX_POINT ( 'NONE', #2039 ) ;
#2309 = EDGE_CURVE ( 'NONE', #3068, #502, #2693, .T. ) ;
#2310 = EDGE_CURVE ( 'NONE', #946, #2517, #1813, .T. ) ;
#2311 = LINE ( 'NONE', #512, #2232 ) ;
#2312 = DIRECTION ( 'NONE',  ( -1.000000000000000000, -0.000000000000000000, -0.000000000000000000 ) ) ;
#2313 = EDGE_CURVE ( 'NONE', #2712, #2196, #871, .T. ) ;
#2314 = DIRECTION ( 'NONE',  ( 0.08682659386424125547, 0.9924325091389682996, -0.08682659386424058934 ) ) ;
#2315 = LINE ( 'NONE', #3466, #3084 ) ;
#2316 = DIRECTION ( 'NONE',  ( -0.000000000000000000, -1.000000000000000000, -0.000000000000000000 ) ) ;
#2317 = CARTESIAN_POINT ( 'NONE',  ( 1.900999999999999801, 0.4050000000000000822, 4.839221914831485449 ) ) ;
#2318 = VERTEX_POINT ( 'NONE', #1772 ) ;
#2319 = VERTEX_POINT ( 'NONE', #338 ) ;
#2320 = FACE_OUTER_BOUND ( 'NONE', #3448, .T. ) ;
#2321 = CARTESIAN_POINT ( 'NONE',  ( -5.095323455267670276, 2.779758343777461338, 3.857499999999999929 ) ) ;
#2322 = CARTESIAN_POINT ( 'NONE',  ( 0.3849999999999998979, 1.634999999999998899, 3.152686667747479632 ) ) ;
#2323 = VERTEX_POINT ( 'NONE', #1756 ) ;
#2324 = DIRECTION ( 'NONE',  ( 0.000000000000000000, 1.000000000000000000, 0.000000000000000000 ) ) ;
#2325 = ORIENTED_EDGE ( 'NONE', *, *, #1412, .T. ) ;
#2326 = CARTESIAN_POINT ( 'NONE',  ( 3.127902626259507102, 1.624180413938989487, -2.391392081605989706 ) ) ;
#2327 = SURFACE_STYLE_FILL_AREA ( #1116 ) ;
#2328 = DIRECTION ( 'NONE',  ( -1.000000000000000000, 0.000000000000000000, -0.000000000000000000 ) ) ;
#2329 = ORIENTED_EDGE ( 'NONE', *, *, #1975, .F. ) ;
#2330 = CARTESIAN_POINT ( 'NONE',  ( 0.000000000000000000, 0.5300000000000001377, -2.295485129375112177 ) ) ;
#2331 = LINE ( 'NONE', #2645, #2854 ) ;
#2332 = FILL_AREA_STYLE ('',( #908 ) ) ;
#2333 = SURFACE_SIDE_STYLE ('',( #3221 ) ) ;
#2334 = CLOSED_SHELL ( 'NONE', ( #1144, #1623, #2400, #399, #2794, #1832, #1979, #1670, #203, #3706, #3540, #1265, #2022, #1281 ) ) ;
#2335 = DIRECTION ( 'NONE',  ( -1.000000000000000000, 0.000000000000000000, -0.000000000000000000 ) ) ;
#2336 = ADVANCED_FACE ( 'NONE', ( #1732 ), #892, .F. ) ;
#2337 = ADVANCED_FACE ( 'NONE', ( #320, #567 ), #1516, .T. ) ;
#2338 = FACE_OUTER_BOUND ( 'NONE', #3191, .T. ) ;
#2339 = ORIENTED_EDGE ( 'NONE', *, *, #3672, .F. ) ;
#2340 = CARTESIAN_POINT ( 'NONE',  ( -2.602499999999999591, 0.5299999999999999156, -3.001131008331264560 ) ) ;
#2341 = CARTESIAN_POINT ( 'NONE',  ( 2.670999999999999819, 0.3049999999999999933, 5.603868991668734090 ) ) ;
#2342 =( NAMED_UNIT ( * ) SI_UNIT ( $, .STERADIAN. ) SOLID_ANGLE_UNIT ( ) );
#2343 = ORIENTED_EDGE ( 'NONE', *, *, #3381, .F. ) ;
#2344 =( LENGTH_UNIT ( ) NAMED_UNIT ( * ) SI_UNIT ( .MILLI., .METRE. ) );
#2345 = ORIENTED_EDGE ( 'NONE', *, *, #2663, .F. ) ;
#2346 = LINE ( 'NONE', #654, #1355 ) ;
#2347 =( NAMED_UNIT ( * ) PLANE_ANGLE_UNIT ( ) SI_UNIT ( $, .RADIAN. ) );
#2348 = LINE ( 'NONE', #1395, #3576 ) ;
#2349 = LINE ( 'NONE', #3759, #785 ) ;
#2350 = VECTOR ( 'NONE', #1624, 1000.000000000000000 ) ;
#2351 = CARTESIAN_POINT ( 'NONE',  ( 2.735999999999999766, 1.099999999999999201, 3.047499999999999432 ) ) ;
#2352 =( GEOMETRIC_REPRESENTATION_CONTEXT ( 3 ) GLOBAL_UNCERTAINTY_ASSIGNED_CONTEXT ( ( #2778 ) ) GLOBAL_UNIT_ASSIGNED_CONTEXT ( ( #1238, #640, #3033 ) ) REPRESENTATION_CONTEXT ( 'NONE', 'WORKASPACE' ) );
#2353 = CARTESIAN_POINT ( 'NONE',  ( 2.455000000000000959, 0.5300000000000001377, 1.003868991668733557 ) ) ;
#2354 = LINE ( 'NONE', #2629, #2783 ) ;
#2355 = AXIS2_PLACEMENT_3D ( 'NONE', #595, #18, #3534 ) ;
#2356 = EDGE_CURVE ( 'NONE', #618, #3330, #979, .T. ) ;
#2357 = SURFACE_STYLE_FILL_AREA ( #1167 ) ;
#2358 = AXIS2_PLACEMENT_3D ( 'NONE', #2449, #1347, #519 ) ;
#2359 = ORIENTED_EDGE ( 'NONE', *, *, #2448, .T. ) ;
#2360 = ORIENTED_EDGE ( 'NONE', *, *, #297, .T. ) ;
#2361 = DIRECTION ( 'NONE',  ( 0.000000000000000000, 0.9848077530122075762, -0.1736481776669323573 ) ) ;
#2362 = EDGE_CURVE ( 'NONE', #3073, #1461, #1589, .T. ) ;
#2363 = AXIS2_PLACEMENT_3D ( 'NONE', #417, #731, #711 ) ;
#2364 = SURFACE_STYLE_USAGE ( .BOTH. , #1801 ) ;
#2365 = CARTESIAN_POINT ( 'NONE',  ( -2.670999999999999819, 1.099999999999999201, 3.047499999999999432 ) ) ;
#2366 = EDGE_LOOP ( 'NONE', ( #2405, #36, #2115, #776, #411, #2989, #3736, #3737, #3000, #1343, #3679, #3374 ) ) ;
#2367 = ORIENTED_EDGE ( 'NONE', *, *, #783, .T. ) ;
#2368 = VECTOR ( 'NONE', #2830, 1000.000000000000000 ) ;
#2369 =( GEOMETRIC_REPRESENTATION_CONTEXT ( 3 ) GLOBAL_UNCERTAINTY_ASSIGNED_CONTEXT ( ( #1993 ) ) GLOBAL_UNIT_ASSIGNED_CONTEXT ( ( #2823, #1338, #2519 ) ) REPRESENTATION_CONTEXT ( 'NONE', 'WORKASPACE' ) );
#2370 = DIRECTION ( 'NONE',  ( 1.000000000000000000, -0.000000000000000000, 0.000000000000000000 ) ) ;
#2371 = DIRECTION ( 'NONE',  ( 1.000000000000000000, 0.000000000000000000, 0.000000000000000000 ) ) ;
#2372 = LINE ( 'NONE', #2113, #3698 ) ;
#2373 = CARTESIAN_POINT ( 'NONE',  ( 2.670999999999999819, 0.9999999999999988898, 5.603868991668733202 ) ) ;
#2374 = PRESENTATION_LAYER_ASSIGNMENT (  '', '', ( #326 ) ) ;
#2375 = ORIENTED_EDGE ( 'NONE', *, *, #2638, .F. ) ;
#2376 = AXIS2_PLACEMENT_3D ( 'NONE', #491, #2526, #3140 ) ;
#2377 = DIRECTION ( 'NONE',  ( 0.000000000000000000, 1.000000000000000000, 0.000000000000000000 ) ) ;
#2378 = LINE ( 'NONE', #2042, #1123 ) ;
#2379 = PRESENTATION_STYLE_ASSIGNMENT (( #1776 ) ) ;
#2380 = DIRECTION ( 'NONE',  ( -0.000000000000000000, 4.392704819632302452E-16, 1.000000000000000000 ) ) ;
#2381 = CARTESIAN_POINT ( 'NONE',  ( 2.670999999999999819, -0.2299999999999999545, 5.603868991668734090 ) ) ;
#2382 = CARTESIAN_POINT ( 'NONE',  ( -1.802499999999999769, 0.5300000000000013589, -4.271131008331266798 ) ) ;
#2383 = ORIENTED_EDGE ( 'NONE', *, *, #3599, .F. ) ;
#2384 = EDGE_CURVE ( 'NONE', #479, #3703, #416, .T. ) ;
#2385 = LINE ( 'NONE', #1199, #782 ) ;
#2386 = CARTESIAN_POINT ( 'NONE',  ( -1.900999999999999801, 0.9999999999999988898, 3.987968801573925859 ) ) ;
#2387 = LINE ( 'NONE', #2146, #189 ) ;
#2388 = EDGE_LOOP ( 'NONE', ( #2255, #1655, #2024, #2592 ) ) ;
#2389 = CARTESIAN_POINT ( 'NONE',  ( 2.670999999999999819, 1.099999999999999201, 3.152686667747479632 ) ) ;
#2390 = ORIENTED_EDGE ( 'NONE', *, *, #280, .T. ) ;
#2391 = PLANE ( 'NONE',  #803 ) ;
#2392 = PLANE ( 'NONE',  #909 ) ;
#2393 =( NAMED_UNIT ( * ) PLANE_ANGLE_UNIT ( ) SI_UNIT ( $, .RADIAN. ) );
#2394 = EDGE_CURVE ( 'NONE', #1406, #2470, #3228, .T. ) ;
#2395 = SURFACE_STYLE_USAGE ( .BOTH. , #578 ) ;
#2396 = CARTESIAN_POINT ( 'NONE',  ( -2.454999999999999183, -7.410644371443013689, 1.003868991668733779 ) ) ;
#2397 = EDGE_LOOP ( 'NONE', ( #1552, #3489, #289, #1566 ) ) ;
#2398 = DIRECTION ( 'NONE',  ( -0.000000000000000000, 0.1736481776669301647, 0.9848077530122081313 ) ) ;
#2399 = DIRECTION ( 'NONE',  ( -0.000000000000000000, -1.000000000000000000, -0.000000000000000000 ) ) ;
#2400 = ADVANCED_FACE ( 'NONE', ( #1920 ), #1060, .F. ) ;
#2401 = DIRECTION ( 'NONE',  ( 1.000000000000000000, -0.000000000000000000, 0.000000000000000000 ) ) ;
#2402 = DIRECTION ( 'NONE',  ( -1.000000000000000000, 0.000000000000000000, -0.000000000000000000 ) ) ;
#2403 = EDGE_LOOP ( 'NONE', ( #1508, #2705, #3361, #1086 ) ) ;
#2404 =( LENGTH_UNIT ( ) NAMED_UNIT ( * ) SI_UNIT ( .MILLI., .METRE. ) );
#2405 = ORIENTED_EDGE ( 'NONE', *, *, #157, .T. ) ;
#2406 = AXIS2_PLACEMENT_3D ( 'NONE', #678, #174, #1831 ) ;
#2407 = DIRECTION ( 'NONE',  ( 0.000000000000000000, 1.000000000000000000, 0.000000000000000000 ) ) ;
#2408 = VECTOR ( 'NONE', #2700, 1000.000000000000000 ) ;
#2409 = EDGE_CURVE ( 'NONE', #1874, #3341, #1151, .T. ) ;
#2410 = EDGE_CURVE ( 'NONE', #1328, #3792, #3283, .T. ) ;
#2411 = PRESENTATION_LAYER_ASSIGNMENT (  '', '', ( #241 ) ) ;
#2412 = SURFACE_STYLE_FILL_AREA ( #1224 ) ;
#2413 = DIRECTION ( 'NONE',  ( 0.000000000000000000, -0.000000000000000000, 1.000000000000000000 ) ) ;
#2414 = VERTEX_POINT ( 'NONE', #2341 ) ;
#2415 = VECTOR ( 'NONE', #3395, 1000.000000000000000 ) ;
#2416 = DIRECTION ( 'NONE',  ( 0.000000000000000000, -2.305663240866751243E-16, 1.000000000000000000 ) ) ;
#2417 = EDGE_LOOP ( 'NONE', ( #743, #3468, #420, #237 ) ) ;
#2418 = CARTESIAN_POINT ( 'NONE',  ( 2.602500000000000480, 0.5300000000000001377, -3.809250792979566036 ) ) ;
#2419 = CARTESIAN_POINT ( 'NONE',  ( -0.9999999999999997780, 0.5300000000000001377, -4.071131008331267509 ) ) ;
#2420 = DIRECTION ( 'NONE',  ( -1.000000000000000000, -0.000000000000000000, -0.000000000000000000 ) ) ;
#2421 = CIRCLE ( 'NONE', #2678, 0.4083162060476116517 ) ;
#2422 = CARTESIAN_POINT ( 'NONE',  ( 0.3849999999999998979, 1.099999999999999201, 3.047499999999999432 ) ) ;
#2423 = CARTESIAN_POINT ( 'NONE',  ( -2.735999999999999766, 0.000000000000000000, 0.000000000000000000 ) ) ;
#2424 = VECTOR ( 'NONE', #2242, 1000.000000000000000 ) ;
#2425 = ORIENTED_EDGE ( 'NONE', *, *, #1821, .F. ) ;
#2426 = VECTOR ( 'NONE', #1748, 1000.000000000000227 ) ;
#2427 =( GEOMETRIC_REPRESENTATION_CONTEXT ( 3 ) GLOBAL_UNCERTAINTY_ASSIGNED_CONTEXT ( ( #414 ) ) GLOBAL_UNIT_ASSIGNED_CONTEXT ( ( #3136, #434, #1024 ) ) REPRESENTATION_CONTEXT ( 'NONE', 'WORKASPACE' ) );
#2428 = AXIS2_PLACEMENT_3D ( 'NONE', #3537, #296, #586 ) ;
#2429 =( LENGTH_UNIT ( ) NAMED_UNIT ( * ) SI_UNIT ( .MILLI., .METRE. ) );
#2430 = VECTOR ( 'NONE', #952, 1000.000000000000000 ) ;
#2431 = FACE_OUTER_BOUND ( 'NONE', #523, .T. ) ;
#2432 = CARTESIAN_POINT ( 'NONE',  ( 0.000000000000000000, 0.000000000000000000, 0.000000000000000000 ) ) ;
#2433 = VERTEX_POINT ( 'NONE', #454 ) ;
#2434 = FACE_OUTER_BOUND ( 'NONE', #3529, .T. ) ;
#2435 = ORIENTED_EDGE ( 'NONE', *, *, #1506, .F. ) ;
#2436 = DIRECTION ( 'NONE',  ( 0.000000000000000000, -1.000000000000000000, -0.000000000000000000 ) ) ;
#2437 = EDGE_LOOP ( 'NONE', ( #1290, #1811, #2907, #1572 ) ) ;
#2438 = DIRECTION ( 'NONE',  ( 0.000000000000000000, 0.000000000000000000, -1.000000000000000000 ) ) ;
#2439 = LINE ( 'NONE', #655, #3039 ) ;
#2440 = CARTESIAN_POINT ( 'NONE',  ( -2.454999999999999627, 0.5300000000000001377, 1.003868991668733779 ) ) ;
#2441 = DIRECTION ( 'NONE',  ( 0.000000000000000000, 1.000000000000000000, 0.000000000000000000 ) ) ;
#2442 = ORIENTED_EDGE ( 'NONE', *, *, #696, .F. ) ;
#2443 = FILL_AREA_STYLE ('',( #1018 ) ) ;
#2444 = ORIENTED_EDGE ( 'NONE', *, *, #510, .F. ) ;
#2445 = PLANE ( 'NONE',  #2406 ) ;
#2446 = LINE ( 'NONE', #2748, #1807 ) ;
#2447 = PRESENTATION_STYLE_ASSIGNMENT (( #662 ) ) ;
#2448 = EDGE_CURVE ( 'NONE', #3130, #3776, #1741, .T. ) ;
#2449 = CARTESIAN_POINT ( 'NONE',  ( 2.670999999999999819, 0.9999999999999988898, 3.987968801573925859 ) ) ;
#2450 = ADVANCED_FACE ( 'NONE', ( #3502 ), #472, .T. ) ;
#2451 = EDGE_CURVE ( 'NONE', #372, #1388, #989, .T. ) ;
#2452 = PRODUCT ( 'STD46P4LLF6', 'STD46P4LLF6', '', ( #2825 ) ) ;
#2453 = ORIENTED_EDGE ( 'NONE', *, *, #66, .T. ) ;
#2454 = DIRECTION ( 'NONE',  ( -0.000000000000000000, 2.305663240866751243E-16, -1.000000000000000000 ) ) ;
#2455 =( LENGTH_UNIT ( ) NAMED_UNIT ( * ) SI_UNIT ( .MILLI., .METRE. ) );
#2456 = DIRECTION ( 'NONE',  ( 0.000000000000000000, 0.000000000000000000, 1.000000000000000000 ) ) ;
#2457 = PLANE ( 'NONE',  #489 ) ;
#2458 = ORIENTED_EDGE ( 'NONE', *, *, #24, .F. ) ;
#2459 =( NAMED_UNIT ( * ) SI_UNIT ( $, .STERADIAN. ) SOLID_ANGLE_UNIT ( ) );
#2460 = ORIENTED_EDGE ( 'NONE', *, *, #2384, .F. ) ;
#2461 = UNCERTAINTY_MEASURE_WITH_UNIT (LENGTH_MEASURE( 1.000000000000000082E-05 ), #1083, 'distance_accuracy_value', 'NONE');
#2462 = FACE_OUTER_BOUND ( 'NONE', #2437, .T. ) ;
#2463 = DIRECTION ( 'NONE',  ( 0.000000000000000000, -0.000000000000000000, 1.000000000000000000 ) ) ;
#2464 = FILL_AREA_STYLE ('',( #3116 ) ) ;
#2465 = VECTOR ( 'NONE', #3795, 1000.000000000000000 ) ;
#2466 = ADVANCED_FACE ( 'NONE', ( #3209 ), #556, .F. ) ;
#2467 =( GEOMETRIC_REPRESENTATION_CONTEXT ( 3 ) GLOBAL_UNCERTAINTY_ASSIGNED_CONTEXT ( ( #2575 ) ) GLOBAL_UNIT_ASSIGNED_CONTEXT ( ( #3003, #2731, #2156 ) ) REPRESENTATION_CONTEXT ( 'NONE', 'WORKASPACE' ) );
#2468 = FILL_AREA_STYLE_COLOUR ( '', #3643 ) ;
#2469 = SURFACE_STYLE_FILL_AREA ( #646 ) ;
#2470 = VERTEX_POINT ( 'NONE', #3526 ) ;
#2471 = EDGE_LOOP ( 'NONE', ( #1262, #2279, #3263, #2848 ) ) ;
#2472 =( GEOMETRIC_REPRESENTATION_CONTEXT ( 3 ) GLOBAL_UNCERTAINTY_ASSIGNED_CONTEXT ( ( #173 ) ) GLOBAL_UNIT_ASSIGNED_CONTEXT ( ( #247, #2895, #2086 ) ) REPRESENTATION_CONTEXT ( 'NONE', 'WORKASPACE' ) );
#2473 = DIRECTION ( 'NONE',  ( 0.000000000000000000, 0.000000000000000000, 1.000000000000000000 ) ) ;
#2474 = CARTESIAN_POINT ( 'NONE',  ( 1.900999999999999801, 0.9999999999999988898, 3.152686667747479632 ) ) ;
#2475 = AXIS2_PLACEMENT_3D ( 'NONE', #1333, #1569, #2531 ) ;
#2476 = EDGE_CURVE ( 'NONE', #844, #3613, #3243, .T. ) ;
#2477 = CARTESIAN_POINT ( 'NONE',  ( -1.900999999999999801, 1.634999999999998899, 3.152686667747479632 ) ) ;
#2478 = EDGE_CURVE ( 'NONE', #2923, #3608, #2068, .T. ) ;
#2479 = DIRECTION ( 'NONE',  ( 0.08715574274765146290, -0.9961946980917461003, 0.000000000000000000 ) ) ;
#2480 = VECTOR ( 'NONE', #446, 1000.000000000000000 ) ;
#2481 = PLANE ( 'NONE',  #1299 ) ;
#2482 = CARTESIAN_POINT ( 'NONE',  ( 0.3306339741569082058, 0.5300000000000001377, -2.453058714026187026 ) ) ;
#2483 = ORIENTED_EDGE ( 'NONE', *, *, #1773, .F. ) ;
#2484 =( NAMED_UNIT ( * ) PLANE_ANGLE_UNIT ( ) SI_UNIT ( $, .RADIAN. ) );
#2485 = ORIENTED_EDGE ( 'NONE', *, *, #2206, .F. ) ;
#2486 = STYLED_ITEM ( 'NONE', ( #2939 ), #1753 ) ;
#2487 = EDGE_CURVE ( 'NONE', #2800, #3311, #2953, .T. ) ;
#2488 = VECTOR ( 'NONE', #1100, 1000.000000000000000 ) ;
#2489 = VECTOR ( 'NONE', #954, 1000.000000000000000 ) ;
#2490 = VECTOR ( 'NONE', #768, 1000.000000000000000 ) ;
#2491 = ORIENTED_EDGE ( 'NONE', *, *, #471, .T. ) ;
#2492 = ORIENTED_EDGE ( 'NONE', *, *, #1311, .T. ) ;
#2493 = ORIENTED_EDGE ( 'NONE', *, *, #1136, .T. ) ;
#2494 = CARTESIAN_POINT ( 'NONE',  ( 0.000000000000000000, 0.5300000000000001377, 0.000000000000000000 ) ) ;
#2495 = VECTOR ( 'NONE', #221, 1000.000000000000000 ) ;
#2496 = VERTEX_POINT ( 'NONE', #1322 ) ;
#2497 = DIRECTION ( 'NONE',  ( 0.000000000000000000, -0.9961946980917461003, 0.08715574274765182372 ) ) ;
#2498 = ORIENTED_EDGE ( 'NONE', *, *, #2170, .F. ) ;
#2499 = LINE ( 'NONE', #1292, #2894 ) ;
#2500 = DIRECTION ( 'NONE',  ( 0.000000000000000000, 1.417911877686119608E-16, -1.000000000000000000 ) ) ;
#2501 = FACE_OUTER_BOUND ( 'NONE', #57, .T. ) ;
#2502 = EDGE_LOOP ( 'NONE', ( #2202, #1650, #1510, #680 ) ) ;
#2503 = EDGE_CURVE ( 'NONE', #699, #2319, #86, .T. ) ;
#2504 = CARTESIAN_POINT ( 'NONE',  ( 1.900999999999999579, 1.110266592818500486, 4.613321724736676011 ) ) ;
#2505 = DIRECTION ( 'NONE',  ( 0.000000000000000000, 1.000000000000000000, 0.000000000000000000 ) ) ;
#2506 = EDGE_CURVE ( 'NONE', #3412, #1241, #2252, .T. ) ;
#2507 = ADVANCED_FACE ( 'NONE', ( #2462 ), #695, .F. ) ;
#2508 = PRESENTATION_STYLE_ASSIGNMENT (( #2728 ) ) ;
#2509 = FACE_BOUND ( 'NONE', #1612, .T. ) ;
#2510 = ORIENTED_EDGE ( 'NONE', *, *, #2356, .F. ) ;
#2511 = DIRECTION ( 'NONE',  ( -1.000000000000000000, 0.000000000000000000, -0.000000000000000000 ) ) ;
#2512 = FACE_OUTER_BOUND ( 'NONE', #3064, .T. ) ;
#2513 = CARTESIAN_POINT ( 'NONE',  ( 0.000000000000000000, 0.000000000000000000, 2.951262470121490900 ) ) ;
#2514 = ORIENTED_EDGE ( 'NONE', *, *, #3578, .T. ) ;
#2515 = PRESENTATION_STYLE_ASSIGNMENT (( #442 ) ) ;
#2516 = VERTEX_POINT ( 'NONE', #3509 ) ;
#2517 = VERTEX_POINT ( 'NONE', #1095 ) ;
#2518 = ADVANCED_FACE ( 'NONE', ( #3452 ), #3779, .F. ) ;
#2519 =( NAMED_UNIT ( * ) SI_UNIT ( $, .STERADIAN. ) SOLID_ANGLE_UNIT ( ) );
#2520 = EDGE_CURVE ( 'NONE', #2555, #3271, #505, .T. ) ;
#2521 = DIRECTION ( 'NONE',  ( 0.000000000000000000, -0.9961946980917461003, 0.08715574274765182372 ) ) ;
#2522 = ORIENTED_EDGE ( 'NONE', *, *, #3281, .T. ) ;
#2523 = PRESENTATION_LAYER_ASSIGNMENT (  '', '', ( #3014 ) ) ;
#2524 = STYLED_ITEM ( 'NONE', ( #1651 ), #203 ) ;
#2525 = FILL_AREA_STYLE ('',( #2004 ) ) ;
#2526 = DIRECTION ( 'NONE',  ( -0.000000000000000000, 0.08715574274765182372, 0.9961946980917461003 ) ) ;
#2527 = CARTESIAN_POINT ( 'NONE',  ( 2.670999999999999819, 1.634999999999998899, 3.000693565013633712 ) ) ;
#2528 = FACE_OUTER_BOUND ( 'NONE', #2681, .T. ) ;
#2529 = ORIENTED_EDGE ( 'NONE', *, *, #1900, .F. ) ;
#2530 = DIRECTION ( 'NONE',  ( -0.000000000000000000, -1.000000000000000000, -0.000000000000000000 ) ) ;
#2531 = DIRECTION ( 'NONE',  ( 0.000000000000000000, 0.000000000000000000, 1.000000000000000000 ) ) ;
#2532 = CARTESIAN_POINT ( 'NONE',  ( 2.602500000000000036, -7.410644371443013689, -3.809250792979566480 ) ) ;
#2533 = VERTEX_POINT ( 'NONE', #3235 ) ;
#2534 = ORIENTED_EDGE ( 'NONE', *, *, #2596, .F. ) ;
#2535 = CARTESIAN_POINT ( 'NONE',  ( 0.3306339741569082058, -7.410644371443013689, -2.295485129375112177 ) ) ;
#2536 = VECTOR ( 'NONE', #2222, 1000.000000000000000 ) ;
#2537 = ORIENTED_EDGE ( 'NONE', *, *, #3305, .T. ) ;
#2538 = VECTOR ( 'NONE', #3284, 1000.000000000000000 ) ;
#2539 = VECTOR ( 'NONE', #3785, 1000.000000000000000 ) ;
#2540 = EDGE_CURVE ( 'NONE', #1354, #1098, #1746, .T. ) ;
#2541 = FACE_OUTER_BOUND ( 'NONE', #672, .T. ) ;
#2542 = VECTOR ( 'NONE', #651, 1000.000000000000000 ) ;
#2543 = DIRECTION ( 'NONE',  ( 0.000000000000000000, 0.000000000000000000, -1.000000000000000000 ) ) ;
#2544 = DIRECTION ( 'NONE',  ( -0.000000000000000000, 1.000000000000000000, 0.000000000000000000 ) ) ;
#2545 = VECTOR ( 'NONE', #2066, 1000.000000000000000 ) ;
#2546 = CARTESIAN_POINT ( 'NONE',  ( 2.670999999999999819, 0.3050000000000000488, 4.839221914831485449 ) ) ;
#2547 = EDGE_CURVE ( 'NONE', #862, #1013, #1451, .T. ) ;
#2548 = ADVANCED_FACE ( 'NONE', ( #826 ), #2945, .F. ) ;
#2549 = DIRECTION ( 'NONE',  ( 0.000000000000000000, 0.000000000000000000, 1.000000000000000000 ) ) ;
#2550 = ORIENTED_EDGE ( 'NONE', *, *, #1975, .T. ) ;
#2551 = COLOUR_RGB ( '',0.2509803921568627416, 0.2509803921568627416, 0.2509803921568627416 ) ;
#2552 = VERTEX_POINT ( 'NONE', #2557 ) ;
#2553 = DIRECTION ( 'NONE',  ( -0.000000000000000000, -1.000000000000000000, -0.000000000000000000 ) ) ;
#2554 = ORIENTED_EDGE ( 'NONE', *, *, #1362, .T. ) ;
#2555 = VERTEX_POINT ( 'NONE', #2578 ) ;
#2556 = CARTESIAN_POINT ( 'NONE',  ( -1.900999999999999801, -0.2300000000000000100, 5.603868991668733202 ) ) ;
#2557 = CARTESIAN_POINT ( 'NONE',  ( 2.602500000000000480, 0.000000000000000000, -3.809250792979566036 ) ) ;
#2558 = DIRECTION ( 'NONE',  ( -0.000000000000000000, 1.000000000000000000, 2.305663240866751243E-16 ) ) ;
#2559 = DIRECTION ( 'NONE',  ( -0.000000000000000000, 0.000000000000000000, 1.000000000000000000 ) ) ;
#2560 = VERTEX_POINT ( 'NONE', #1378 ) ;
#2561 = PLANE ( 'NONE',  #89 ) ;
#2562 = CARTESIAN_POINT ( 'NONE',  ( 0.4499999999999999556, 1.634999999999998899, 3.774755297230884654 ) ) ;
#2563 = FACE_OUTER_BOUND ( 'NONE', #2937, .T. ) ;
#2564 = DIRECTION ( 'NONE',  ( 1.000000000000000000, 0.000000000000000000, -0.000000000000000000 ) ) ;
#2565 = LINE ( 'NONE', #223, #2733 ) ;
#2566 = EDGE_LOOP ( 'NONE', ( #3397, #714, #613, #1107 ) ) ;
#2567 = ORIENTED_EDGE ( 'NONE', *, *, #2476, .T. ) ;
#2568 = CARTESIAN_POINT ( 'NONE',  ( -0.3849999999999998979, 1.634999999999998899, 3.774755297230884654 ) ) ;
#2569 = EDGE_CURVE ( 'NONE', #1787, #1354, #3194, .T. ) ;
#2570 = EDGE_CURVE ( 'NONE', #1904, #3073, #2269, .T. ) ;
#2571 = APPLICATION_CONTEXT ( 'automotive_design' ) ;
#2572 = DIRECTION ( 'NONE',  ( 0.000000000000000000, 0.000000000000000000, -1.000000000000000000 ) ) ;
#2573 = EDGE_LOOP ( 'NONE', ( #2651, #172, #2941, #271 ) ) ;
#2574 = VERTEX_POINT ( 'NONE', #2885 ) ;
#2575 = UNCERTAINTY_MEASURE_WITH_UNIT (LENGTH_MEASURE( 1.000000000000000082E-05 ), #3003, 'distance_accuracy_value', 'NONE');
#2576 = ORIENTED_EDGE ( 'NONE', *, *, #459, .T. ) ;
#2577 = DIRECTION ( 'NONE',  ( 0.000000000000000000, 0.000000000000000000, 1.000000000000000000 ) ) ;
#2578 = CARTESIAN_POINT ( 'NONE',  ( 1.900999999999999801, 0.3876351822333071184, 4.740741139530263659 ) ) ;
#2579 = CARTESIAN_POINT ( 'NONE',  ( 2.670999999999999819, 1.634999999999998455, 3.987968801573925859 ) ) ;
#2580 = DIRECTION ( 'NONE',  ( 1.000000000000000000, 0.000000000000000000, -0.000000000000000000 ) ) ;
#2581 = ORIENTED_EDGE ( 'NONE', *, *, #161, .T. ) ;
#2582 = EDGE_CURVE ( 'NONE', #406, #182, #544, .T. ) ;
#2583 = CARTESIAN_POINT ( 'NONE',  ( -1.835999999999999854, 0.000000000000000000, 0.000000000000000000 ) ) ;
#2584 = CARTESIAN_POINT ( 'NONE',  ( 2.602500000000000480, 0.5300000000000001377, 0.000000000000000000 ) ) ;
#2585 = CARTESIAN_POINT ( 'NONE',  ( -3.270000000000000462, -0.2562406748766807851, 2.928844315935550835 ) ) ;
#2586 = DIRECTION ( 'NONE',  ( 0.000000000000000000, -7.089559388430598042E-17, 1.000000000000000000 ) ) ;
#2587 = CLOSED_SHELL ( 'NONE', ( #1840, #927, #3574, #2194, #3300, #34, #1115, #1823, #3651, #1074, #907, #239, #1781, #3318, #3315, #1198, #1321, #2518, #1864, #3784 ) ) ;
#2588 = DIRECTION ( 'NONE',  ( 2.623329136699006147E-15, -0.000000000000000000, 1.000000000000000000 ) ) ;
#2589 = ORIENTED_EDGE ( 'NONE', *, *, #528, .T. ) ;
#2590 = VERTEX_POINT ( 'NONE', #1432 ) ;
#2591 =( NAMED_UNIT ( * ) SI_UNIT ( $, .STERADIAN. ) SOLID_ANGLE_UNIT ( ) );
#2592 = ORIENTED_EDGE ( 'NONE', *, *, #3476, .F. ) ;
#2593 = DIRECTION ( 'NONE',  ( 1.000000000000000000, 0.000000000000000000, 0.000000000000000000 ) ) ;
#2594 = VECTOR ( 'NONE', #1434, 1000.000000000000000 ) ;
#2595 = EDGE_CURVE ( 'NONE', #659, #3703, #2623, .T. ) ;
#2596 = EDGE_CURVE ( 'NONE', #3337, #336, #2959, .T. ) ;
#2597 = CARTESIAN_POINT ( 'NONE',  ( 0.3849999999999998979, 0.9999999999999988898, 3.987968801573925859 ) ) ;
#2598 =( GEOMETRIC_REPRESENTATION_CONTEXT ( 3 ) GLOBAL_UNCERTAINTY_ASSIGNED_CONTEXT ( ( #3684 ) ) GLOBAL_UNIT_ASSIGNED_CONTEXT ( ( #3373, #2223, #3127 ) ) REPRESENTATION_CONTEXT ( 'NONE', 'WORKASPACE' ) );
#2599 = CARTESIAN_POINT ( 'NONE',  ( 0.000000000000000000, 0.5300000000000001377, -2.610632298677259211 ) ) ;
#2600 = CARTESIAN_POINT ( 'NONE',  ( -2.454999999999999183, 0.5300000000000001377, 0.000000000000000000 ) ) ;
#2601 = ORIENTED_EDGE ( 'NONE', *, *, #398, .F. ) ;
#2602 = ADVANCED_FACE ( 'NONE', ( #90 ), #3548, .F. ) ;
#2603 = VECTOR ( 'NONE', #1260, 1000.000000000000000 ) ;
#2604 = CARTESIAN_POINT ( 'NONE',  ( 0.3849999999999998979, 1.634999999999998899, 3.152686667747479632 ) ) ;
#2605 = VECTOR ( 'NONE', #2879, 1000.000000000000000 ) ;
#2606 = VECTOR ( 'NONE', #1789, 1000.000000000000227 ) ;
#2607 = CARTESIAN_POINT ( 'NONE',  ( -2.602499999999999591, 0.2645964107199655913, -3.024350813652355807 ) ) ;
#2608 =( NAMED_UNIT ( * ) SI_UNIT ( $, .STERADIAN. ) SOLID_ANGLE_UNIT ( ) );
#2609 = FACE_OUTER_BOUND ( 'NONE', #2626, .T. ) ;
#2610 = AXIS2_PLACEMENT_3D ( 'NONE', #3168, #2549, #3123 ) ;
#2611 = VECTOR ( 'NONE', #3346, 1000.000000000000000 ) ;
#2612 = LINE ( 'NONE', #284, #2545 ) ;
#2613 = VERTEX_POINT ( 'NONE', #888 ) ;
#2614 = VECTOR ( 'NONE', #3206, 1000.000000000000000 ) ;
#2615 = CARTESIAN_POINT ( 'NONE',  ( 1.900999999999999801, 0.9999999999999988898, 3.987968801573925859 ) ) ;
#2616 = CARTESIAN_POINT ( 'NONE',  ( -0.3306339741569082058, 0.000000000000000000, -2.610632298677259655 ) ) ;
#2617 = ORIENTED_EDGE ( 'NONE', *, *, #1022, .F. ) ;
#2618 = DIRECTION ( 'NONE',  ( 0.000000000000000000, -1.626303258728252509E-15, 1.000000000000000000 ) ) ;
#2619 = EDGE_LOOP ( 'NONE', ( #1376, #2722, #2866, #3789, #2782, #1644, #977, #2158, #1804, #3754, #3716, #3799 ) ) ;
#2620 = UNCERTAINTY_MEASURE_WITH_UNIT (LENGTH_MEASURE( 1.000000000000000082E-05 ), #1394, 'distance_accuracy_value', 'NONE');
#2621 = VECTOR ( 'NONE', #28, 1000.000000000000000 ) ;
#2622 = DIRECTION ( 'NONE',  ( -0.000000000000000000, -1.000000000000000000, -0.000000000000000000 ) ) ;
#2623 = LINE ( 'NONE', #1138, #324 ) ;
#2624 = VECTOR ( 'NONE', #136, 1000.000000000000000 ) ;
#2625 = EDGE_CURVE ( 'NONE', #2896, #1306, #931, .T. ) ;
#2626 = EDGE_LOOP ( 'NONE', ( #3524, #495, #468, #2190 ) ) ;
#2627 = CARTESIAN_POINT ( 'NONE',  ( 3.060027207537799221, 2.400000000000000355, -2.413885230265562676 ) ) ;
#2628 = EDGE_CURVE ( 'NONE', #1739, #1724, #2439, .T. ) ;
#2629 = CARTESIAN_POINT ( 'NONE',  ( 2.602500000000000480, 0.5300000000000001377, -2.610632298677259655 ) ) ;
#2630 = SURFACE_STYLE_USAGE ( .BOTH. , #2333 ) ;
#2631 = CARTESIAN_POINT ( 'NONE',  ( 2.670999999999999819, 0.3876351822333071184, 4.740741139530263659 ) ) ;
#2632 = PLANE ( 'NONE',  #1499 ) ;
#2633 = VERTEX_POINT ( 'NONE', #2090 ) ;
#2634 = DIRECTION ( 'NONE',  ( 0.000000000000000000, -2.305663240866751243E-16, 1.000000000000000000 ) ) ;
#2635 = ORIENTED_EDGE ( 'NONE', *, *, #832, .T. ) ;
#2636 = DIRECTION ( 'NONE',  ( -0.000000000000000000, -1.000000000000000000, -0.000000000000000000 ) ) ;
#2637 = ORIENTED_EDGE ( 'NONE', *, *, #2055, .F. ) ;
#2638 = EDGE_CURVE ( 'NONE', #125, #2943, #3610, .T. ) ;
#2639 = LINE ( 'NONE', #3193, #1097 ) ;
#2640 = CARTESIAN_POINT ( 'NONE',  ( 1.900999999999999579, 1.110266592818500042, 4.613321724736676011 ) ) ;
#2641 = LINE ( 'NONE', #2056, #2964 ) ;
#2642 = CARTESIAN_POINT ( 'NONE',  ( 1.900999999999999801, 1.634999999999999343, 3.774755297230884654 ) ) ;
#2643 =( NAMED_UNIT ( * ) SI_UNIT ( $, .STERADIAN. ) SOLID_ANGLE_UNIT ( ) );
#2644 = ADVANCED_FACE ( 'NONE', ( #919 ), #54, .F. ) ;
#2645 = CARTESIAN_POINT ( 'NONE',  ( 2.670999999999999819, 1.634999999999998233, 3.987968801573925859 ) ) ;
#2646 = ADVANCED_FACE ( 'NONE', ( #1528 ), #1491, .F. ) ;
#2647 = LINE ( 'NONE', #26, #3377 ) ;
#2648 = FILL_AREA_STYLE ('',( #3222 ) ) ;
#2649 =( NAMED_UNIT ( * ) SI_UNIT ( $, .STERADIAN. ) SOLID_ANGLE_UNIT ( ) );
#2650 = EDGE_LOOP ( 'NONE', ( #423, #2078, #1197, #2980 ) ) ;
#2651 = ORIENTED_EDGE ( 'NONE', *, *, #575, .T. ) ;
#2652 = DIRECTION ( 'NONE',  ( 1.000000000000000000, 0.000000000000000000, -0.000000000000000000 ) ) ;
#2653 = CIRCLE ( 'NONE', #1408, 0.6349999999999992317 ) ;
#2654 = DIRECTION ( 'NONE',  ( -1.000000000000000000, 0.000000000000000000, -0.000000000000000000 ) ) ;
#2655 = VERTEX_POINT ( 'NONE', #2977 ) ;
#2656 = AXIS2_PLACEMENT_3D ( 'NONE', #1805, #2370, #2714 ) ;
#2657 = CARTESIAN_POINT ( 'NONE',  ( 1.900999999999999801, 0.9999999999999988898, 3.987968801573925859 ) ) ;
#2658 = CIRCLE ( 'NONE', #1658, 0.1575735846510743499 ) ;
#2659 = CARTESIAN_POINT ( 'NONE',  ( -1.802500000000000213, -7.410644371443013689, -4.271131008331266798 ) ) ;
#2660 = PLANE ( 'NONE',  #2355 ) ;
#2661 = CARTESIAN_POINT ( 'NONE',  ( 0.3306339741569082058, 0.000000000000000000, -2.610632298677260543 ) ) ;
#2662 = AXIS2_PLACEMENT_3D ( 'NONE', #1093, #486, #1663 ) ;
#2663 = EDGE_CURVE ( 'NONE', #209, #1192, #71, .T. ) ;
#2664 = ORIENTED_EDGE ( 'NONE', *, *, #1954, .T. ) ;
#2665 = DIRECTION ( 'NONE',  ( 0.000000000000000000, 0.000000000000000000, 1.000000000000000000 ) ) ;
#2666 = ORIENTED_EDGE ( 'NONE', *, *, #1720, .F. ) ;
#2667 = AXIS2_PLACEMENT_3D ( 'NONE', #3279, #1248, #301 ) ;
#2668 = CARTESIAN_POINT ( 'NONE',  ( 2.670999999999999819, 1.634999999999998899, 3.000693565013633712 ) ) ;
#2669 = STYLED_ITEM ( 'NONE', ( #1675 ), #1265 ) ;
#2670 =( NAMED_UNIT ( * ) SI_UNIT ( $, .STERADIAN. ) SOLID_ANGLE_UNIT ( ) );
#2671 = CARTESIAN_POINT ( 'NONE',  ( 1.835999999999999854, 1.634999999999999343, 3.987968801573925859 ) ) ;
#2672 =( GEOMETRIC_REPRESENTATION_CONTEXT ( 3 ) GLOBAL_UNCERTAINTY_ASSIGNED_CONTEXT ( ( #2822 ) ) GLOBAL_UNIT_ASSIGNED_CONTEXT ( ( #246, #836, #499 ) ) REPRESENTATION_CONTEXT ( 'NONE', 'WORKASPACE' ) );
#2673 = SURFACE_SIDE_STYLE ('',( #2750 ) ) ;
#2674 = ADVANCED_FACE ( 'NONE', ( #3009 ), #3591, .T. ) ;
#2675 = PLANE ( 'NONE',  #1187 ) ;
#2676 = VECTOR ( 'NONE', #3172, 1000.000000000000000 ) ;
#2677 = ORIENTED_EDGE ( 'NONE', *, *, #2869, .F. ) ;
#2678 = AXIS2_PLACEMENT_3D ( 'NONE', #1038, #3404, #765 ) ;
#2679 = EDGE_CURVE ( 'NONE', #2496, #641, #994, .T. ) ;
#2680 = SURFACE_SIDE_STYLE ('',( #3775 ) ) ;
#2681 = EDGE_LOOP ( 'NONE', ( #868, #2956, #543, #3445 ) ) ;
#2682 = DIRECTION ( 'NONE',  ( 1.000000000000000000, 0.000000000000000000, -2.623329136699006147E-15 ) ) ;
#2683 = ORIENTED_EDGE ( 'NONE', *, *, #100, .F. ) ;
#2684 =( GEOMETRIC_REPRESENTATION_CONTEXT ( 3 ) GLOBAL_UNCERTAINTY_ASSIGNED_CONTEXT ( ( #3615 ) ) GLOBAL_UNIT_ASSIGNED_CONTEXT ( ( #1885, #2136, #3331 ) ) REPRESENTATION_CONTEXT ( 'NONE', 'WORKASPACE' ) );
#2685 = DIRECTION ( 'NONE',  ( -0.000000000000000000, 4.392704819632302452E-16, 1.000000000000000000 ) ) ;
#2686 = FACE_OUTER_BOUND ( 'NONE', #795, .T. ) ;
#2687 = DIRECTION ( 'NONE',  ( -1.000000000000000000, 0.000000000000000000, -0.000000000000000000 ) ) ;
#2688 = DIRECTION ( 'NONE',  ( -1.000000000000000000, -0.000000000000000000, 0.000000000000000000 ) ) ;
#2689 = VECTOR ( 'NONE', #3368, 1000.000000000000000 ) ;
#2690 = VERTEX_POINT ( 'NONE', #2715 ) ;
#2691 = CARTESIAN_POINT ( 'NONE',  ( -2.670999999999999819, -0.2300000000000000100, 4.839221914831485449 ) ) ;
#2692 = CIRCLE ( 'NONE', #92, 0.4083162060476116517 ) ;
#2693 = LINE ( 'NONE', #621, #3399 ) ;
#2694 = DIRECTION ( 'NONE',  ( 0.000000000000000000, -0.9961946980917461003, 0.08715574274765182372 ) ) ;
#2695 = FACE_OUTER_BOUND ( 'NONE', #761, .T. ) ;
#2696 = DIRECTION ( 'NONE',  ( -0.000000000000000000, -1.000000000000000000, -0.000000000000000000 ) ) ;
#2697 = PLANE ( 'NONE',  #2236 ) ;
#2698 = ORIENTED_EDGE ( 'NONE', *, *, #1099, .T. ) ;
#2699 = EDGE_CURVE ( 'NONE', #1350, #2118, #1178, .T. ) ;
#2700 = DIRECTION ( 'NONE',  ( 0.000000000000000000, 0.9961946980917461003, -0.08715574274765180984 ) ) ;
#2701 = EDGE_CURVE ( 'NONE', #337, #1152, #3290, .T. ) ;
#2702 = DIRECTION ( 'NONE',  ( -1.000000000000000000, -0.000000000000000000, -0.000000000000000000 ) ) ;
#2703 = CARTESIAN_POINT ( 'NONE',  ( -1.900999999999999801, -0.2299999999999999545, 4.839221914831485449 ) ) ;
#2704 = CARTESIAN_POINT ( 'NONE',  ( 1.000000000000000222, -7.410644371443013689, -4.271131008331265910 ) ) ;
#2705 = ORIENTED_EDGE ( 'NONE', *, *, #1340, .F. ) ;
#2706 =( NAMED_UNIT ( * ) PLANE_ANGLE_UNIT ( ) SI_UNIT ( $, .RADIAN. ) );
#2707 = ORIENTED_EDGE ( 'NONE', *, *, #2384, .T. ) ;
#2708 = CARTESIAN_POINT ( 'NONE',  ( -2.671000000000000263, 1.110266592818500042, 4.613321724736676011 ) ) ;
#2709 = DIRECTION ( 'NONE',  ( 0.000000000000000000, -0.000000000000000000, 1.000000000000000000 ) ) ;
#2710 = DIRECTION ( 'NONE',  ( -1.000000000000000000, 0.000000000000000000, 1.324890638475158102E-16 ) ) ;
#2711 = SURFACE_STYLE_FILL_AREA ( #3558 ) ;
#2712 = VERTEX_POINT ( 'NONE', #1548 ) ;
#2713 = DIRECTION ( 'NONE',  ( 0.000000000000000000, -4.392704819632302452E-16, -1.000000000000000000 ) ) ;
#2714 = DIRECTION ( 'NONE',  ( 0.000000000000000000, 0.000000000000000000, -1.000000000000000000 ) ) ;
#2715 = CARTESIAN_POINT ( 'NONE',  ( 0.3306339741569084278, 0.000000000000000000, -2.295485129375112177 ) ) ;
#2716 = CARTESIAN_POINT ( 'NONE',  ( -0.9999999999999997780, 0.000000000000000000, -4.271131008331265910 ) ) ;
#2717 = FILL_AREA_STYLE_COLOUR ( '', #1477 ) ;
#2718 = EDGE_LOOP ( 'NONE', ( #194, #1448, #1239, #2184 ) ) ;
#2719 = ADVANCED_FACE ( 'NONE', ( #3247 ), #616, .F. ) ;
#2720 = ADVANCED_FACE ( 'NONE', ( #2686 ), #943, .F. ) ;
#2721 = CARTESIAN_POINT ( 'NONE',  ( 0.4499999999999999556, 0.000000000000000000, 3.152686667747479632 ) ) ;
#2722 = ORIENTED_EDGE ( 'NONE', *, *, #2451, .T. ) ;
#2723 = VECTOR ( 'NONE', #3351, 1000.000000000000000 ) ;
#2724 = EDGE_CURVE ( 'NONE', #1241, #2761, #349, .T. ) ;
#2725 = EDGE_CURVE ( 'NONE', #502, #2414, #704, .T. ) ;
#2726 = AXIS2_PLACEMENT_3D ( 'NONE', #626, #3316, #933 ) ;
#2727 = DIRECTION ( 'NONE',  ( -0.000000000000000000, -1.000000000000000000, -0.000000000000000000 ) ) ;
#2728 = SURFACE_STYLE_USAGE ( .BOTH. , #3333 ) ;
#2729 = VECTOR ( 'NONE', #3245, 1000.000000000000000 ) ;
#2730 =( NAMED_UNIT ( * ) SI_UNIT ( $, .STERADIAN. ) SOLID_ANGLE_UNIT ( ) );
#2731 =( NAMED_UNIT ( * ) PLANE_ANGLE_UNIT ( ) SI_UNIT ( $, .RADIAN. ) );
#2732 = MECHANICAL_DESIGN_GEOMETRIC_PRESENTATION_REPRESENTATION (  '', ( #558 ), #1422 ) ;
#2733 = VECTOR ( 'NONE', #2586, 1000.000000000000000 ) ;
#2734 = EDGE_LOOP ( 'NONE', ( #3772, #3443, #1277, #2844 ) ) ;
#2735 = LINE ( 'NONE', #2790, #3036 ) ;
#2736 = ORIENTED_EDGE ( 'NONE', *, *, #2582, .F. ) ;
#2737 = PLANE ( 'NONE',  #3565 ) ;
#2738 = DIRECTION ( 'NONE',  ( 0.000000000000000000, 0.000000000000000000, -1.000000000000000000 ) ) ;
#2739 = DIRECTION ( 'NONE',  ( -0.8660254037844383745, 0.000000000000000000, -0.5000000000000003331 ) ) ;
#2740 = SURFACE_SIDE_STYLE ('',( #1828 ) ) ;
#2741 = ORIENTED_EDGE ( 'NONE', *, *, #471, .F. ) ;
#2742 = FACE_OUTER_BOUND ( 'NONE', #2791, .T. ) ;
#2743 = VECTOR ( 'NONE', #635, 1000.000000000000000 ) ;
#2744 = VERTEX_POINT ( 'NONE', #140 ) ;
#2745 = AXIS2_PLACEMENT_3D ( 'NONE', #431, #3629, #3059 ) ;
#2746 =( GEOMETRIC_REPRESENTATION_CONTEXT ( 3 ) GLOBAL_UNCERTAINTY_ASSIGNED_CONTEXT ( ( #1573 ) ) GLOBAL_UNIT_ASSIGNED_CONTEXT ( ( #707, #2484, #2459 ) ) REPRESENTATION_CONTEXT ( 'NONE', 'WORKASPACE' ) );
#2747 = ADVANCED_FACE ( 'NONE', ( #3070 ), #972, .F. ) ;
#2748 = CARTESIAN_POINT ( 'NONE',  ( -1.900999999999999801, 0.2947334071814995959, 4.213868991668733521 ) ) ;
#2749 = VECTOR ( 'NONE', #1348, 1000.000000000000000 ) ;
#2750 = SURFACE_STYLE_FILL_AREA ( #1796 ) ;
#2751 = CARTESIAN_POINT ( 'NONE',  ( -2.670999999999999819, 1.017364817766692076, 4.086449576875148537 ) ) ;
#2752 = DIRECTION ( 'NONE',  ( 1.000000000000000000, 0.000000000000000000, -0.000000000000000000 ) ) ;
#2753 = PLANE ( 'NONE',  #498 ) ;
#2754 = ORIENTED_EDGE ( 'NONE', *, *, #2122, .F. ) ;
#2755 = PLANE ( 'NONE',  #576 ) ;
#2756 = EDGE_LOOP ( 'NONE', ( #2148, #1544, #2567, #719 ) ) ;
#2757 = CARTESIAN_POINT ( 'NONE',  ( 2.636385230265561486, 2.400000000000000355, -2.837527207537798635 ) ) ;
#2758 = DIRECTION ( 'NONE',  ( 0.000000000000000000, 0.000000000000000000, -1.000000000000000000 ) ) ;
#2759 = ORIENTED_EDGE ( 'NONE', *, *, #1015, .F. ) ;
#2760 = PRESENTATION_STYLE_ASSIGNMENT (( #371 ) ) ;
#2761 = VERTEX_POINT ( 'NONE', #104 ) ;
#2762 = EDGE_CURVE ( 'NONE', #132, #3027, #570, .T. ) ;
#2763 = FILL_AREA_STYLE_COLOUR ( '', #2032 ) ;
#2764 =( NAMED_UNIT ( * ) SI_UNIT ( $, .STERADIAN. ) SOLID_ANGLE_UNIT ( ) );
#2765 = CARTESIAN_POINT ( 'NONE',  ( -2.670999999999999819, 0.3050000000000000488, 4.839221914831485449 ) ) ;
#2766 = EDGE_CURVE ( 'NONE', #162, #3179, #759, .T. ) ;
#2767 = ADVANCED_FACE ( 'NONE', ( #995 ), #2185, .F. ) ;
#2768 = LINE ( 'NONE', #1576, #3161 ) ;
#2769 = EDGE_LOOP ( 'NONE', ( #106, #856, #2855, #1211 ) ) ;
#2770 = EDGE_LOOP ( 'NONE', ( #1113, #1128, #3588, #208 ) ) ;
#2771 = DIRECTION ( 'NONE',  ( 1.000000000000000000, 0.000000000000000000, 0.000000000000000000 ) ) ;
#2772 = ORIENTED_EDGE ( 'NONE', *, *, #3132, .F. ) ;
#2773 =( NAMED_UNIT ( * ) PLANE_ANGLE_UNIT ( ) SI_UNIT ( $, .RADIAN. ) );
#2774 = CARTESIAN_POINT ( 'NONE',  ( 2.670999999999999819, 0.3049999999999999378, 5.603868991668733202 ) ) ;
#2775 = FILL_AREA_STYLE_COLOUR ( '', #3391 ) ;
#2776 = VERTEX_POINT ( 'NONE', #721 ) ;
#2777 = ORIENTED_EDGE ( 'NONE', *, *, #2892, .T. ) ;
#2778 = UNCERTAINTY_MEASURE_WITH_UNIT (LENGTH_MEASURE( 1.000000000000000082E-05 ), #1238, 'distance_accuracy_value', 'NONE');
#2779 = APPLICATION_CONTEXT ( 'automotive_design' ) ;
#2780 = CARTESIAN_POINT ( 'NONE',  ( -2.454999999999999183, 0.000000000000000000, 0.000000000000000000 ) ) ;
#2781 = STYLED_ITEM ( 'NONE', ( #2099 ), #253 ) ;
#2782 = ORIENTED_EDGE ( 'NONE', *, *, #1934, .T. ) ;
#2783 = VECTOR ( 'NONE', #850, 1000.000000000000000 ) ;
#2784 = AXIS2_PLACEMENT_3D ( 'NONE', #2597, #1956, #216 ) ;
#2785 = CARTESIAN_POINT ( 'NONE',  ( 2.455000000000000515, 0.000000000000000000, -2.610632298677259655 ) ) ;
#2786 = STYLED_ITEM ( 'NONE', ( #3056 ), #951 ) ;
#2787 = EDGE_LOOP ( 'NONE', ( #3198, #1007, #739, #3469 ) ) ;
#2788 = DIRECTION ( 'NONE',  ( -1.199835977794569805E-16, 0.000000000000000000, -1.000000000000000000 ) ) ;
#2789 = VECTOR ( 'NONE', #3416, 1000.000000000000000 ) ;
#2790 = CARTESIAN_POINT ( 'NONE',  ( -0.3306339741569082058, 0.5300000000000001377, -2.610632298677259211 ) ) ;
#2791 = EDGE_LOOP ( 'NONE', ( #3499, #915, #2677, #2522 ) ) ;
#2792 = VECTOR ( 'NONE', #1413, 1000.000000000000000 ) ;
#2793 = PRESENTATION_STYLE_ASSIGNMENT (( #2143 ) ) ;
#2794 = ADVANCED_FACE ( 'NONE', ( #1568 ), #154, .F. ) ;
#2795 = VECTOR ( 'NONE', #404, 1000.000000000000000 ) ;
#2796 = FILL_AREA_STYLE ('',( #2817 ) ) ;
#2797 = LINE ( 'NONE', #2247, #614 ) ;
#2798 = VERTEX_POINT ( 'NONE', #3485 ) ;
#2799 = SURFACE_SIDE_STYLE ('',( #1240 ) ) ;
#2800 = VERTEX_POINT ( 'NONE', #796 ) ;
#2801 =( GEOMETRIC_REPRESENTATION_CONTEXT ( 3 ) GLOBAL_UNCERTAINTY_ASSIGNED_CONTEXT ( ( #1264 ) ) GLOBAL_UNIT_ASSIGNED_CONTEXT ( ( #1023, #947, #2764 ) ) REPRESENTATION_CONTEXT ( 'NONE', 'WORKASPACE' ) );
#2802 = MECHANICAL_DESIGN_GEOMETRIC_PRESENTATION_REPRESENTATION (  '', ( #1367 ), #2684 ) ;
#2803 = VECTOR ( 'NONE', #1106, 1000.000000000000000 ) ;
#2804 = VECTOR ( 'NONE', #517, 1000.000000000000000 ) ;
#2805 = DIRECTION ( 'NONE',  ( 1.000000000000000000, 0.000000000000000000, -0.000000000000000000 ) ) ;
#2806 = DIRECTION ( 'NONE',  ( -0.000000000000000000, -1.000000000000000000, -0.000000000000000000 ) ) ;
#2807 = PRODUCT_DEFINITION_FORMATION_WITH_SPECIFIED_SOURCE ( 'ANY', '', #2452, .NOT_KNOWN. ) ;
#2808 = ORIENTED_EDGE ( 'NONE', *, *, #1556, .F. ) ;
#2809 = DIRECTION ( 'NONE',  ( -0.000000000000000000, 1.000000000000000000, -0.000000000000000000 ) ) ;
#2810 = CARTESIAN_POINT ( 'NONE',  ( -2.602499999999999591, 0.000000000000000000, -2.610632298677259211 ) ) ;
#2811 = STYLED_ITEM ( 'NONE', ( #2760 ), #3187 ) ;
#2812 = LINE ( 'NONE', #152, #2231 ) ;
#2813 = VERTEX_POINT ( 'NONE', #1073 ) ;
#2814 = ORIENTED_EDGE ( 'NONE', *, *, #2679, .F. ) ;
#2815 = ADVANCED_FACE ( 'NONE', ( #2320 ), #1443, .F. ) ;
#2816 = CARTESIAN_POINT ( 'NONE',  ( 2.670999999999999819, 1.099999999999998979, 3.987968801573925859 ) ) ;
#2817 = FILL_AREA_STYLE_COLOUR ( '', #3023 ) ;
#2818 = CARTESIAN_POINT ( 'NONE',  ( 3.173762470121491486, 1.099999999999998979, 3.047500000000002984 ) ) ;
#2819 = ORIENTED_EDGE ( 'NONE', *, *, #1694, .T. ) ;
#2820 = CARTESIAN_POINT ( 'NONE',  ( -1.900999999999999801, 1.634999999999998899, 3.152686667747479632 ) ) ;
#2821 = ORIENTED_EDGE ( 'NONE', *, *, #2260, .T. ) ;
#2822 = UNCERTAINTY_MEASURE_WITH_UNIT (LENGTH_MEASURE( 1.000000000000000082E-05 ), #246, 'distance_accuracy_value', 'NONE');
#2823 =( LENGTH_UNIT ( ) NAMED_UNIT ( * ) SI_UNIT ( .MILLI., .METRE. ) );
#2824 = ORIENTED_EDGE ( 'NONE', *, *, #2503, .T. ) ;
#2825 = PRODUCT_CONTEXT ( 'NONE', #2571, 'mechanical' ) ;
#2826 = ORIENTED_EDGE ( 'NONE', *, *, #917, .T. ) ;
#2827 = DIRECTION ( 'NONE',  ( 0.000000000000000000, 1.000000000000000000, 0.000000000000000000 ) ) ;
#2828 = LINE ( 'NONE', #2810, #2059 ) ;
#2829 = DIRECTION ( 'NONE',  ( 1.080824595624178539E-15, -0.000000000000000000, 1.000000000000000000 ) ) ;
#2830 = DIRECTION ( 'NONE',  ( 0.000000000000000000, 1.000000000000000000, 0.000000000000000000 ) ) ;
#2831 = ORIENTED_EDGE ( 'NONE', *, *, #3623, .F. ) ;
#2832 = ORIENTED_EDGE ( 'NONE', *, *, #1339, .F. ) ;
#2833 = DIRECTION ( 'NONE',  ( -0.8660254037844387076, 0.000000000000000000, 0.4999999999999997780 ) ) ;
#2834 = FACE_OUTER_BOUND ( 'NONE', #1168, .T. ) ;
#2835 = VERTEX_POINT ( 'NONE', #2568 ) ;
#2836 = EDGE_LOOP ( 'NONE', ( #2012, #3752, #1717, #827, #1449 ) ) ;
#2837 = SURFACE_STYLE_FILL_AREA ( #2464 ) ;
#2838 =( GEOMETRIC_REPRESENTATION_CONTEXT ( 3 ) GLOBAL_UNCERTAINTY_ASSIGNED_CONTEXT ( ( #2883 ) ) GLOBAL_UNIT_ASSIGNED_CONTEXT ( ( #2840, #2859, #3496 ) ) REPRESENTATION_CONTEXT ( 'NONE', 'WORKASPACE' ) );
#2839 = CARTESIAN_POINT ( 'NONE',  ( 0.000000000000000000, 0.5300000000000001377, -2.610632298677259655 ) ) ;
#2840 =( LENGTH_UNIT ( ) NAMED_UNIT ( * ) SI_UNIT ( .MILLI., .METRE. ) );
#2841 = VECTOR ( 'NONE', #1030, 1000.000000000000000 ) ;
#2842 = CARTESIAN_POINT ( 'NONE',  ( -0.3306339741569082058, -7.410644371443013689, -2.295485129375110400 ) ) ;
#2843 = VERTEX_POINT ( 'NONE', #2297 ) ;
#2844 = ORIENTED_EDGE ( 'NONE', *, *, #3599, .T. ) ;
#2845 = CARTESIAN_POINT ( 'NONE',  ( -2.454999999999999627, 0.5300000000000001377, -2.610632298677259211 ) ) ;
#2846 = DIRECTION ( 'NONE',  ( -1.000000000000000000, 0.000000000000000000, 3.618172680095672944E-16 ) ) ;
#2847 = MECHANICAL_DESIGN_GEOMETRIC_PRESENTATION_REPRESENTATION (  '', ( #1482 ), #916 ) ;
#2848 = ORIENTED_EDGE ( 'NONE', *, *, #3077, .T. ) ;
#2849 = VERTEX_POINT ( 'NONE', #2340 ) ;
#2850 = LINE ( 'NONE', #804, #606 ) ;
#2851 = VECTOR ( 'NONE', #3611, 1000.000000000000000 ) ;
#2852 = LINE ( 'NONE', #2599, #1799 ) ;
#2853 = VECTOR ( 'NONE', #755, 1000.000000000000000 ) ;
#2854 = VECTOR ( 'NONE', #3252, 1000.000000000000000 ) ;
#2855 = ORIENTED_EDGE ( 'NONE', *, *, #487, .T. ) ;
#2856 = VECTOR ( 'NONE', #2030, 1000.000000000000000 ) ;
#2857 = VECTOR ( 'NONE', #1957, 1000.000000000000000 ) ;
#2858 = EDGE_CURVE ( 'NONE', #2813, #2690, #540, .T. ) ;
#2859 =( NAMED_UNIT ( * ) PLANE_ANGLE_UNIT ( ) SI_UNIT ( $, .RADIAN. ) );
#2860 = FILL_AREA_STYLE ('',( #243 ) ) ;
#2861 = DIRECTION ( 'NONE',  ( 0.000000000000000000, 0.000000000000000000, -1.000000000000000000 ) ) ;
#2862 = EDGE_LOOP ( 'NONE', ( #2276, #3720 ) ) ;
#2863 = VECTOR ( 'NONE', #3241, 1000.000000000000000 ) ;
#2864 = ORIENTED_EDGE ( 'NONE', *, *, #2892, .F. ) ;
#2865 = PLANE ( 'NONE',  #3444 ) ;
#2866 = ORIENTED_EDGE ( 'NONE', *, *, #541, .T. ) ;
#2867 = PRESENTATION_STYLE_ASSIGNMENT (( #1155 ) ) ;
#2868 = DIRECTION ( 'NONE',  ( 0.000000000000000000, 0.000000000000000000, -1.000000000000000000 ) ) ;
#2869 = EDGE_CURVE ( 'NONE', #310, #1297, #3500, .T. ) ;
#2870 = VERTEX_POINT ( 'NONE', #2845 ) ;
#2871 = DIRECTION ( 'NONE',  ( -1.000000000000000000, -0.000000000000000000, -0.000000000000000000 ) ) ;
#2872 = LINE ( 'NONE', #2238, #3138 ) ;
#2873 = CARTESIAN_POINT ( 'NONE',  ( 2.735999999999999766, 1.099999999999999201, 3.152686667747479632 ) ) ;
#2874 = SURFACE_STYLE_FILL_AREA ( #2648 ) ;
#2875 = ADVANCED_FACE ( 'NONE', ( #191, #1370 ), #773, .T. ) ;
#2876 = EDGE_CURVE ( 'NONE', #733, #1495, #1009, .T. ) ;
#2877 = CARTESIAN_POINT ( 'NONE',  ( 0.3849999999999998979, 1.099999999999998979, 3.857499999999999929 ) ) ;
#2878 = ORIENTED_EDGE ( 'NONE', *, *, #3672, .T. ) ;
#2879 = DIRECTION ( 'NONE',  ( 1.000000000000000000, 0.000000000000000000, 0.000000000000000000 ) ) ;
#2880 = SURFACE_STYLE_USAGE ( .BOTH. , #1132 ) ;
#2881 = VERTEX_POINT ( 'NONE', #1905 ) ;
#2882 = ORIENTED_EDGE ( 'NONE', *, *, #33, .F. ) ;
#2883 = UNCERTAINTY_MEASURE_WITH_UNIT (LENGTH_MEASURE( 1.000000000000000082E-05 ), #2840, 'distance_accuracy_value', 'NONE');
#2884 = CARTESIAN_POINT ( 'NONE',  ( -2.670999999999999819, 1.634999999999999343, 3.987968801573925859 ) ) ;
#2885 = CARTESIAN_POINT ( 'NONE',  ( -1.900999999999999801, -0.2299999999999999545, 5.603868991668734090 ) ) ;
#2886 = DIRECTION ( 'NONE',  ( 0.8660254037844384856, 0.000000000000000000, -0.5000000000000003331 ) ) ;
#2887 = EDGE_LOOP ( 'NONE', ( #435, #1891, #2375, #1778 ) ) ;
#2888 = CYLINDRICAL_SURFACE ( 'NONE', #1110, 0.1575735846510743499 ) ;
#2889 = VERTEX_POINT ( 'NONE', #437 ) ;
#2890 = CARTESIAN_POINT ( 'NONE',  ( -1.900999999999999801, 1.099999999999999201, 3.047499999999999432 ) ) ;
#2891 = CARTESIAN_POINT ( 'NONE',  ( 1.900999999999999801, 1.634999999999999343, 3.987968801573925859 ) ) ;
#2892 = EDGE_CURVE ( 'NONE', #2300, #1036, #2828, .T. ) ;
#2893 = ORIENTED_EDGE ( 'NONE', *, *, #2724, .F. ) ;
#2894 = VECTOR ( 'NONE', #3392, 1000.000000000000000 ) ;
#2895 =( NAMED_UNIT ( * ) PLANE_ANGLE_UNIT ( ) SI_UNIT ( $, .RADIAN. ) );
#2896 = VERTEX_POINT ( 'NONE', #3676 ) ;
#2897 = CARTESIAN_POINT ( 'NONE',  ( -0.3306339741569082058, 0.000000000000000000, -2.295485129375110400 ) ) ;
#2898 = ORIENTED_EDGE ( 'NONE', *, *, #697, .F. ) ;
#2899 = VECTOR ( 'NONE', #258, 1000.000000000000000 ) ;
#2900 = ADVANCED_FACE ( 'NONE', ( #1026 ), #2215, .T. ) ;
#2901 = DIRECTION ( 'NONE',  ( 0.000000000000000000, 0.000000000000000000, 1.000000000000000000 ) ) ;
#2902 = EDGE_CURVE ( 'NONE', #2923, #1053, #1674, .T. ) ;
#2903 = DIRECTION ( 'NONE',  ( -1.000000000000000000, 0.000000000000000000, 1.324890638475158348E-16 ) ) ;
#2904 =( GEOMETRIC_REPRESENTATION_CONTEXT ( 3 ) GLOBAL_UNCERTAINTY_ASSIGNED_CONTEXT ( ( #2461 ) ) GLOBAL_UNIT_ASSIGNED_CONTEXT ( ( #1083, #2274, #534 ) ) REPRESENTATION_CONTEXT ( 'NONE', 'WORKASPACE' ) );
#2905 = DIRECTION ( 'NONE',  ( 0.000000000000000000, 0.9848077530122082424, -0.1736481776669289989 ) ) ;
#2906 = CARTESIAN_POINT ( 'NONE',  ( 2.455000000000000515, 0.5300000000000001377, 0.000000000000000000 ) ) ;
#2907 = ORIENTED_EDGE ( 'NONE', *, *, #1505, .T. ) ;
#2908 = AXIS2_PLACEMENT_3D ( 'NONE', #1493, #617, #1808 ) ;
#2909 = DIRECTION ( 'NONE',  ( -1.000000000000000000, -0.000000000000000000, -0.000000000000000000 ) ) ;
#2910 = MECHANICAL_DESIGN_GEOMETRIC_PRESENTATION_REPRESENTATION (  '', ( #983 ), #1738 ) ;
#2911 = AXIS2_PLACEMENT_3D ( 'NONE', #1693, #2871, #786 ) ;
#2912 = LINE ( 'NONE', #3465, #2298 ) ;
#2913 = SURFACE_STYLE_USAGE ( .BOTH. , #1440 ) ;
#2914 = LINE ( 'NONE', #80, #195 ) ;
#2915 = VECTOR ( 'NONE', #165, 1000.000000000000000 ) ;
#2916 = ADVANCED_FACE ( 'NONE', ( #2563 ), #1734, .T. ) ;
#2917 = LINE ( 'NONE', #4, #2803 ) ;
#2918 = VERTEX_POINT ( 'NONE', #2890 ) ;
#2919 = ORIENTED_EDGE ( 'NONE', *, *, #3080, .F. ) ;
#2920 = STYLED_ITEM ( 'NONE', ( #1006 ), #3773 ) ;
#2921 = VECTOR ( 'NONE', #1314, 1000.000000000000000 ) ;
#2922 = DIRECTION ( 'NONE',  ( 0.000000000000000000, -4.392704819632302452E-16, -1.000000000000000000 ) ) ;
#2923 = VERTEX_POINT ( 'NONE', #1383 ) ;
#2924 = EDGE_CURVE ( 'NONE', #764, #3646, #3480, .T. ) ;
#2925 = DIRECTION ( 'NONE',  ( 0.000000000000000000, 0.000000000000000000, -1.000000000000000000 ) ) ;
#2926 = ORIENTED_EDGE ( 'NONE', *, *, #2100, .T. ) ;
#2927 = CIRCLE ( 'NONE', #202, 0.6349999999999992317 ) ;
#2928 = COLOUR_RGB ( '',1.000000000000000000, 1.000000000000000000, 1.000000000000000000 ) ;
#2929 = CARTESIAN_POINT ( 'NONE',  ( -3.270000000000000462, -2.168404344971008868E-16, -2.379999999999998561 ) ) ;
#2930 = CARTESIAN_POINT ( 'NONE',  ( 2.602500000000000480, -7.410644371443013689, -2.610632298677259655 ) ) ;
#2931 = EDGE_LOOP ( 'NONE', ( #93, #3169, #1581, #2084 ) ) ;
#2932 = EDGE_CURVE ( 'NONE', #2318, #1590, #1124, .T. ) ;
#2933 = EDGE_CURVE ( 'NONE', #1724, #1656, #2912, .T. ) ;
#2934 = SURFACE_SIDE_STYLE ('',( #45 ) ) ;
#2935 = CARTESIAN_POINT ( 'NONE',  ( 0.000000000000000000, 0.000000000000000000, 1.003868991668733557 ) ) ;
#2936 = CARTESIAN_POINT ( 'NONE',  ( 2.670999999999999819, 1.099999999999999201, 3.152686667747479632 ) ) ;
#2937 = EDGE_LOOP ( 'NONE', ( #3302, #2130, #2993, #1255 ) ) ;
#2938 = CARTESIAN_POINT ( 'NONE',  ( -2.670999999999999819, -0.2299999999999999545, 4.839221914831485449 ) ) ;
#2939 = PRESENTATION_STYLE_ASSIGNMENT (( #2364 ) ) ;
#2940 = FILL_AREA_STYLE ('',( #1445 ) ) ;
#2941 = ORIENTED_EDGE ( 'NONE', *, *, #1003, .F. ) ;
#2942 = DIRECTION ( 'NONE',  ( -1.000000000000000000, 0.000000000000000000, -0.000000000000000000 ) ) ;
#2943 = VERTEX_POINT ( 'NONE', #1365 ) ;
#2944 = DIRECTION ( 'NONE',  ( 1.000000000000000000, -0.000000000000000000, 0.000000000000000000 ) ) ;
#2945 = PLANE ( 'NONE',  #1500 ) ;
#2946 = DIRECTION ( 'NONE',  ( -0.000000000000000000, -1.000000000000000000, -0.000000000000000000 ) ) ;
#2947 = DIRECTION ( 'NONE',  ( 0.000000000000000000, 0.000000000000000000, -1.000000000000000000 ) ) ;
#2948 = EDGE_CURVE ( 'NONE', #2265, #3411, #2290, .T. ) ;
#2949 = CARTESIAN_POINT ( 'NONE',  ( 2.670999999999999819, 0.3049999999999999378, 5.603868991668733202 ) ) ;
#2950 = EDGE_CURVE ( 'NONE', #745, #209, #790, .T. ) ;
#2951 = DIRECTION ( 'NONE',  ( -1.000000000000000000, -0.000000000000000000, -0.000000000000000000 ) ) ;
#2952 = PRESENTATION_STYLE_ASSIGNMENT (( #1777 ) ) ;
#2953 = LINE ( 'NONE', #307, #3463 ) ;
#2954 = DIRECTION ( 'NONE',  ( 0.000000000000000000, 1.000000000000000000, 0.000000000000000000 ) ) ;
#2955 = DIRECTION ( 'NONE',  ( 1.000000000000000000, 0.000000000000000000, 0.000000000000000000 ) ) ;
#2956 = ORIENTED_EDGE ( 'NONE', *, *, #2569, .F. ) ;
#2957 = MECHANICAL_DESIGN_GEOMETRIC_PRESENTATION_REPRESENTATION (  '', ( #1854 ), #3627 ) ;
#2958 = LINE ( 'NONE', #3289, #1906 ) ;
#2959 = LINE ( 'NONE', #1215, #2489 ) ;
#2960 = DIRECTION ( 'NONE',  ( 0.000000000000000000, 0.000000000000000000, 1.000000000000000000 ) ) ;
#2961 = AXIS2_PLACEMENT_3D ( 'NONE', #2930, #2947, #295 ) ;
#2962 = ORIENTED_EDGE ( 'NONE', *, *, #3691, .T. ) ;
#2963 = LINE ( 'NONE', #1143, #1742 ) ;
#2964 = VECTOR ( 'NONE', #1380, 1000.000000000000000 ) ;
#2965 = DIRECTION ( 'NONE',  ( 3.618172680095672944E-16, 0.000000000000000000, 1.000000000000000000 ) ) ;
#2966 = ORIENTED_EDGE ( 'NONE', *, *, #928, .F. ) ;
#2967 = EDGE_CURVE ( 'NONE', #2470, #582, #240, .T. ) ;
#2968 = EDGE_CURVE ( 'NONE', #641, #1590, #3121, .T. ) ;
#2969 = DIRECTION ( 'NONE',  ( 0.000000000000000000, -1.626303258728252509E-15, 1.000000000000000000 ) ) ;
#2970 = AXIS2_PLACEMENT_3D ( 'NONE', #116, #1857, #3026 ) ;
#2971 = STYLED_ITEM ( 'NONE', ( #1538 ), #1979 ) ;
#2972 = CARTESIAN_POINT ( 'NONE',  ( 0.000000000000000000, 2.399999999999999911, -1.881343345151182289 ) ) ;
#2973 = EDGE_LOOP ( 'NONE', ( #64, #653, #2000, #1011 ) ) ;
#2974 = LINE ( 'NONE', #330, #1926 ) ;
#2975 = ORIENTED_EDGE ( 'NONE', *, *, #2679, .T. ) ;
#2976 = FACE_OUTER_BOUND ( 'NONE', #3398, .T. ) ;
#2977 = CARTESIAN_POINT ( 'NONE',  ( -2.670999999999999819, 0.3049999999999999378, 5.603868991668734090 ) ) ;
#2978 = CARTESIAN_POINT ( 'NONE',  ( 2.670999999999999819, -0.2300000000000000100, 5.603868991668733202 ) ) ;
#2979 = MECHANICAL_DESIGN_GEOMETRIC_PRESENTATION_REPRESENTATION (  '', ( #1873 ), #1687 ) ;
#2980 = ORIENTED_EDGE ( 'NONE', *, *, #60, .T. ) ;
#2981 = ORIENTED_EDGE ( 'NONE', *, *, #2394, .T. ) ;
#2982 =( GEOMETRIC_REPRESENTATION_CONTEXT ( 3 ) GLOBAL_UNCERTAINTY_ASSIGNED_CONTEXT ( ( #3151 ) ) GLOBAL_UNIT_ASSIGNED_CONTEXT ( ( #1278, #3074, #412 ) ) REPRESENTATION_CONTEXT ( 'NONE', 'WORKASPACE' ) );
#2983 = CARTESIAN_POINT ( 'NONE',  ( 3.060027207537799221, 2.399999999999999911, 0.000000000000000000 ) ) ;
#2984 = EDGE_CURVE ( 'NONE', #1621, #2918, #2020, .T. ) ;
#2985 = LINE ( 'NONE', #1517, #1536 ) ;
#2986 = CARTESIAN_POINT ( 'NONE',  ( 1.900999999999999801, -0.2299999999999999822, 5.603868991668734090 ) ) ;
#2987 = SURFACE_STYLE_USAGE ( .BOTH. , #2126 ) ;
#2988 =( NAMED_UNIT ( * ) PLANE_ANGLE_UNIT ( ) SI_UNIT ( $, .RADIAN. ) );
#2989 = ORIENTED_EDGE ( 'NONE', *, *, #3552, .T. ) ;
#2990 = EDGE_CURVE ( 'NONE', #3027, #1098, #2258, .T. ) ;
#2991 = EDGE_CURVE ( 'NONE', #2849, #1036, #265, .T. ) ;
#2992 = DIRECTION ( 'NONE',  ( -1.000000000000000000, 0.000000000000000000, 1.324890638475158348E-16 ) ) ;
#2993 = ORIENTED_EDGE ( 'NONE', *, *, #2762, .T. ) ;
#2994 = LINE ( 'NONE', #1289, #1371 ) ;
#2995 = DIRECTION ( 'NONE',  ( -1.000000000000000000, 0.000000000000000000, -0.000000000000000000 ) ) ;
#2996 = ADVANCED_FACE ( 'NONE', ( #3766 ), #3425, .F. ) ;
#2997 = LINE ( 'NONE', #2716, #1919 ) ;
#2998 = PLANE ( 'NONE',  #2284 ) ;
#2999 = VERTEX_POINT ( 'NONE', #932 ) ;
#3000 = ORIENTED_EDGE ( 'NONE', *, *, #2487, .T. ) ;
#3001 = DIRECTION ( 'NONE',  ( -1.000000000000000000, 0.000000000000000000, 2.623329136699006147E-15 ) ) ;
#3002 = DIRECTION ( 'NONE',  ( 1.000000000000000000, -0.000000000000000000, 0.000000000000000000 ) ) ;
#3003 =( LENGTH_UNIT ( ) NAMED_UNIT ( * ) SI_UNIT ( .MILLI., .METRE. ) );
#3004 = FILL_AREA_STYLE ('',( #1521 ) ) ;
#3005 = VERTEX_POINT ( 'NONE', #1189 ) ;
#3006 = CARTESIAN_POINT ( 'NONE',  ( -1.900999999999999801, 1.634999999999998677, 3.774755297230884654 ) ) ;
#3007 = ORIENTED_EDGE ( 'NONE', *, *, #757, .F. ) ;
#3008 = CARTESIAN_POINT ( 'NONE',  ( -1.900999999999999801, 0.3050000000000000488, 3.987968801573925859 ) ) ;
#3009 = FACE_OUTER_BOUND ( 'NONE', #153, .T. ) ;
#3010 = LINE ( 'NONE', #1550, #3154 ) ;
#3011 = DIRECTION ( 'NONE',  ( 0.000000000000000000, -0.000000000000000000, -1.000000000000000000 ) ) ;
#3012 = ORIENTED_EDGE ( 'NONE', *, *, #2192, .F. ) ;
#3013 = FILL_AREA_STYLE_COLOUR ( '', #3170 ) ;
#3014 = STYLED_ITEM ( 'NONE', ( #3152 ), #399 ) ;
#3015 = EDGE_CURVE ( 'NONE', #752, #1904, #2378, .T. ) ;
#3016 = CLOSED_SHELL ( 'NONE', ( #1792, #2337, #3087, #2747, #730, #2548, #710, #1209, #2875, #253, #951, #3773, #3709, #1247, #1753, #2450, #3619, #292, #715, #2916, #59, #3086, #1021, #3365, #3687 ) ) ;
#3017 = EDGE_CURVE ( 'NONE', #88, #940, #1146, .T. ) ;
#3018 = CIRCLE ( 'NONE', #2154, 0.6349999999999992317 ) ;
#3019 = CYLINDRICAL_SURFACE ( 'NONE', #549, 0.1575735846510743499 ) ;
#3020 = FACE_OUTER_BOUND ( 'NONE', #632, .T. ) ;
#3021 = CARTESIAN_POINT ( 'NONE',  ( 0.3306339741569080393, 0.000000000000000000, -2.610632298677260543 ) ) ;
#3022 = CARTESIAN_POINT ( 'NONE',  ( -1.900999999999999801, 0.9999999999999988898, 3.774755297230884654 ) ) ;
#3023 = COLOUR_RGB ( '',1.000000000000000000, 1.000000000000000000, 1.000000000000000000 ) ;
#3024 =( LENGTH_UNIT ( ) NAMED_UNIT ( * ) SI_UNIT ( .MILLI., .METRE. ) );
#3025 = EDGE_CURVE ( 'NONE', #1941, #479, #2125, .T. ) ;
#3026 = DIRECTION ( 'NONE',  ( 0.000000000000000000, -0.000000000000000000, 1.000000000000000000 ) ) ;
#3027 = VERTEX_POINT ( 'NONE', #3278 ) ;
#3028 = SURFACE_STYLE_FILL_AREA ( #1858 ) ;
#3029 = ORIENTED_EDGE ( 'NONE', *, *, #3208, .T. ) ;
#3030 = FILL_AREA_STYLE_COLOUR ( '', #1286 ) ;
#3031 = COLOUR_RGB ( '',0.2509803921568627416, 0.2509803921568627416, 0.2509803921568627416 ) ;
#3032 = CARTESIAN_POINT ( 'NONE',  ( -0.3849999999999998979, 0.9999999999999988898, 3.987968801573925859 ) ) ;
#3033 =( NAMED_UNIT ( * ) SI_UNIT ( $, .STERADIAN. ) SOLID_ANGLE_UNIT ( ) );
#3034 = VERTEX_POINT ( 'NONE', #1518 ) ;
#3035 = DIRECTION ( 'NONE',  ( 0.000000000000000000, 0.000000000000000000, 1.000000000000000000 ) ) ;
#3036 = VECTOR ( 'NONE', #87, 1000.000000000000000 ) ;
#3037 = ORIENTED_EDGE ( 'NONE', *, *, #160, .T. ) ;
#3038 = UNCERTAINTY_MEASURE_WITH_UNIT (LENGTH_MEASURE( 1.000000000000000082E-05 ), #3769, 'distance_accuracy_value', 'NONE');
#3039 = VECTOR ( 'NONE', #3567, 1000.000000000000000 ) ;
#3040 = STYLED_ITEM ( 'NONE', ( #3203 ), #3687 ) ;
#3041 = AXIS2_PLACEMENT_3D ( 'NONE', #819, #226, #1129 ) ;
#3042 = EDGE_CURVE ( 'NONE', #1692, #2118, #3497, .T. ) ;
#3043 = EDGE_CURVE ( 'NONE', #3330, #900, #47, .T. ) ;
#3044 = VECTOR ( 'NONE', #923, 1000.000000000000000 ) ;
#3045 = CARTESIAN_POINT ( 'NONE',  ( -1.900999999999999801, 1.099999999999999201, 3.047499999999999432 ) ) ;
#3046 = CARTESIAN_POINT ( 'NONE',  ( 2.670999999999999819, 0.2947334071814998735, 4.213868991668734409 ) ) ;
#3047 = DIRECTION ( 'NONE',  ( 0.000000000000000000, 1.000000000000000000, 0.000000000000000000 ) ) ;
#3048 = ORIENTED_EDGE ( 'NONE', *, *, #3552, .F. ) ;
#3049 = ORIENTED_EDGE ( 'NONE', *, *, #2968, .T. ) ;
#3050 = CARTESIAN_POINT ( 'NONE',  ( 0.4499999999999999556, 0.000000000000000000, 0.000000000000000000 ) ) ;
#3051 = CARTESIAN_POINT ( 'NONE',  ( -3.060027207537798777, 2.400000000000000355, -2.413885230265560011 ) ) ;
#3052 = EDGE_LOOP ( 'NONE', ( #159, #2109, #31, #2029 ) ) ;
#3053 = ORIENTED_EDGE ( 'NONE', *, *, #175, .F. ) ;
#3054 = PRESENTATION_STYLE_ASSIGNMENT (( #1014 ) ) ;
#3055 = DIRECTION ( 'NONE',  ( 1.000000000000000000, -0.000000000000000000, 0.000000000000000000 ) ) ;
#3056 = PRESENTATION_STYLE_ASSIGNMENT (( #2166 ) ) ;
#3057 = ORIENTED_EDGE ( 'NONE', *, *, #1525, .T. ) ;
#3058 = ORIENTED_EDGE ( 'NONE', *, *, #2170, .T. ) ;
#3059 = DIRECTION ( 'NONE',  ( 1.000000000000000000, 0.000000000000000000, -0.000000000000000000 ) ) ;
#3060 = DIRECTION ( 'NONE',  ( 1.000000000000000000, 0.000000000000000000, 0.000000000000000000 ) ) ;
#3061 = EDGE_CURVE ( 'NONE', #1241, #1703, #2927, .T. ) ;
#3062 = CARTESIAN_POINT ( 'NONE',  ( 0.4499999999999999556, 1.634999999999998455, 3.774755297230884654 ) ) ;
#3063 = PRESENTATION_STYLE_ASSIGNMENT (( #984 ) ) ;
#3064 = EDGE_LOOP ( 'NONE', ( #2106, #708, #475, #1428 ) ) ;
#3065 = ORIENTED_EDGE ( 'NONE', *, *, #3692, .F. ) ;
#3066 = LINE ( 'NONE', #3335, #2795 ) ;
#3067 = CARTESIAN_POINT ( 'NONE',  ( -1.900999999999999801, 1.634999999999999343, 3.987968801573925859 ) ) ;
#3068 = VERTEX_POINT ( 'NONE', #2986 ) ;
#3069 = DIRECTION ( 'NONE',  ( -1.000000000000000000, 0.000000000000000000, -0.000000000000000000 ) ) ;
#3070 = FACE_OUTER_BOUND ( 'NONE', #2836, .T. ) ;
#3071 = LINE ( 'NONE', #724, #980 ) ;
#3072 = CARTESIAN_POINT ( 'NONE',  ( 2.670999999999999819, 0.2947334071814997070, 4.213868991668734409 ) ) ;
#3073 = VERTEX_POINT ( 'NONE', #1457 ) ;
#3074 =( NAMED_UNIT ( * ) PLANE_ANGLE_UNIT ( ) SI_UNIT ( $, .RADIAN. ) );
#3075 = UNCERTAINTY_MEASURE_WITH_UNIT (LENGTH_MEASURE( 1.000000000000000082E-05 ), #341, 'distance_accuracy_value', 'NONE');
#3076 = DIRECTION ( 'NONE',  ( -0.000000000000000000, -0.000000000000000000, 1.000000000000000000 ) ) ;
#3077 = EDGE_CURVE ( 'NONE', #1013, #618, #1476, .T. ) ;
#3078 = CLOSED_SHELL ( 'NONE', ( #1121, #2027, #2646, #1947, #1436, #2720, #2815, #3210, #2644, #2900, #3388, #857, #370, #2719, #2507, #562, #2996, #419, #3233, #3184, #1534, #138 ) ) ;
#3079 = DIRECTION ( 'NONE',  ( -1.000000000000000000, 0.000000000000000000, -0.000000000000000000 ) ) ;
#3080 = EDGE_CURVE ( 'NONE', #2433, #337, #3539, .T. ) ;
#3081 = CIRCLE ( 'NONE', #671, 0.1575735846510743499 ) ;
#3082 = VERTEX_POINT ( 'NONE', #1795 ) ;
#3083 = FILL_AREA_STYLE ('',( #2179 ) ) ;
#3084 = VECTOR ( 'NONE', #3786, 1000.000000000000000 ) ;
#3085 = DIRECTION ( 'NONE',  ( -1.000000000000000000, 0.000000000000000000, 0.000000000000000000 ) ) ;
#3086 = ADVANCED_FACE ( 'NONE', ( #603 ), #2063, .T. ) ;
#3087 = ADVANCED_FACE ( 'NONE', ( #2695 ), #1752, .T. ) ;
#3088 = ORIENTED_EDGE ( 'NONE', *, *, #554, .F. ) ;
#3089 = DIRECTION ( 'NONE',  ( 0.000000000000000000, 0.000000000000000000, 1.000000000000000000 ) ) ;
#3090 = PRESENTATION_LAYER_ASSIGNMENT (  '', '', ( #558 ) ) ;
#3091 = SURFACE_SIDE_STYLE ('',( #1912 ) ) ;
#3092 = VECTOR ( 'NONE', #535, 1000.000000000000000 ) ;
#3093 = LINE ( 'NONE', #409, #2536 ) ;
#3094 = LINE ( 'NONE', #2818, #3695 ) ;
#3095 = ORIENTED_EDGE ( 'NONE', *, *, #1218, .T. ) ;
#3096 = ORIENTED_EDGE ( 'NONE', *, *, #24, .T. ) ;
#3097 = VECTOR ( 'NONE', #2559, 1000.000000000000000 ) ;
#3098 = MECHANICAL_DESIGN_GEOMETRIC_PRESENTATION_REPRESENTATION (  '', ( #3520 ), #1258 ) ;
#3099 = AXIS2_PLACEMENT_3D ( 'NONE', #669, #2073, #2111 ) ;
#3100 = ORIENTED_EDGE ( 'NONE', *, *, #3109, .T. ) ;
#3101 = MECHANICAL_DESIGN_GEOMETRIC_PRESENTATION_REPRESENTATION (  '', ( #2920 ), #2427 ) ;
#3102 =( GEOMETRIC_REPRESENTATION_CONTEXT ( 3 ) GLOBAL_UNCERTAINTY_ASSIGNED_CONTEXT ( ( #1645 ) ) GLOBAL_UNIT_ASSIGNED_CONTEXT ( ( #3164, #2239, #3694 ) ) REPRESENTATION_CONTEXT ( 'NONE', 'WORKASPACE' ) );
#3103 = EDGE_LOOP ( 'NONE', ( #3390, #1423, #329, #3449 ) ) ;
#3104 = CARTESIAN_POINT ( 'NONE',  ( 0.4499999999999999556, 1.099999999999998979, 3.774755297230884654 ) ) ;
#3105 = PRESENTATION_LAYER_ASSIGNMENT (  '', '', ( #268 ) ) ;
#3106 = DIRECTION ( 'NONE',  ( -1.000000000000000000, 0.000000000000000000, 2.623329136699006147E-15 ) ) ;
#3107 = ORIENTED_EDGE ( 'NONE', *, *, #2362, .F. ) ;
#3108 = FILL_AREA_STYLE ('',( #3030 ) ) ;
#3109 = EDGE_CURVE ( 'NONE', #3130, #1109, #455, .T. ) ;
#3110 =( NAMED_UNIT ( * ) SI_UNIT ( $, .STERADIAN. ) SOLID_ANGLE_UNIT ( ) );
#3111 = CARTESIAN_POINT ( 'NONE',  ( -1.900999999999999801, 1.634999999999999343, 3.987968801573925859 ) ) ;
#3112 = VERTEX_POINT ( 'NONE', #3554 ) ;
#3113 = EDGE_LOOP ( 'NONE', ( #3570, #102, #1596, #362 ) ) ;
#3114 = UNCERTAINTY_MEASURE_WITH_UNIT (LENGTH_MEASURE( 1.000000000000000082E-05 ), #3257, 'distance_accuracy_value', 'NONE');
#3115 = EDGE_CURVE ( 'NONE', #745, #3334, #1159, .T. ) ;
#3116 = FILL_AREA_STYLE_COLOUR ( '', #1902 ) ;
#3117 = DIRECTION ( 'NONE',  ( 0.000000000000000000, -7.089559388430598042E-17, 1.000000000000000000 ) ) ;
#3118 = CARTESIAN_POINT ( 'NONE',  ( -1.900999999999999801, 1.099999999999999201, 3.047499999999999432 ) ) ;
#3119 = APPLICATION_PROTOCOL_DEFINITION ( 'draft international standard', 'automotive_design', 1998, #2571 ) ;
#3120 = VERTEX_POINT ( 'NONE', #353 ) ;
#3121 = LINE ( 'NONE', #1399, #691 ) ;
#3122 = CARTESIAN_POINT ( 'NONE',  ( -1.900999999999999801, 0.4050000000000000822, 4.839221914831485449 ) ) ;
#3123 = DIRECTION ( 'NONE',  ( 1.000000000000000000, 0.000000000000000000, -0.000000000000000000 ) ) ;
#3124 = VERTEX_POINT ( 'NONE', #619 ) ;
#3125 = ORIENTED_EDGE ( 'NONE', *, *, #2476, .F. ) ;
#3126 = LINE ( 'NONE', #2322, #2605 ) ;
#3127 =( NAMED_UNIT ( * ) SI_UNIT ( $, .STERADIAN. ) SOLID_ANGLE_UNIT ( ) );
#3128 = ORIENTED_EDGE ( 'NONE', *, *, #2065, .T. ) ;
#3129 = DIRECTION ( 'NONE',  ( 0.000000000000000000, 0.000000000000000000, -1.000000000000000000 ) ) ;
#3130 = VERTEX_POINT ( 'NONE', #2691 ) ;
#3131 = FACE_OUTER_BOUND ( 'NONE', #58, .T. ) ;
#3132 = EDGE_CURVE ( 'NONE', #3725, #745, #3800, .T. ) ;
#3133 = EDGE_CURVE ( 'NONE', #3719, #1787, #318, .T. ) ;
#3134 = LINE ( 'NONE', #2604, #3160 ) ;
#3135 = STYLED_ITEM ( 'NONE', ( #2174 ), #292 ) ;
#3136 =( LENGTH_UNIT ( ) NAMED_UNIT ( * ) SI_UNIT ( .MILLI., .METRE. ) );
#3137 = VECTOR ( 'NONE', #2685, 1000.000000000000000 ) ;
#3138 = VECTOR ( 'NONE', #460, 1000.000000000000000 ) ;
#3139 = DIRECTION ( 'NONE',  ( 1.000000000000000000, -0.000000000000000000, 0.000000000000000000 ) ) ;
#3140 = DIRECTION ( 'NONE',  ( 0.000000000000000000, -0.9961946980917461003, 0.08715574274765182372 ) ) ;
#3141 = STYLED_ITEM ( 'NONE', ( #1334 ), #1021 ) ;
#3142 = CARTESIAN_POINT ( 'NONE',  ( 2.670999999999999819, -0.2299999999999999545, 4.839221914831485449 ) ) ;
#3143 = PLANE ( 'NONE',  #1757 ) ;
#3144 = AXIS2_PLACEMENT_3D ( 'NONE', #657, #1261, #3360 ) ;
#3145 = ORIENTED_EDGE ( 'NONE', *, *, #1556, .T. ) ;
#3146 = EDGE_CURVE ( 'NONE', #450, #3626, #3294, .T. ) ;
#3147 = CARTESIAN_POINT ( 'NONE',  ( 0.000000000000000000, 2.399999999999999911, 2.933764737416307167 ) ) ;
#3148 = CARTESIAN_POINT ( 'NONE',  ( -2.670999999999999819, 0.2947334071814996515, 4.213868991668734409 ) ) ;
#3149 = AXIS2_PLACEMENT_3D ( 'NONE', #2585, #1384, #3745 ) ;
#3150 = ORIENTED_EDGE ( 'NONE', *, *, #2547, .F. ) ;
#3151 = UNCERTAINTY_MEASURE_WITH_UNIT (LENGTH_MEASURE( 1.000000000000000082E-05 ), #1278, 'distance_accuracy_value', 'NONE');
#3152 = PRESENTATION_STYLE_ASSIGNMENT (( #196 ) ) ;
#3153 = SURFACE_SIDE_STYLE ('',( #274 ) ) ;
#3154 = VECTOR ( 'NONE', #2946, 1000.000000000000000 ) ;
#3155 = ORIENTED_EDGE ( 'NONE', *, *, #207, .F. ) ;
#3156 = VECTOR ( 'NONE', #211, 1000.000000000000000 ) ;
#3157 = EDGE_CURVE ( 'NONE', #1389, #3231, #2093, .T. ) ;
#3158 = EDGE_CURVE ( 'NONE', #1931, #68, #2692, .T. ) ;
#3159 = LINE ( 'NONE', #3742, #2488 ) ;
#3160 = VECTOR ( 'NONE', #488, 1000.000000000000000 ) ;
#3161 = VECTOR ( 'NONE', #1270, 1000.000000000000000 ) ;
#3162 = VECTOR ( 'NONE', #1779, 1000.000000000000114 ) ;
#3163 = DIRECTION ( 'NONE',  ( 3.618172680095672944E-16, -0.000000000000000000, 1.000000000000000000 ) ) ;
#3164 =( LENGTH_UNIT ( ) NAMED_UNIT ( * ) SI_UNIT ( .MILLI., .METRE. ) );
#3165 =( GEOMETRIC_REPRESENTATION_CONTEXT ( 3 ) GLOBAL_UNCERTAINTY_ASSIGNED_CONTEXT ( ( #108 ) ) GLOBAL_UNIT_ASSIGNED_CONTEXT ( ( #2455, #426, #688 ) ) REPRESENTATION_CONTEXT ( 'NONE', 'WORKASPACE' ) );
#3166 = LINE ( 'NONE', #2891, #1419 ) ;
#3167 = CARTESIAN_POINT ( 'NONE',  ( 5.000431347761989297E-17, 2.349999999999999645, -2.289659551198794052 ) ) ;
#3168 = CARTESIAN_POINT ( 'NONE',  ( 0.4499999999999999556, 1.099999999999999201, 3.152686667747479632 ) ) ;
#3169 = ORIENTED_EDGE ( 'NONE', *, *, #3253, .F. ) ;
#3170 = COLOUR_RGB ( '',1.000000000000000000, 1.000000000000000000, 1.000000000000000000 ) ;
#3171 = VERTEX_POINT ( 'NONE', #2116 ) ;
#3172 = DIRECTION ( 'NONE',  ( 0.000000000000000000, -1.000000000000000000, -0.000000000000000000 ) ) ;
#3173 = ORIENTED_EDGE ( 'NONE', *, *, #3, .F. ) ;
#3174 = DIRECTION ( 'NONE',  ( 0.000000000000000000, 0.000000000000000000, 1.000000000000000000 ) ) ;
#3175 = ORIENTED_EDGE ( 'NONE', *, *, #1091, .F. ) ;
#3176 =( NAMED_UNIT ( * ) SI_UNIT ( $, .STERADIAN. ) SOLID_ANGLE_UNIT ( ) );
#3177 = VERTEX_POINT ( 'NONE', #3493 ) ;
#3178 = FACE_OUTER_BOUND ( 'NONE', #2887, .T. ) ;
#3179 = VERTEX_POINT ( 'NONE', #21 ) ;
#3180 = SURFACE_STYLE_FILL_AREA ( #2525 ) ;
#3181 = CARTESIAN_POINT ( 'NONE',  ( -0.3306339741569082058, 0.5300000000000001377, -2.453058714026184806 ) ) ;
#3182 = PRESENTATION_STYLE_ASSIGNMENT (( #815 ) ) ;
#3183 = EDGE_CURVE ( 'NONE', #2590, #1917, #3571, .T. ) ;
#3184 = ADVANCED_FACE ( 'NONE', ( #642 ), #2037, .F. ) ;
#3185 = CARTESIAN_POINT ( 'NONE',  ( -0.3306339741569082058, 0.5300000000000001377, -2.295485129375111288 ) ) ;
#3186 = EDGE_LOOP ( 'NONE', ( #922, #2975, #1284, #3587, #1041, #1487, #2698, #2076, #1514, #277, #3614, #3029 ) ) ;
#3187 = MANIFOLD_SOLID_BREP ( 'Cut-Extrude5', #2334 ) ;
#3188 = ORIENTED_EDGE ( 'NONE', *, *, #3553, .T. ) ;
#3189 = CARTESIAN_POINT ( 'NONE',  ( 0.3849999999999998979, 1.099999999999999201, 3.047499999999999432 ) ) ;
#3190 = SURFACE_STYLE_USAGE ( .BOTH. , #2680 ) ;
#3191 = EDGE_LOOP ( 'NONE', ( #1628, #2826, #2683, #3682 ) ) ;
#3192 = EDGE_LOOP ( 'NONE', ( #674, #3155, #2129, #3175 ) ) ;
#3193 = CARTESIAN_POINT ( 'NONE',  ( -0.4499999999999999556, 0.000000000000000000, 3.774755297230884654 ) ) ;
#3194 = LINE ( 'NONE', #2304, #1990 ) ;
#3195 = MANIFOLD_SOLID_BREP ( 'LPattern1[2]', #3078 ) ;
#3196 = DIRECTION ( 'NONE',  ( 0.000000000000000000, 0.000000000000000000, -1.000000000000000000 ) ) ;
#3197 = DIRECTION ( 'NONE',  ( 0.000000000000000000, 1.000000000000000000, -0.000000000000000000 ) ) ;
#3198 = ORIENTED_EDGE ( 'NONE', *, *, #1218, .F. ) ;
#3199 = PLANE ( 'NONE',  #1183 ) ;
#3200 = SURFACE_STYLE_FILL_AREA ( #2332 ) ;
#3201 = SURFACE_STYLE_USAGE ( .BOTH. , #518 ) ;
#3202 = AXIS2_PLACEMENT_3D ( 'NONE', #3045, #1817, #981 ) ;
#3203 = PRESENTATION_STYLE_ASSIGNMENT (( #3258 ) ) ;
#3204 = ORIENTED_EDGE ( 'NONE', *, *, #3650, .T. ) ;
#3205 = ORIENTED_EDGE ( 'NONE', *, *, #179, .F. ) ;
#3206 = DIRECTION ( 'NONE',  ( 0.000000000000000000, -1.000000000000000000, 0.000000000000000000 ) ) ;
#3207 =( GEOMETRIC_REPRESENTATION_CONTEXT ( 3 ) GLOBAL_UNCERTAINTY_ASSIGNED_CONTEXT ( ( #1883 ) ) GLOBAL_UNIT_ASSIGNED_CONTEXT ( ( #1208, #2393, #3580 ) ) REPRESENTATION_CONTEXT ( 'NONE', 'WORKASPACE' ) );
#3208 = EDGE_CURVE ( 'NONE', #2889, #2533, #3767, .T. ) ;
#3209 = FACE_OUTER_BOUND ( 'NONE', #555, .T. ) ;
#3210 = ADVANCED_FACE ( 'NONE', ( #145 ), #3312, .F. ) ;
#3211 = VERTEX_POINT ( 'NONE', #3329 ) ;
#3212 = PRESENTATION_STYLE_ASSIGNMENT (( #839 ) ) ;
#3213 = VECTOR ( 'NONE', #2147, 1000.000000000000000 ) ;
#3214 = LINE ( 'NONE', #563, #2465 ) ;
#3215 = DIRECTION ( 'NONE',  ( 1.000000000000000000, 0.000000000000000000, -0.000000000000000000 ) ) ;
#3216 = AXIS2_PLACEMENT_3D ( 'NONE', #270, #3791, #2049 ) ;
#3217 = CARTESIAN_POINT ( 'NONE',  ( 1.900999999999999801, 1.634999999999998899, 3.000693565013633712 ) ) ;
#3218 = ORIENTED_EDGE ( 'NONE', *, *, #2570, .F. ) ;
#3219 = DIRECTION ( 'NONE',  ( -0.000000000000000000, 0.000000000000000000, -1.000000000000000000 ) ) ;
#3220 = DIRECTION ( 'NONE',  ( -1.000000000000000000, 0.000000000000000000, 1.199835977794570052E-16 ) ) ;
#3221 = SURFACE_STYLE_FILL_AREA ( #1207 ) ;
#3222 = FILL_AREA_STYLE_COLOUR ( '', #1668 ) ;
#3223 = PRESENTATION_LAYER_ASSIGNMENT (  '', '', ( #1815 ) ) ;
#3224 = FILL_AREA_STYLE_COLOUR ( '', #3648 ) ;
#3225 = ORIENTED_EDGE ( 'NONE', *, *, #78, .T. ) ;
#3226 = SURFACE_SIDE_STYLE ('',( #3259 ) ) ;
#3227 = PRESENTATION_LAYER_ASSIGNMENT (  '', '', ( #1873 ) ) ;
#3228 = LINE ( 'NONE', #2205, #198 ) ;
#3229 = LINE ( 'NONE', #49, #2538 ) ;
#3230 = FACE_OUTER_BOUND ( 'NONE', #1522, .T. ) ;
#3231 = VERTEX_POINT ( 'NONE', #976 ) ;
#3232 = STYLED_ITEM ( 'NONE', ( #1833 ), #3087 ) ;
#3233 = ADVANCED_FACE ( 'NONE', ( #2742 ), #1587, .F. ) ;
#3234 = CARTESIAN_POINT ( 'NONE',  ( -2.735999999999999766, 0.000000000000000000, 3.774755297230884654 ) ) ;
#3235 = CARTESIAN_POINT ( 'NONE',  ( -1.900999999999999801, 0.2947334071814998735, 4.213868991668734409 ) ) ;
#3236 = CARTESIAN_POINT ( 'NONE',  ( -0.3306339741569082058, 0.5300000000000001377, -2.610632298677260099 ) ) ;
#3237 = PLANE ( 'NONE',  #2961 ) ;
#3238 = EDGE_LOOP ( 'NONE', ( #3471, #42 ) ) ;
#3239 = CARTESIAN_POINT ( 'NONE',  ( 0.000000000000000000, 0.5300000000000001377, -4.271131008331265910 ) ) ;
#3240 =( LENGTH_UNIT ( ) NAMED_UNIT ( * ) SI_UNIT ( .MILLI., .METRE. ) );
#3241 = DIRECTION ( 'NONE',  ( 0.000000000000000000, 0.9961946980917461003, -0.08715574274765180984 ) ) ;
#3242 = DIRECTION ( 'NONE',  ( 0.000000000000000000, -0.000000000000000000, 1.000000000000000000 ) ) ;
#3243 = LINE ( 'NONE', #1171, #508 ) ;
#3244 =( NAMED_UNIT ( * ) PLANE_ANGLE_UNIT ( ) SI_UNIT ( $, .RADIAN. ) );
#3245 = DIRECTION ( 'NONE',  ( 0.000000000000000000, -0.000000000000000000, 1.000000000000000000 ) ) ;
#3246 = DIRECTION ( 'NONE',  ( 3.618172680095672944E-16, 0.000000000000000000, 1.000000000000000000 ) ) ;
#3247 = FACE_OUTER_BOUND ( 'NONE', #2261, .T. ) ;
#3248 = CARTESIAN_POINT ( 'NONE',  ( 1.900999999999999801, 1.634999999999998899, 3.000693565013633712 ) ) ;
#3249 = DIRECTION ( 'NONE',  ( 0.000000000000000000, 1.000000000000000000, 0.000000000000000000 ) ) ;
#3250 = ORIENTED_EDGE ( 'NONE', *, *, #2077, .F. ) ;
#3251 = ORIENTED_EDGE ( 'NONE', *, *, #3158, .F. ) ;
#3252 = DIRECTION ( 'NONE',  ( -1.000000000000000000, -0.000000000000000000, -0.000000000000000000 ) ) ;
#3253 = EDGE_CURVE ( 'NONE', #1098, #2813, #126, .T. ) ;
#3254 = EDGE_CURVE ( 'NONE', #3311, #772, #1553, .T. ) ;
#3255 =( NAMED_UNIT ( * ) PLANE_ANGLE_UNIT ( ) SI_UNIT ( $, .RADIAN. ) );
#3256 = DIRECTION ( 'NONE',  ( 0.8660254037844384856, 0.000000000000000000, -0.5000000000000003331 ) ) ;
#3257 =( LENGTH_UNIT ( ) NAMED_UNIT ( * ) SI_UNIT ( .MILLI., .METRE. ) );
#3258 = SURFACE_STYLE_USAGE ( .BOTH. , #895 ) ;
#3259 = SURFACE_STYLE_FILL_AREA ( #210 ) ;
#3260 = SURFACE_STYLE_FILL_AREA ( #3004 ) ;
#3261 = STYLED_ITEM ( 'NONE', ( #1563 ), #59 ) ;
#3262 = DIRECTION ( 'NONE',  ( 0.000000000000000000, 0.000000000000000000, -1.000000000000000000 ) ) ;
#3263 = ORIENTED_EDGE ( 'NONE', *, *, #3435, .F. ) ;
#3264 = PRESENTATION_LAYER_ASSIGNMENT (  '', '', ( #1854 ) ) ;
#3265 = FILL_AREA_STYLE_COLOUR ( '', #3501 ) ;
#3266 = CARTESIAN_POINT ( 'NONE',  ( 2.670999999999999819, 0.4050000000000000822, 4.839221914831485449 ) ) ;
#3267 = DIRECTION ( 'NONE',  ( 1.000000000000000000, 0.000000000000000000, 0.000000000000000000 ) ) ;
#3268 = DIRECTION ( 'NONE',  ( -0.000000000000000000, 0.000000000000000000, 1.000000000000000000 ) ) ;
#3269 = EDGE_LOOP ( 'NONE', ( #2534, #2491, #1845, #1889 ) ) ;
#3270 = CARTESIAN_POINT ( 'NONE',  ( 0.000000000000000000, 2.349999999999999645, -1.881343345151182289 ) ) ;
#3271 = VERTEX_POINT ( 'NONE', #2504 ) ;
#3272 = AXIS2_PLACEMENT_3D ( 'NONE', #3470, #2955, #859 ) ;
#3273 = LINE ( 'NONE', #2062, #1497 ) ;
#3274 = VECTOR ( 'NONE', #3592, 1000.000000000000000 ) ;
#3275 = EDGE_CURVE ( 'NONE', #184, #125, #1681, .T. ) ;
#3276 = ADVANCED_FACE ( 'NONE', ( #1054 ), #822, .T. ) ;
#3277 = PLANE ( 'NONE',  #3202 ) ;
#3278 = CARTESIAN_POINT ( 'NONE',  ( -0.3306339741569080393, 0.000000000000000000, -2.295485129375110400 ) ) ;
#3279 = CARTESIAN_POINT ( 'NONE',  ( 2.735999999999999766, 0.000000000000000000, 0.000000000000000000 ) ) ;
#3280 = ORIENTED_EDGE ( 'NONE', *, *, #648, .T. ) ;
#3281 = EDGE_CURVE ( 'NONE', #310, #167, #1405, .T. ) ;
#3282 = ORIENTED_EDGE ( 'NONE', *, *, #696, .T. ) ;
#3283 = CIRCLE ( 'NONE', #1372, 0.6349999999999992317 ) ;
#3284 = DIRECTION ( 'NONE',  ( -1.000000000000000000, -0.000000000000000000, -0.000000000000000000 ) ) ;
#3285 = ORIENTED_EDGE ( 'NONE', *, *, #2948, .T. ) ;
#3286 = ORIENTED_EDGE ( 'NONE', *, *, #1942, .F. ) ;
#3287 =( GEOMETRIC_REPRESENTATION_CONTEXT ( 3 ) GLOBAL_UNCERTAINTY_ASSIGNED_CONTEXT ( ( #1848 ) ) GLOBAL_UNIT_ASSIGNED_CONTEXT ( ( #1716, #1737, #2649 ) ) REPRESENTATION_CONTEXT ( 'NONE', 'WORKASPACE' ) );
#3288 = VECTOR ( 'NONE', #2544, 1000.000000000000000 ) ;
#3289 = CARTESIAN_POINT ( 'NONE',  ( 2.670999999999999819, 1.017364817766691854, 4.086449576875147649 ) ) ;
#3290 = LINE ( 'NONE', #2659, #875 ) ;
#3291 = LINE ( 'NONE', #55, #1549 ) ;
#3292 = LINE ( 'NONE', #124, #974 ) ;
#3293 = ORIENTED_EDGE ( 'NONE', *, *, #1266, .F. ) ;
#3294 = LINE ( 'NONE', #2330, #332 ) ;
#3295 = ORIENTED_EDGE ( 'NONE', *, *, #78, .F. ) ;
#3296 = CIRCLE ( 'NONE', #2117, 0.4083162060476116517 ) ;
#3297 = DIRECTION ( 'NONE',  ( -0.000000000000000000, 4.392704819632302452E-16, 1.000000000000000000 ) ) ;
#3298 = SURFACE_SIDE_STYLE ('',( #2412 ) ) ;
#3299 = PRESENTATION_STYLE_ASSIGNMENT (( #2987 ) ) ;
#3300 = ADVANCED_FACE ( 'NONE', ( #3753 ), #1112, .T. ) ;
#3301 = FILL_AREA_STYLE_COLOUR ( '', #934 ) ;
#3302 = ORIENTED_EDGE ( 'NONE', *, *, #2540, .F. ) ;
#3303 = FACE_OUTER_BOUND ( 'NONE', #1279, .T. ) ;
#3304 = EDGE_CURVE ( 'NONE', #539, #2560, #290, .T. ) ;
#3305 = EDGE_CURVE ( 'NONE', #331, #2516, #1509, .T. ) ;
#3306 = CARTESIAN_POINT ( 'NONE',  ( -3.127902626259507102, 1.624180413938989487, -2.391392081605986153 ) ) ;
#3307 = FACE_OUTER_BOUND ( 'NONE', #2471, .T. ) ;
#3308 = CARTESIAN_POINT ( 'NONE',  ( -3.270000000000000462, 2.400000000000000355, -3.047500000000000320 ) ) ;
#3309 = LINE ( 'NONE', #91, #1236 ) ;
#3310 = CARTESIAN_POINT ( 'NONE',  ( 0.4499999999999999556, 1.099999999999999423, 0.000000000000000000 ) ) ;
#3311 = VERTEX_POINT ( 'NONE', #3793 ) ;
#3312 = CYLINDRICAL_SURFACE ( 'NONE', #682, 0.1000000000000002554 ) ;
#3313 = ORIENTED_EDGE ( 'NONE', *, *, #179, .T. ) ;
#3314 = CARTESIAN_POINT ( 'NONE',  ( 0.3306339741569082058, 0.5300000000000001377, -2.453058714026187026 ) ) ;
#3315 = ADVANCED_FACE ( 'NONE', ( #899 ), #581, .F. ) ;
#3316 = DIRECTION ( 'NONE',  ( 0.000000000000000000, 1.000000000000000000, 0.000000000000000000 ) ) ;
#3317 = LINE ( 'NONE', #2751, #506 ) ;
#3318 = ADVANCED_FACE ( 'NONE', ( #37 ), #2697, .F. ) ;
#3319 =( LENGTH_UNIT ( ) NAMED_UNIT ( * ) SI_UNIT ( .MILLI., .METRE. ) );
#3320 = ORIENTED_EDGE ( 'NONE', *, *, #1069, .F. ) ;
#3321 = LINE ( 'NONE', #3336, #2542 ) ;
#3322 = ORIENTED_EDGE ( 'NONE', *, *, #328, .T. ) ;
#3323 =( NAMED_UNIT ( * ) PLANE_ANGLE_UNIT ( ) SI_UNIT ( $, .RADIAN. ) );
#3324 = EDGE_CURVE ( 'NONE', #2690, #3027, #1447, .T. ) ;
#3325 = DIRECTION ( 'NONE',  ( 0.000000000000000000, 0.9848077530122075762, -0.1736481776669323573 ) ) ;
#3326 = LINE ( 'NONE', #2978, #2603 ) ;
#3327 = FILL_AREA_STYLE ('',( #3593 ) ) ;
#3328 = ORIENTED_EDGE ( 'NONE', *, *, #1709, .T. ) ;
#3329 = CARTESIAN_POINT ( 'NONE',  ( 2.670999999999999819, 1.099999999999998979, 3.987968801573925859 ) ) ;
#3330 = VERTEX_POINT ( 'NONE', #1488 ) ;
#3331 =( NAMED_UNIT ( * ) SI_UNIT ( $, .STERADIAN. ) SOLID_ANGLE_UNIT ( ) );
#3332 = DIRECTION ( 'NONE',  ( 0.000000000000000000, 0.000000000000000000, 1.000000000000000000 ) ) ;
#3333 = SURFACE_SIDE_STYLE ('',( #1283 ) ) ;
#3334 = VERTEX_POINT ( 'NONE', #1213 ) ;
#3335 = CARTESIAN_POINT ( 'NONE',  ( -2.454999999999999183, 0.5300000000000001377, 1.003868991668733779 ) ) ;
#3336 = CARTESIAN_POINT ( 'NONE',  ( 1.900999999999999801, 1.099999999999999201, 3.047499999999999432 ) ) ;
#3337 = VERTEX_POINT ( 'NONE', #3777 ) ;
#3338 = LINE ( 'NONE', #1859, #2841 ) ;
#3339 =( NAMED_UNIT ( * ) PLANE_ANGLE_UNIT ( ) SI_UNIT ( $, .RADIAN. ) );
#3340 = CARTESIAN_POINT ( 'NONE',  ( -2.454999999999999183, 0.5300000000000001377, 1.003868991668733557 ) ) ;
#3341 = VERTEX_POINT ( 'NONE', #1803 ) ;
#3342 = EDGE_CURVE ( 'NONE', #733, #946, #568, .T. ) ;
#3343 = PRESENTATION_STYLE_ASSIGNMENT (( #2203 ) ) ;
#3344 = AXIS2_PLACEMENT_3D ( 'NONE', #1765, #884, #2618 ) ;
#3345 = VECTOR ( 'NONE', #835, 1000.000000000000000 ) ;
#3346 = DIRECTION ( 'NONE',  ( 0.000000000000000000, 1.000000000000000000, 0.000000000000000000 ) ) ;
#3347 = PRESENTATION_LAYER_ASSIGNMENT (  '', '', ( #1872 ) ) ;
#3348 = MECHANICAL_DESIGN_GEOMETRIC_PRESENTATION_REPRESENTATION (  '', ( #1377 ), #687 ) ;
#3349 = EDGE_CURVE ( 'NONE', #68, #1931, #3296, .T. ) ;
#3350 = MECHANICAL_DESIGN_GEOMETRIC_PRESENTATION_REPRESENTATION (  '', ( #1190 ), #1622 ) ;
#3351 = DIRECTION ( 'NONE',  ( 0.000000000000000000, 0.000000000000000000, -1.000000000000000000 ) ) ;
#3352 = PLANE ( 'NONE',  #2289 ) ;
#3353 = SURFACE_STYLE_USAGE ( .BOTH. , #3635 ) ;
#3354 = ORIENTED_EDGE ( 'NONE', *, *, #1698, .T. ) ;
#3355 =( BOUNDED_CURVE ( )  B_SPLINE_CURVE ( 3, ( #1256, #1580, #3306, #3051 ),
 .UNSPECIFIED., .F., .T. ) 
 B_SPLINE_CURVE_WITH_KNOTS ( ( 4, 4 ),
 ( 4.712388980384689674, 5.032388369999459599 ),
 .UNSPECIFIED. ) 
 CURVE ( )  GEOMETRIC_REPRESENTATION_ITEM ( )  RATIONAL_B_SPLINE_CURVE ( ( 1.000000000000000000, 0.9914848879988806818, 0.9914848879988806818, 1.000000000000000000 ) ) 
 REPRESENTATION_ITEM ( '' )  );
#3356 = FACE_OUTER_BOUND ( 'NONE', #1824, .T. ) ;
#3357 = VERTEX_POINT ( 'NONE', #3488 ) ;
#3358 = CARTESIAN_POINT ( 'NONE',  ( -1.900999999999999801, 1.099999999999998979, 3.987968801573925859 ) ) ;
#3359 = LINE ( 'NONE', #2200, #791 ) ;
#3360 = DIRECTION ( 'NONE',  ( 0.000000000000000000, 0.000000000000000000, 1.000000000000000000 ) ) ;
#3361 = ORIENTED_EDGE ( 'NONE', *, *, #3183, .F. ) ;
#3362 = SURFACE_STYLE_FILL_AREA ( #1571 ) ;
#3363 = ORIENTED_EDGE ( 'NONE', *, *, #1577, .F. ) ;
#3364 = EDGE_CURVE ( 'NONE', #3357, #752, #2051, .T. ) ;
#3365 = ADVANCED_FACE ( 'NONE', ( #50 ), #1196, .T. ) ;
#3366 = FACE_OUTER_BOUND ( 'NONE', #1231, .T. ) ;
#3367 = CARTESIAN_POINT ( 'NONE',  ( 5.000431347761988065E-17, 2.349999999999999645, -2.289659551198794052 ) ) ;
#3368 = DIRECTION ( 'NONE',  ( 1.000000000000000000, 0.000000000000000000, 0.000000000000000000 ) ) ;
#3369 = PLANE ( 'NONE',  #81 ) ;
#3370 = DIRECTION ( 'NONE',  ( 1.000000000000000000, 0.000000000000000000, -2.623329136699006147E-15 ) ) ;
#3371 = DIRECTION ( 'NONE',  ( 0.000000000000000000, 0.000000000000000000, -1.000000000000000000 ) ) ;
#3372 = DIRECTION ( 'NONE',  ( -0.9961946980917461003, -0.08715574274765146290, 0.000000000000000000 ) ) ;
#3373 =( LENGTH_UNIT ( ) NAMED_UNIT ( * ) SI_UNIT ( .MILLI., .METRE. ) );
#3374 = ORIENTED_EDGE ( 'NONE', *, *, #3660, .F. ) ;
#3375 = ORIENTED_EDGE ( 'NONE', *, *, #676, .T. ) ;
#3376 = UNCERTAINTY_MEASURE_WITH_UNIT (LENGTH_MEASURE( 1.000000000000000082E-05 ), #650, 'distance_accuracy_value', 'NONE');
#3377 = VECTOR ( 'NONE', #2019, 1000.000000000000227 ) ;
#3378 = VECTOR ( 'NONE', #381, 1000.000000000000000 ) ;
#3379 = VECTOR ( 'NONE', #3246, 1000.000000000000000 ) ;
#3380 = COLOUR_RGB ( '',0.2509803921568627416, 0.2509803921568627416, 0.2509803921568627416 ) ;
#3381 = EDGE_CURVE ( 'NONE', #3034, #2308, #2974, .T. ) ;
#3382 = EDGE_CURVE ( 'NONE', #834, #2798, #119, .T. ) ;
#3383 = ORIENTED_EDGE ( 'NONE', *, *, #161, .F. ) ;
#3384 = CARTESIAN_POINT ( 'NONE',  ( 0.3306339741569082058, 0.000000000000000000, -2.453058714026187026 ) ) ;
#3385 = CARTESIAN_POINT ( 'NONE',  ( -1.900999999999999801, 0.9999999999999988898, 3.987968801573925859 ) ) ;
#3386 = VECTOR ( 'NONE', #897, 1000.000000000000000 ) ;
#3387 = PRESENTATION_STYLE_ASSIGNMENT (( #990 ) ) ;
#3388 = ADVANCED_FACE ( 'NONE', ( #1890 ), #2755, .F. ) ;
#3389 = LINE ( 'NONE', #1930, #2749 ) ;
#3390 = ORIENTED_EDGE ( 'NONE', *, *, #2876, .T. ) ;
#3391 = COLOUR_RGB ( '',1.000000000000000000, 1.000000000000000000, 1.000000000000000000 ) ;
#3392 = DIRECTION ( 'NONE',  ( 1.000000000000000000, 0.000000000000000000, 0.000000000000000000 ) ) ;
#3393 = FILL_AREA_STYLE_COLOUR ( '', #263 ) ;
#3394 =( GEOMETRIC_REPRESENTATION_CONTEXT ( 3 ) GLOBAL_UNCERTAINTY_ASSIGNED_CONTEXT ( ( #3376 ) ) GLOBAL_UNIT_ASSIGNED_CONTEXT ( ( #650, #3244, #2342 ) ) REPRESENTATION_CONTEXT ( 'NONE', 'WORKASPACE' ) );
#3395 = DIRECTION ( 'NONE',  ( 1.000000000000000000, 0.000000000000000000, 0.000000000000000000 ) ) ;
#3396 = DIRECTION ( 'NONE',  ( -3.618172680095672944E-16, 0.000000000000000000, -1.000000000000000000 ) ) ;
#3397 = ORIENTED_EDGE ( 'NONE', *, *, #2241, .T. ) ;
#3398 = EDGE_LOOP ( 'NONE', ( #273, #484, #924, #2367 ) ) ;
#3399 = VECTOR ( 'NONE', #2407, 1000.000000000000000 ) ;
#3400 =( BOUNDED_CURVE ( )  B_SPLINE_CURVE ( 3, ( #1137, #2326, #3490, #841 ),
 .UNSPECIFIED., .F., .T. ) 
 B_SPLINE_CURVE_WITH_KNOTS ( ( 4, 4 ),
 ( 1.250796937180127077, 1.570796326794896780 ),
 .UNSPECIFIED. ) 
 CURVE ( )  GEOMETRIC_REPRESENTATION_ITEM ( )  RATIONAL_B_SPLINE_CURVE ( ( 1.000000000000000000, 0.9914848879988806818, 0.9914848879988806818, 1.000000000000000000 ) ) 
 REPRESENTATION_ITEM ( '' )  );
#3401 = SURFACE_STYLE_FILL_AREA ( #2046 ) ;
#3402 = STYLED_ITEM ( 'NONE', ( #478 ), #3619 ) ;
#3403 = AXIS2_PLACEMENT_3D ( 'NONE', #2432, #3047, #2413 ) ;
#3404 = DIRECTION ( 'NONE',  ( -0.000000000000000000, -1.000000000000000000, -0.000000000000000000 ) ) ;
#3405 = VECTOR ( 'NONE', #2951, 1000.000000000000000 ) ;
#3406 = ORIENTED_EDGE ( 'NONE', *, *, #848, .F. ) ;
#3407 = DIRECTION ( 'NONE',  ( -1.000000000000000000, -0.000000000000000000, -0.000000000000000000 ) ) ;
#3408 = DIRECTION ( 'NONE',  ( 0.000000000000000000, -2.305663240866751243E-16, 1.000000000000000000 ) ) ;
#3409 = VECTOR ( 'NONE', #2861, 1000.000000000000000 ) ;
#3410 = CARTESIAN_POINT ( 'NONE',  ( 0.3306339741569082058, -7.410644371443013689, -2.295485129375112177 ) ) ;
#3411 = VERTEX_POINT ( 'NONE', #2418 ) ;
#3412 = VERTEX_POINT ( 'NONE', #3006 ) ;
#3413 = CARTESIAN_POINT ( 'NONE',  ( -0.3306339741569082058, 0.000000000000000000, -2.453058714026184806 ) ) ;
#3414 = EDGE_CURVE ( 'NONE', #1335, #1306, #3355, .T. ) ;
#3415 = DIRECTION ( 'NONE',  ( 0.000000000000000000, 0.000000000000000000, -1.000000000000000000 ) ) ;
#3416 = DIRECTION ( 'NONE',  ( 1.000000000000000000, 0.000000000000000000, -0.000000000000000000 ) ) ;
#3417 = ORIENTED_EDGE ( 'NONE', *, *, #2101, .F. ) ;
#3418 = EDGE_LOOP ( 'NONE', ( #396, #2067, #2878, #2044 ) ) ;
#3419 = ORIENTED_EDGE ( 'NONE', *, *, #2520, .F. ) ;
#3420 = LINE ( 'NONE', #1708, #3097 ) ;
#3421 = ORIENTED_EDGE ( 'NONE', *, *, #948, .T. ) ;
#3422 = LINE ( 'NONE', #2195, #569 ) ;
#3423 = EDGE_CURVE ( 'NONE', #3177, #1350, #2994, .T. ) ;
#3424 = LINE ( 'NONE', #2288, #723 ) ;
#3425 = PLANE ( 'NONE',  #2376 ) ;
#3426 = PLANE ( 'NONE',  #436 ) ;
#3427 = CARTESIAN_POINT ( 'NONE',  ( 0.3306339741569082058, 0.5300000000000001377, -2.610632298677260543 ) ) ;
#3428 = ORIENTED_EDGE ( 'NONE', *, *, #281, .F. ) ;
#3429 = ORIENTED_EDGE ( 'NONE', *, *, #757, .T. ) ;
#3430 = DIRECTION ( 'NONE',  ( 0.000000000000000000, 0.000000000000000000, -1.000000000000000000 ) ) ;
#3431 = LINE ( 'NONE', #3666, #1294 ) ;
#3432 = ORIENTED_EDGE ( 'NONE', *, *, #3714, .F. ) ;
#3433 = ORIENTED_EDGE ( 'NONE', *, *, #1145, .T. ) ;
#3434 = EDGE_CURVE ( 'NONE', #429, #3034, #1273, .T. ) ;
#3435 = EDGE_CURVE ( 'NONE', #1013, #331, #3620, .T. ) ;
#3436 = ORIENTED_EDGE ( 'NONE', *, *, #936, .T. ) ;
#3437 = ORIENTED_EDGE ( 'NONE', *, *, #1480, .F. ) ;
#3438 = DIRECTION ( 'NONE',  ( 0.000000000000000000, 1.000000000000000000, 0.000000000000000000 ) ) ;
#3439 = DIRECTION ( 'NONE',  ( 0.000000000000000000, -1.000000000000000000, -0.000000000000000000 ) ) ;
#3440 = VECTOR ( 'NONE', #2402, 1000.000000000000000 ) ;
#3441 = FACE_OUTER_BOUND ( 'NONE', #2566, .T. ) ;
#3442 = CARTESIAN_POINT ( 'NONE',  ( 1.900999999999999801, 1.634999999999998899, 3.987968801573925859 ) ) ;
#3443 = ORIENTED_EDGE ( 'NONE', *, *, #316, .T. ) ;
#3444 = AXIS2_PLACEMENT_3D ( 'NONE', #1915, #1391, #2572 ) ;
#3445 = ORIENTED_EDGE ( 'NONE', *, *, #917, .F. ) ;
#3446 = DIRECTION ( 'NONE',  ( 1.000000000000000000, -0.000000000000000000, 0.000000000000000000 ) ) ;
#3447 = COLOUR_RGB ( '',1.000000000000000000, 1.000000000000000000, 1.000000000000000000 ) ;
#3448 = EDGE_LOOP ( 'NONE', ( #1325, #3088, #1318, #913 ) ) ;
#3449 = ORIENTED_EDGE ( 'NONE', *, *, #3342, .F. ) ;
#3450 = UNCERTAINTY_MEASURE_WITH_UNIT (LENGTH_MEASURE( 1.000000000000000082E-05 ), #1852, 'distance_accuracy_value', 'NONE');
#3451 = DIRECTION ( 'NONE',  ( 0.000000000000000000, -4.392704819632302452E-16, -1.000000000000000000 ) ) ;
#3452 = FACE_OUTER_BOUND ( 'NONE', #2197, .T. ) ;
#3453 = VECTOR ( 'NONE', #774, 1000.000000000000000 ) ;
#3454 = EDGE_CURVE ( 'NONE', #1874, #2264, #968, .T. ) ;
#3455 = CARTESIAN_POINT ( 'NONE',  ( 0.3849999999999998979, 0.9999999999999988898, 3.774755297230884654 ) ) ;
#3456 = ORIENTED_EDGE ( 'NONE', *, *, #737, .F. ) ;
#3457 = VECTOR ( 'NONE', #1070, 1000.000000000000000 ) ;
#3458 = CARTESIAN_POINT ( 'NONE',  ( -0.3849999999999998979, 1.634999999999999343, 3.987968801573925859 ) ) ;
#3459 = VECTOR ( 'NONE', #2287, 1000.000000000000000 ) ;
#3460 = EDGE_CURVE ( 'NONE', #1354, #132, #2735, .T. ) ;
#3461 = EDGE_CURVE ( 'NONE', #1700, #2318, #363, .T. ) ;
#3462 = COLOUR_RGB ( '',0.2509803921568627416, 0.2509803921568627416, 0.2509803921568627416 ) ;
#3463 = VECTOR ( 'NONE', #2652, 1000.000000000000000 ) ;
#3464 = LINE ( 'NONE', #3104, #3628 ) ;
#3465 = CARTESIAN_POINT ( 'NONE',  ( 2.670999999999999819, -0.2300000000000000655, 4.839221914831485449 ) ) ;
#3466 = CARTESIAN_POINT ( 'NONE',  ( -1.835999999999999854, 1.099999999999999423, 3.774755297230884654 ) ) ;
#3467 = LINE ( 'NONE', #2083, #387 ) ;
#3468 = ORIENTED_EDGE ( 'NONE', *, *, #965, .T. ) ;
#3469 = ORIENTED_EDGE ( 'NONE', *, *, #52, .F. ) ;
#3470 = CARTESIAN_POINT ( 'NONE',  ( -2.670999999999999819, 0.9999999999999988898, 3.987968801573925859 ) ) ;
#3471 = ORIENTED_EDGE ( 'NONE', *, *, #3349, .T. ) ;
#3472 = DIRECTION ( 'NONE',  ( 1.000000000000000000, 0.000000000000000000, 0.000000000000000000 ) ) ;
#3473 = CARTESIAN_POINT ( 'NONE',  ( -1.000000000000000000, -7.410644371443013689, -4.271131008331265910 ) ) ;
#3474 = DIRECTION ( 'NONE',  ( 0.5000000000000003331, -0.000000000000000000, 0.8660254037844384856 ) ) ;
#3475 = LINE ( 'NONE', #596, #1667 ) ;
#3476 = EDGE_CURVE ( 'NONE', #2744, #1406, #422, .T. ) ;
#3477 = DIRECTION ( 'NONE',  ( 0.000000000000000000, 1.000000000000000000, 0.000000000000000000 ) ) ;
#3478 = EDGE_CURVE ( 'NONE', #3330, #818, #2142, .T. ) ;
#3479 = DIRECTION ( 'NONE',  ( 0.000000000000000000, 1.417911877686119608E-16, -1.000000000000000000 ) ) ;
#3480 = LINE ( 'NONE', #829, #2490 ) ;
#3481 = PLANE ( 'NONE',  #3149 ) ;
#3482 = CARTESIAN_POINT ( 'NONE',  ( -1.835999999999999854, 1.099999999999999201, 3.152686667747479632 ) ) ;
#3483 = DIRECTION ( 'NONE',  ( 0.8660254037844381525, 0.000000000000000000, 0.5000000000000007772 ) ) ;
#3484 = ORIENTED_EDGE ( 'NONE', *, *, #3254, .T. ) ;
#3485 = CARTESIAN_POINT ( 'NONE',  ( 2.455000000000000515, 0.5300000000000001377, -2.610632298677259655 ) ) ;
#3486 = PLANE ( 'NONE',  #2224 ) ;
#3487 = ORIENTED_EDGE ( 'NONE', *, *, #160, .F. ) ;
#3488 = CARTESIAN_POINT ( 'NONE',  ( 2.602500000000000480, 0.000000000000000000, -2.610632298677259655 ) ) ;
#3489 = ORIENTED_EDGE ( 'NONE', *, *, #2569, .T. ) ;
#3490 = CARTESIAN_POINT ( 'NONE',  ( 3.198494656120896451, 0.8173098204651507714, -2.380000000000002114 ) ) ;
#3491 = CARTESIAN_POINT ( 'NONE',  ( 0.3849999999999998979, 1.099999999999999201, 3.047499999999999432 ) ) ;
#3492 = ORIENTED_EDGE ( 'NONE', *, *, #1480, .T. ) ;
#3493 = CARTESIAN_POINT ( 'NONE',  ( -0.3849999999999998979, 1.634999999999998899, 3.152686667747479632 ) ) ;
#3494 = VECTOR ( 'NONE', #647, 1000.000000000000000 ) ;
#3495 = DIRECTION ( 'NONE',  ( -1.000000000000000000, 0.000000000000000000, -0.000000000000000000 ) ) ;
#3496 =( NAMED_UNIT ( * ) SI_UNIT ( $, .STERADIAN. ) SOLID_ANGLE_UNIT ( ) );
#3497 = LINE ( 'NONE', #893, #2863 ) ;
#3498 = FACE_OUTER_BOUND ( 'NONE', #3596, .T. ) ;
#3499 = ORIENTED_EDGE ( 'NONE', *, *, #1022, .T. ) ;
#3500 = LINE ( 'NONE', #1740, #1561 ) ;
#3501 = COLOUR_RGB ( '',0.2509803921568627416, 0.2509803921568627416, 0.2509803921568627416 ) ;
#3502 = FACE_OUTER_BOUND ( 'NONE', #469, .T. ) ;
#3503 = CARTESIAN_POINT ( 'NONE',  ( 2.670999999999999819, -0.2300000000000000100, 4.839221914831485449 ) ) ;
#3504 = PLANE ( 'NONE',  #3216 ) ;
#3505 = VERTEX_POINT ( 'NONE', #992 ) ;
#3506 = DIRECTION ( 'NONE',  ( -1.199835977794570052E-16, 0.000000000000000000, -1.000000000000000000 ) ) ;
#3507 = EDGE_LOOP ( 'NONE', ( #2325, #1599, #1722, #969 ) ) ;
#3508 = VECTOR ( 'NONE', #3268, 1000.000000000000000 ) ;
#3509 = CARTESIAN_POINT ( 'NONE',  ( 1.900999999999999801, 1.099999999999998979, 3.774755297230884654 ) ) ;
#3510 = STYLED_ITEM ( 'NONE', ( #3543 ), #1209 ) ;
#3511 = ORIENTED_EDGE ( 'NONE', *, *, #515, .T. ) ;
#3512 = DIRECTION ( 'NONE',  ( -0.000000000000000000, 2.305663240866751243E-16, -1.000000000000000000 ) ) ;
#3513 = MECHANICAL_DESIGN_GEOMETRIC_PRESENTATION_REPRESENTATION (  '', ( #1359 ), #2672 ) ;
#3514 = DIRECTION ( 'NONE',  ( 0.000000000000000000, 0.000000000000000000, -1.000000000000000000 ) ) ;
#3515 = CIRCLE ( 'NONE', #797, 0.4083162060476116517 ) ;
#3516 = CARTESIAN_POINT ( 'NONE',  ( 1.900999999999999801, 0.3050000000000000488, 4.839221914831485449 ) ) ;
#3517 = AXIS2_PLACEMENT_3D ( 'NONE', #3122, #186, #792 ) ;
#3518 = SURFACE_STYLE_USAGE ( .BOTH. , #3298 ) ;
#3519 = CARTESIAN_POINT ( 'NONE',  ( 2.735999999999999766, 1.099999999999999201, 3.152686667747479632 ) ) ;
#3520 = STYLED_ITEM ( 'NONE', ( #1309 ), #3540 ) ;
#3521 = PRESENTATION_LAYER_ASSIGNMENT (  '', '', ( #2054 ) ) ;
#3522 = SURFACE_SIDE_STYLE ('',( #2357 ) ) ;
#3523 = ORIENTED_EDGE ( 'NONE', *, *, #3043, .T. ) ;
#3524 = ORIENTED_EDGE ( 'NONE', *, *, #2933, .F. ) ;
#3525 = VECTOR ( 'NONE', #2314, 999.9999999999998863 ) ;
#3526 = CARTESIAN_POINT ( 'NONE',  ( 1.000000000000000222, 0.5300000000000001377, -4.271131008331266798 ) ) ;
#3527 = FILL_AREA_STYLE_COLOUR ( '', #865 ) ;
#3528 = LINE ( 'NONE', #2365, #1733 ) ;
#3529 = EDGE_LOOP ( 'NONE', ( #2435, #76, #3541, #3225 ) ) ;
#3530 =( NAMED_UNIT ( * ) PLANE_ANGLE_UNIT ( ) SI_UNIT ( $, .RADIAN. ) );
#3531 = EDGE_CURVE ( 'NONE', #2516, #372, #3321, .T. ) ;
#3532 = LINE ( 'NONE', #615, #849 ) ;
#3533 = CARTESIAN_POINT ( 'NONE',  ( 2.670999999999999819, 1.634999999999999343, 3.987968801573925859 ) ) ;
#3534 = DIRECTION ( 'NONE',  ( -1.000000000000000000, 0.000000000000000000, -0.000000000000000000 ) ) ;
#3535 = DIRECTION ( 'NONE',  ( 1.000000000000000000, 0.000000000000000000, -2.623329136699006147E-15 ) ) ;
#3536 = ORIENTED_EDGE ( 'NONE', *, *, #3603, .T. ) ;
#3537 = CARTESIAN_POINT ( 'NONE',  ( -3.270000000000000462, 0.2645964107199655913, -3.024350813652355807 ) ) ;
#3538 = DIRECTION ( 'NONE',  ( -1.000000000000000000, -0.000000000000000000, -0.000000000000000000 ) ) ;
#3539 = LINE ( 'NONE', #2081, #1379 ) ;
#3540 = ADVANCED_FACE ( 'NONE', ( #3356 ), #666, .F. ) ;
#3541 = ORIENTED_EDGE ( 'NONE', *, *, #3597, .F. ) ;
#3542 = FACE_OUTER_BOUND ( 'NONE', #3238, .T. ) ;
#3543 = PRESENTATION_STYLE_ASSIGNMENT (( #3190 ) ) ;
#3544 = ORIENTED_EDGE ( 'NONE', *, *, #1557, .F. ) ;
#3545 = CARTESIAN_POINT ( 'NONE',  ( 2.602500000000000480, 0.5300000000000001377, -2.610632298677259655 ) ) ;
#3546 = VERTEX_POINT ( 'NONE', #1620 ) ;
#3547 = DIRECTION ( 'NONE',  ( 0.000000000000000000, -0.9848077530122081313, 0.1736481776669301647 ) ) ;
#3548 = PLANE ( 'NONE',  #1812 ) ;
#3549 = LINE ( 'NONE', #72, #732 ) ;
#3550 = CARTESIAN_POINT ( 'NONE',  ( 0.3849999999999998979, 1.634999999999998899, 3.857499999999999929 ) ) ;
#3551 = ORIENTED_EDGE ( 'NONE', *, *, #2409, .T. ) ;
#3552 = EDGE_CURVE ( 'NONE', #2308, #1430, #1986, .T. ) ;
#3553 = EDGE_CURVE ( 'NONE', #2433, #2323, #1637, .T. ) ;
#3554 = CARTESIAN_POINT ( 'NONE',  ( 1.900999999999999801, 0.2947334071814996515, 4.213868991668734409 ) ) ;
#3555 = ORIENTED_EDGE ( 'NONE', *, *, #3732, .T. ) ;
#3556 = DIRECTION ( 'NONE',  ( 0.000000000000000000, 0.000000000000000000, -1.000000000000000000 ) ) ;
#3557 = LINE ( 'NONE', #1774, #169 ) ;
#3558 = FILL_AREA_STYLE ('',( #1478 ) ) ;
#3559 = ORIENTED_EDGE ( 'NONE', *, *, #644, .F. ) ;
#3560 = DIRECTION ( 'NONE',  ( 0.000000000000000000, -2.305663240866751243E-16, 1.000000000000000000 ) ) ;
#3561 = MECHANICAL_DESIGN_GEOMETRIC_PRESENTATION_REPRESENTATION (  '', ( #3261 ), #2467 ) ;
#3562 = ORIENTED_EDGE ( 'NONE', *, *, #2128, .F. ) ;
#3563 = CARTESIAN_POINT ( 'NONE',  ( 2.670999999999999819, 1.099999999999998979, 3.774755297230884654 ) ) ;
#3564 = ORIENTED_EDGE ( 'NONE', *, *, #3434, .T. ) ;
#3565 = AXIS2_PLACEMENT_3D ( 'NONE', #1767, #2944, #1154 ) ;
#3566 = SURFACE_STYLE_FILL_AREA ( #53 ) ;
#3567 = DIRECTION ( 'NONE',  ( 0.000000000000000000, 0.000000000000000000, -1.000000000000000000 ) ) ;
#3568 = DIRECTION ( 'NONE',  ( 0.000000000000000000, 1.000000000000000000, -0.000000000000000000 ) ) ;
#3569 = AXIS2_PLACEMENT_3D ( 'NONE', #2075, #3249, #2960 ) ;
#3570 = ORIENTED_EDGE ( 'NONE', *, *, #3132, .T. ) ;
#3571 = LINE ( 'NONE', #3782, #3044 ) ;
#3572 = ORIENTED_EDGE ( 'NONE', *, *, #2968, .F. ) ;
#3573 = MECHANICAL_DESIGN_GEOMETRIC_PRESENTATION_REPRESENTATION (  '', ( #3748 ), #1037 ) ;
#3574 = ADVANCED_FACE ( 'NONE', ( #1047 ), #3143, .T. ) ;
#3575 = LINE ( 'NONE', #3239, #2539 ) ;
#3576 = VECTOR ( 'NONE', #1690, 1000.000000000000000 ) ;
#3577 = FACE_OUTER_BOUND ( 'NONE', #2973, .T. ) ;
#3578 = EDGE_CURVE ( 'NONE', #95, #2744, #1678, .T. ) ;
#3579 = FILL_AREA_STYLE_COLOUR ( '', #38 ) ;
#3580 =( NAMED_UNIT ( * ) SI_UNIT ( $, .STERADIAN. ) SOLID_ANGLE_UNIT ( ) );
#3581 = FACE_OUTER_BOUND ( 'NONE', #120, .T. ) ;
#3582 = COLOUR_RGB ( '',1.000000000000000000, 1.000000000000000000, 1.000000000000000000 ) ;
#3583 = FACE_OUTER_BOUND ( 'NONE', #463, .T. ) ;
#3584 = ORIENTED_EDGE ( 'NONE', *, *, #3691, .F. ) ;
#3585 = AXIS2_PLACEMENT_3D ( 'NONE', #3685, #2505, #1059 ) ;
#3586 = SURFACE_STYLE_FILL_AREA ( #2069 ) ;
#3587 = ORIENTED_EDGE ( 'NONE', *, *, #52, .T. ) ;
#3588 = ORIENTED_EDGE ( 'NONE', *, *, #1713, .T. ) ;
#3589 = AXIS2_PLACEMENT_3D ( 'NONE', #3717, #3430, #497 ) ;
#3590 = LINE ( 'NONE', #583, #3137 ) ;
#3591 = CYLINDRICAL_SURFACE ( 'NONE', #511, 0.6350000000000001199 ) ;
#3592 = DIRECTION ( 'NONE',  ( -1.000000000000000000, -0.000000000000000000, -0.000000000000000000 ) ) ;
#3593 = FILL_AREA_STYLE_COLOUR ( '', #3380 ) ;
#3594 = VECTOR ( 'NONE', #3512, 1000.000000000000000 ) ;
#3595 = ORIENTED_EDGE ( 'NONE', *, *, #3042, .T. ) ;
#3596 = EDGE_LOOP ( 'NONE', ( #1948, #3375, #880, #3536 ) ) ;
#3597 = EDGE_CURVE ( 'NONE', #559, #182, #3389, .T. ) ;
#3598 = AXIS2_PLACEMENT_3D ( 'NONE', #94, #801, #3174 ) ;
#3599 = EDGE_CURVE ( 'NONE', #188, #3626, #1329, .T. ) ;
#3600 = DIRECTION ( 'NONE',  ( 0.000000000000000000, 0.000000000000000000, 1.000000000000000000 ) ) ;
#3601 = PLANE ( 'NONE',  #986 ) ;
#3602 = SURFACE_SIDE_STYLE ('',( #1539 ) ) ;
#3603 = EDGE_CURVE ( 'NONE', #3608, #3657, #3747, .T. ) ;
#3604 = LINE ( 'NONE', #401, #1750 ) ;
#3605 = PLANE ( 'NONE',  #1842 ) ;
#3606 = DIRECTION ( 'NONE',  ( 0.000000000000000000, 0.000000000000000000, 1.000000000000000000 ) ) ;
#3607 = CARTESIAN_POINT ( 'NONE',  ( -1.900999999999999801, 1.099999999999998979, 3.774755297230884654 ) ) ;
#3608 = VERTEX_POINT ( 'NONE', #462 ) ;
#3609 = DIRECTION ( 'NONE',  ( 1.000000000000000000, 0.000000000000000000, 0.000000000000000000 ) ) ;
#3610 = LINE ( 'NONE', #16, #2293 ) ;
#3611 = DIRECTION ( 'NONE',  ( 0.000000000000000000, 1.000000000000000000, 0.000000000000000000 ) ) ;
#3612 = FACE_OUTER_BOUND ( 'NONE', #975, .T. ) ;
#3613 = VERTEX_POINT ( 'NONE', #2877 ) ;
#3614 = ORIENTED_EDGE ( 'NONE', *, *, #348, .T. ) ;
#3615 = UNCERTAINTY_MEASURE_WITH_UNIT (LENGTH_MEASURE( 1.000000000000000082E-05 ), #1885, 'distance_accuracy_value', 'NONE');
#3616 = FACE_OUTER_BOUND ( 'NONE', #225, .T. ) ;
#3617 = FILL_AREA_STYLE_COLOUR ( '', #1375 ) ;
#3618 = PLANE ( 'NONE',  #1851 ) ;
#3619 = ADVANCED_FACE ( 'NONE', ( #2528 ), #1085, .F. ) ;
#3620 = LINE ( 'NONE', #2183, #2743 ) ;
#3621 = VERTEX_POINT ( 'NONE', #3442 ) ;
#3622 = PLANE ( 'NONE',  #1597 ) ;
#3623 = EDGE_CURVE ( 'NONE', #1724, #1991, #1433, .T. ) ;
#3624 = ORIENTED_EDGE ( 'NONE', *, *, #737, .T. ) ;
#3625 = CARTESIAN_POINT ( 'NONE',  ( -1.900999999999999801, 0.4050000000000000822, 4.839221914831485449 ) ) ;
#3626 = VERTEX_POINT ( 'NONE', #3185 ) ;
#3627 =( GEOMETRIC_REPRESENTATION_CONTEXT ( 3 ) GLOBAL_UNCERTAINTY_ASSIGNED_CONTEXT ( ( #2266 ) ) GLOBAL_UNIT_ASSIGNED_CONTEXT ( ( #121, #2773, #1567 ) ) REPRESENTATION_CONTEXT ( 'NONE', 'WORKASPACE' ) );
#3628 = VECTOR ( 'NONE', #1695, 1000.000000000000000 ) ;
#3629 = DIRECTION ( 'NONE',  ( 0.000000000000000000, 0.000000000000000000, 1.000000000000000000 ) ) ;
#3630 = MECHANICAL_DESIGN_GEOMETRIC_PRESENTATION_REPRESENTATION (  '', ( #1602 ), #2157 ) ;
#3631 = VECTOR ( 'NONE', #1139, 1000.000000000000000 ) ;
#3632 = LINE ( 'NONE', #2535, #722 ) ;
#3633 = FACE_OUTER_BOUND ( 'NONE', #7, .T. ) ;
#3634 = DIRECTION ( 'NONE',  ( 0.000000000000000000, -1.000000000000000000, -0.000000000000000000 ) ) ;
#3635 = SURFACE_SIDE_STYLE ('',( #2469 ) ) ;
#3636 = ORIENTED_EDGE ( 'NONE', *, *, #1385, .F. ) ;
#3637 = LINE ( 'NONE', #115, #2212 ) ;
#3638 = CIRCLE ( 'NONE', #2908, 0.1000000000000002554 ) ;
#3639 = SURFACE_STYLE_FILL_AREA ( #1287 ) ;
#3640 = CARTESIAN_POINT ( 'NONE',  ( 1.802500000000000435, -7.410644371443013689, -4.271131008331266798 ) ) ;
#3641 = CARTESIAN_POINT ( 'NONE',  ( 2.602499999999999591, -1.928172848251942818E-14, -3.047500000000002096 ) ) ;
#3642 = CARTESIAN_POINT ( 'NONE',  ( 0.4499999999999999556, 1.634999999999998455, 3.774755297230884654 ) ) ;
#3643 = COLOUR_RGB ( '',1.000000000000000000, 1.000000000000000000, 1.000000000000000000 ) ;
#3644 = CARTESIAN_POINT ( 'NONE',  ( -1.900999999999999801, 0.3876351822333074515, 4.740741139530263659 ) ) ;
#3645 = LINE ( 'NONE', #921, #306 ) ;
#3646 = VERTEX_POINT ( 'NONE', #304 ) ;
#3647 = DIRECTION ( 'NONE',  ( -1.000000000000000000, -0.000000000000000000, -0.000000000000000000 ) ) ;
#3648 = COLOUR_RGB ( '',1.000000000000000000, 1.000000000000000000, 1.000000000000000000 ) ;
#3649 = ORIENTED_EDGE ( 'NONE', *, *, #2701, .F. ) ;
#3650 = EDGE_CURVE ( 'NONE', #1036, #2896, #1235, .T. ) ;
#3651 = ADVANCED_FACE ( 'NONE', ( #1149 ), #2632, .F. ) ;
#3652 = CARTESIAN_POINT ( 'NONE',  ( -2.454999999999999183, -7.410644371443013689, 1.003868991668734001 ) ) ;
#3653 = AXIS2_PLACEMENT_3D ( 'NONE', #2163, #1879, #2500 ) ;
#3654 = MECHANICAL_DESIGN_GEOMETRIC_PRESENTATION_REPRESENTATION (  '', ( #2811 ), #2982 ) ;
#3655 = PLANE ( 'NONE',  #2363 ) ;
#3656 = CARTESIAN_POINT ( 'NONE',  ( -1.900999999999999801, 1.099999999999999201, 3.152686667747479632 ) ) ;
#3657 = VERTEX_POINT ( 'NONE', #833 ) ;
#3658 = DIRECTION ( 'NONE',  ( 1.000000000000000000, 0.000000000000000000, -1.199835977794569805E-16 ) ) ;
#3659 = DIRECTION ( 'NONE',  ( 0.000000000000000000, -0.000000000000000000, -1.000000000000000000 ) ) ;
#3660 = EDGE_CURVE ( 'NONE', #3613, #137, #3467, .T. ) ;
#3661 = FILL_AREA_STYLE_COLOUR ( '', #2108 ) ;
#3662 = ORIENTED_EDGE ( 'NONE', *, *, #649, .T. ) ;
#3663 = DIRECTION ( 'NONE',  ( -0.000000000000000000, -1.000000000000000000, -0.000000000000000000 ) ) ;
#3664 = ORIENTED_EDGE ( 'NONE', *, *, #2211, .F. ) ;
#3665 = SURFACE_SIDE_STYLE ('',( #2245 ) ) ;
#3666 = CARTESIAN_POINT ( 'NONE',  ( 1.835999999999999854, 1.099999999999999201, 3.152686667747479632 ) ) ;
#3667 = VERTEX_POINT ( 'NONE', #1761 ) ;
#3668 = ORIENTED_EDGE ( 'NONE', *, *, #3423, .F. ) ;
#3669 = EDGE_CURVE ( 'NONE', #2590, #2555, #874, .T. ) ;
#3670 = EDGE_CURVE ( 'NONE', #1460, #3334, #3788, .T. ) ;
#3671 = SURFACE_STYLE_USAGE ( .BOTH. , #1268 ) ;
#3672 = EDGE_CURVE ( 'NONE', #1192, #1882, #2612, .T. ) ;
#3673 =( NAMED_UNIT ( * ) PLANE_ANGLE_UNIT ( ) SI_UNIT ( $, .RADIAN. ) );
#3674 = ORIENTED_EDGE ( 'NONE', *, *, #648, .F. ) ;
#3675 = DIRECTION ( 'NONE',  ( -1.000000000000000000, -0.000000000000000000, -0.000000000000000000 ) ) ;
#3676 = CARTESIAN_POINT ( 'NONE',  ( -2.636385230265559709, 2.400000000000000355, -2.837527207537798635 ) ) ;
#3677 = DIRECTION ( 'NONE',  ( 0.000000000000000000, 0.000000000000000000, 1.000000000000000000 ) ) ;
#3678 = CARTESIAN_POINT ( 'NONE',  ( 1.000000000000000222, 0.000000000000000000, -4.271131008331265910 ) ) ;
#3679 = ORIENTED_EDGE ( 'NONE', *, *, #928, .T. ) ;
#3680 = CARTESIAN_POINT ( 'NONE',  ( -2.454999999999999183, 0.5300000000000001377, -2.610632298677259655 ) ) ;
#3681 = DIRECTION ( 'NONE',  ( 3.618172680095672944E-16, 0.000000000000000000, 1.000000000000000000 ) ) ;
#3682 = ORIENTED_EDGE ( 'NONE', *, *, #3324, .T. ) ;
#3683 = ORIENTED_EDGE ( 'NONE', *, *, #1719, .F. ) ;
#3684 = UNCERTAINTY_MEASURE_WITH_UNIT (LENGTH_MEASURE( 1.000000000000000082E-05 ), #3373, 'distance_accuracy_value', 'NONE');
#3685 = CARTESIAN_POINT ( 'NONE',  ( 3.270000000000000462, 0.000000000000000000, -3.047500000000003872 ) ) ;
#3686 = DIRECTION ( 'NONE',  ( 0.000000000000000000, 0.000000000000000000, 1.000000000000000000 ) ) ;
#3687 = ADVANCED_FACE ( 'NONE', ( #2338 ), #2675, .F. ) ;
#3688 = DIRECTION ( 'NONE',  ( -1.000000000000000000, -0.000000000000000000, -0.000000000000000000 ) ) ;
#3689 = PRESENTATION_LAYER_ASSIGNMENT (  '', '', ( #3141 ) ) ;
#3690 = ORIENTED_EDGE ( 'NONE', *, *, #2101, .T. ) ;
#3691 = EDGE_CURVE ( 'NONE', #3120, #539, #589, .T. ) ;
#3692 = EDGE_CURVE ( 'NONE', #2761, #1829, #2917, .T. ) ;
#3693 = LINE ( 'NONE', #163, #1094 ) ;
#3694 =( NAMED_UNIT ( * ) SI_UNIT ( $, .STERADIAN. ) SOLID_ANGLE_UNIT ( ) );
#3695 = VECTOR ( 'NONE', #155, 999.9999999999998863 ) ;
#3696 = SURFACE_SIDE_STYLE ('',( #2240 ) ) ;
#3697 = ORIENTED_EDGE ( 'NONE', *, *, #2699, .T. ) ;
#3698 = VECTOR ( 'NONE', #1827, 1000.000000000000000 ) ;
#3699 = ORIENTED_EDGE ( 'NONE', *, *, #117, .T. ) ;
#3700 = AXIS2_PLACEMENT_3D ( 'NONE', #135, #1308, #2473 ) ;
#3701 = LINE ( 'NONE', #1035, #2789 ) ;
#3702 = ORIENTED_EDGE ( 'NONE', *, *, #1713, .F. ) ;
#3703 = VERTEX_POINT ( 'NONE', #816 ) ;
#3704 = AXIS2_PLACEMENT_3D ( 'NONE', #1871, #3688, #750 ) ;
#3705 = VECTOR ( 'NONE', #3060, 1000.000000000000000 ) ;
#3706 = ADVANCED_FACE ( 'NONE', ( #2023 ), #854, .F. ) ;
#3707 =( GEOMETRIC_REPRESENTATION_CONTEXT ( 3 ) GLOBAL_UNCERTAINTY_ASSIGNED_CONTEXT ( ( #1056 ) ) GLOBAL_UNIT_ASSIGNED_CONTEXT ( ( #3710, #3673, #788 ) ) REPRESENTATION_CONTEXT ( 'NONE', 'WORKASPACE' ) );
#3708 = MECHANICAL_DESIGN_GEOMETRIC_PRESENTATION_REPRESENTATION (  '', ( #2121 ), #3165 ) ;
#3709 = ADVANCED_FACE ( 'NONE', ( #1520 ), #912, .F. ) ;
#3710 =( LENGTH_UNIT ( ) NAMED_UNIT ( * ) SI_UNIT ( .MILLI., .METRE. ) );
#3711 = ORIENTED_EDGE ( 'NONE', *, *, #3414, .T. ) ;
#3712 = PLANE ( 'NONE',  #1364 ) ;
#3713 = EDGE_CURVE ( 'NONE', #3073, #3337, #3604, .T. ) ;
#3714 = EDGE_CURVE ( 'NONE', #566, #1109, #3317, .T. ) ;
#3715 = EDGE_LOOP ( 'NONE', ( #2253, #2167, #2360, #3096 ) ) ;
#3716 = ORIENTED_EDGE ( 'NONE', *, *, #1243, .T. ) ;
#3717 = CARTESIAN_POINT ( 'NONE',  ( 0.4499999999999999556, 1.634999999999998455, 3.774755297230884654 ) ) ;
#3718 = DIRECTION ( 'NONE',  ( 1.000000000000000000, 0.000000000000000000, 0.000000000000000000 ) ) ;
#3719 = VERTEX_POINT ( 'NONE', #3021 ) ;
#3720 = ORIENTED_EDGE ( 'NONE', *, *, #1773, .T. ) ;
#3721 =( NAMED_UNIT ( * ) PLANE_ANGLE_UNIT ( ) SI_UNIT ( $, .RADIAN. ) );
#3722 = LINE ( 'NONE', #233, #2792 ) ;
#3723 = VERTEX_POINT ( 'NONE', #379 ) ;
#3724 = FACE_OUTER_BOUND ( 'NONE', #2502, .T. ) ;
#3725 = VERTEX_POINT ( 'NONE', #99 ) ;
#3726 = DIRECTION ( 'NONE',  ( 0.000000000000000000, 0.000000000000000000, 1.000000000000000000 ) ) ;
#3727 = FACE_OUTER_BOUND ( 'NONE', #1601, .T. ) ;
#3728 = CARTESIAN_POINT ( 'NONE',  ( -2.670999999999999819, 1.099999999999999201, 3.047499999999999432 ) ) ;
#3729 = PRESENTATION_STYLE_ASSIGNMENT (( #2913 ) ) ;
#3730 =( NAMED_UNIT ( * ) SI_UNIT ( $, .STERADIAN. ) SOLID_ANGLE_UNIT ( ) );
#3731 = ORIENTED_EDGE ( 'NONE', *, *, #2932, .F. ) ;
#3732 = EDGE_CURVE ( 'NONE', #2319, #3657, #2768, .T. ) ;
#3733 = EDGE_LOOP ( 'NONE', ( #1227, #2864, #1763, #2460, #344, #1586, #692, #1336, #2824, #3555, #1295, #3436 ) ) ;
#3734 = LINE ( 'NONE', #798, #2676 ) ;
#3735 = PLANE ( 'NONE',  #1974 ) ;
#3736 = ORIENTED_EDGE ( 'NONE', *, *, #1386, .T. ) ;
#3737 = ORIENTED_EDGE ( 'NONE', *, *, #1269, .F. ) ;
#3738 = CYLINDRICAL_SURFACE ( 'NONE', #128, 0.6349999999999992317 ) ;
#3739 = CARTESIAN_POINT ( 'NONE',  ( -0.3306339741569082058, 0.5300000000000001377, -2.453058714026184806 ) ) ;
#3740 = PLANE ( 'NONE',  #1861 ) ;
#3741 = ORIENTED_EDGE ( 'NONE', *, *, #3364, .T. ) ;
#3742 = CARTESIAN_POINT ( 'NONE',  ( 2.670999999999999819, 1.099999999999999201, 3.987968801573925859 ) ) ;
#3743 = LINE ( 'NONE', #1102, #177 ) ;
#3744 = CARTESIAN_POINT ( 'NONE',  ( -1.900999999999999801, 1.099999999999999201, 3.047499999999999432 ) ) ;
#3745 = DIRECTION ( 'NONE',  ( 0.000000000000000000, -0.9961946980917461003, -0.08715574274765153229 ) ) ;
#3746 = DIRECTION ( 'NONE',  ( 0.000000000000000000, 0.000000000000000000, 1.000000000000000000 ) ) ;
#3747 = LINE ( 'NONE', #2513, #2424 ) ;
#3748 = STYLED_ITEM ( 'NONE', ( #3729 ), #1247 ) ;
#3749 = ORIENTED_EDGE ( 'NONE', *, *, #2267, .F. ) ;
#3750 = CARTESIAN_POINT ( 'NONE',  ( -1.900999999999999801, 1.110266592818500486, 4.613321724736676011 ) ) ;
#3751 = CIRCLE ( 'NONE', #2164, 0.6350000000000001199 ) ;
#3752 = ORIENTED_EDGE ( 'NONE', *, *, #2313, .F. ) ;
#3753 = FACE_OUTER_BOUND ( 'NONE', #2770, .T. ) ;
#3754 = ORIENTED_EDGE ( 'NONE', *, *, #487, .F. ) ;
#3755 = UNCERTAINTY_MEASURE_WITH_UNIT (LENGTH_MEASURE( 1.000000000000000082E-05 ), #345, 'distance_accuracy_value', 'NONE');
#3756 = LINE ( 'NONE', #2884, #1415 ) ;
#3757 = AXIS2_PLACEMENT_3D ( 'NONE', #1636, #2829, #950 ) ;
#3758 = FACE_OUTER_BOUND ( 'NONE', #219, .T. ) ;
#3759 = CARTESIAN_POINT ( 'NONE',  ( 0.000000000000000000, 2.399999999999999911, -2.837527207537799079 ) ) ;
#3760 = EDGE_CURVE ( 'NONE', #3657, #231, #48, .T. ) ;
#3761 = CIRCLE ( 'NONE', #439, 0.1000000000000002554 ) ;
#3762 = LINE ( 'NONE', #2271, #322 ) ;
#3763 = PRESENTATION_LAYER_ASSIGNMENT (  '', '', ( #3520 ) ) ;
#3764 = VECTOR ( 'NONE', #3117, 1000.000000000000000 ) ;
#3765 = AXIS2_PLACEMENT_3D ( 'NONE', #3385, #1346, #3606 ) ;
#3766 = FACE_OUTER_BOUND ( 'NONE', #171, .T. ) ;
#3767 = CIRCLE ( 'NONE', #2061, 0.6350000000000001199 ) ;
#3768 = DIRECTION ( 'NONE',  ( 0.000000000000000000, -4.392704819632302452E-16, -1.000000000000000000 ) ) ;
#3769 =( LENGTH_UNIT ( ) NAMED_UNIT ( * ) SI_UNIT ( .MILLI., .METRE. ) );
#3770 = CARTESIAN_POINT ( 'NONE',  ( 0.000000000000000000, 0.000000000000000000, 0.000000000000000000 ) ) ;
#3771 = COLOUR_RGB ( '',0.2509803921568627416, 0.2509803921568627416, 0.2509803921568627416 ) ;
#3772 = ORIENTED_EDGE ( 'NONE', *, *, #3146, .F. ) ;
#3773 = ADVANCED_FACE ( 'NONE', ( #3581 ), #113, .F. ) ;
#3774 = DIRECTION ( 'NONE',  ( 1.000000000000000000, 0.000000000000000000, 0.000000000000000000 ) ) ;
#3775 = SURFACE_STYLE_FILL_AREA ( #1485 ) ;
#3776 = VERTEX_POINT ( 'NONE', #1961 ) ;
#3777 = CARTESIAN_POINT ( 'NONE',  ( -2.454999999999999627, 0.000000000000000000, -2.610632298677259211 ) ) ;
#3778 = ORIENTED_EDGE ( 'NONE', *, *, #1598, .T. ) ;
#3779 = PLANE ( 'NONE',  #261 ) ;
#3780 = CARTESIAN_POINT ( 'NONE',  ( -1.835999999999999854, 1.634999999999998455, 3.774755297230884654 ) ) ;
#3781 = ORIENTED_EDGE ( 'NONE', *, *, #810, .F. ) ;
#3782 = CARTESIAN_POINT ( 'NONE',  ( 2.670999999999999819, 0.3050000000000000488, 4.839221914831485449 ) ) ;
#3783 = EDGE_CURVE ( 'NONE', #184, #188, #1672, .T. ) ;
#3784 = ADVANCED_FACE ( 'NONE', ( #2541, #2509 ), #2561, .F. ) ;
#3785 = DIRECTION ( 'NONE',  ( -1.000000000000000000, -0.000000000000000000, 0.000000000000000000 ) ) ;
#3786 = DIRECTION ( 'NONE',  ( -1.000000000000000000, 0.000000000000000000, -0.000000000000000000 ) ) ;
#3787 = CARTESIAN_POINT ( 'NONE',  ( -0.3306339741569082058, 0.5300000000000001377, -2.453058714026184806 ) ) ;
#3788 = LINE ( 'NONE', #2936, #2120 ) ;
#3789 = ORIENTED_EDGE ( 'NONE', *, *, #1669, .F. ) ;
#3790 = CARTESIAN_POINT ( 'NONE',  ( 2.670999999999999819, 1.110266592818500042, 4.613321724736676011 ) ) ;
#3791 = DIRECTION ( 'NONE',  ( 1.000000000000000000, 0.000000000000000000, -3.618172680095672944E-16 ) ) ;
#3792 = VERTEX_POINT ( 'NONE', #183 ) ;
#3793 = CARTESIAN_POINT ( 'NONE',  ( 0.4499999999999999556, 1.099999999999999423, 3.152686667747479632 ) ) ;
#3794 = ORIENTED_EDGE ( 'NONE', *, *, #2410, .T. ) ;
#3795 = DIRECTION ( 'NONE',  ( 0.000000000000000000, 1.000000000000000000, 0.000000000000000000 ) ) ;
#3796 = CARTESIAN_POINT ( 'NONE',  ( 2.670999999999999819, 1.634999999999999343, 3.774755297230884654 ) ) ;
#3797 = DIRECTION ( 'NONE',  ( 1.000000000000000000, -0.000000000000000000, 0.000000000000000000 ) ) ;
#3798 = LINE ( 'NONE', #2035, #2098 ) ;
#3799 = ORIENTED_EDGE ( 'NONE', *, *, #1899, .F. ) ;
#3800 = LINE ( 'NONE', #2351, #3594 ) ;
#3801 = DIRECTION ( 'NONE',  ( 1.000000000000000000, 0.000000000000000000, 0.000000000000000000 ) ) ;
#3802 = EDGE_CURVE ( 'NONE', #1960, #2999, #3422, .T. ) ;
ENDSEC;
END-ISO-10303-21;
